--Customer sample data

insert into Customer values ('254870850','Mr','Jim','Johnson', '9562112850567302','1-sep-2017','Main', 'Pittsburgh', 'PA', '6528546063', 'Jim.Johnson@gmail.com', NULL);
insert into Customer values ('884082467','Mrs','John','Smith', '9804881302246557','1-sep-2018','Church', 'New York', 'NY', '9202256052', 'John.Smith@gmail.com', NULL);
insert into Customer values ('155134771','Ms','Janet','Jones', '7423267364453571','1-sep-2019','Washington', 'Boston', 'MA', '9050963513', 'Janet.Jones@gmail.com', NULL);
insert into Customer values ('131946187','Mr','Greg','Hardy', '5245306415317414','1-sep-2017','Jefferson', 'Chicago', 'IL', '2240298026', 'Greg.Hardy@gmail.com', NULL);
insert into Customer values ('637004878','Mrs','James','Ward', '1859797146309749','1-sep-2018','Fifth', 'Pittsburgh', 'PA', '4347127772', 'James.Ward@gmail.com', NULL);
insert into Customer values ('306539898','Ms','Bill','Johnston', '7705806379482853','1-sep-2019','Forbes', 'New York', 'NY', '3411706479', 'Bill.Johnston@gmail.com', NULL);
insert into Customer values ('584121437','Mr','William','Sullivan', '6386050324171296','1-sep-2017','Main', 'Boston', 'MA', '6784920211', 'William.Sullivan@gmail.com', NULL);
insert into Customer values ('798650926','Mrs','Albert','Crosby', '7827886517200525','1-sep-2018','Church', 'Chicago', 'IL', '3625545418', 'Albert.Crosby@gmail.com', NULL);
insert into Customer values ('828571779','Ms','Jacob','Malkin', '8192323907621211','1-sep-2019','Washington', 'Pittsburgh', 'PA', '7190105864', 'Jacob.Malkin@gmail.com', NULL);
insert into Customer values ('432825526','Mr','Marge','Peters', '7268357205511633','1-sep-2017','Jefferson', 'New York', 'NY', '6210728844', 'Marge.Peters@gmail.com', NULL);
insert into Customer values ('140246495','Mrs','Anita','Palmer', '9708183868321493','1-sep-2018','Fifth', 'Boston', 'MA', '8855717744', 'Anita.Palmer@gmail.com', NULL);
insert into Customer values ('366172163','Ms','Rachel','Woods', '4508325791653430','1-sep-2019','Forbes', 'Chicago', 'IL', '3456374503', 'Rachel.Woods@gmail.com', NULL);
insert into Customer values ('811863488','Mr','Ashley','Nicholson', '2866740194031081','1-sep-2017','Main', 'Pittsburgh', 'PA', '8780507295', 'Ashley.Nicholson@gmail.com', NULL);
insert into Customer values ('112223438','Mrs','Tammy','Bates', '4607267781204325','1-sep-2018','Church', 'New York', 'NY', '8365730060', 'Tammy.Bates@gmail.com', NULL);
insert into Customer values ('232726758','Ms','Paul','Williams', '1093463778205084','1-sep-2019','Washington', 'Boston', 'MA', '2046161626', 'Paul.Williams@gmail.com', NULL);
insert into Customer values ('811167037','Mr','Justin','Taylor', '3193633749658801','1-sep-2017','Jefferson', 'Chicago', 'IL', '8463789114', 'Justin.Taylor@gmail.com', NULL);
insert into Customer values ('381584776','Mrs','Frank','Burns', '3941891736026838','1-sep-2018','Fifth', 'Pittsburgh', 'PA', '2582311904', 'Frank.Burns@gmail.com', NULL);
insert into Customer values ('420718019','Ms','Eric','Brown', '8743518386113104','1-sep-2019','Forbes', 'New York', 'NY', '3210190178', 'Eric.Brown@gmail.com', NULL);
insert into Customer values ('256770149','Mr','Bryce','Miller', '5243750088898456','1-sep-2017','Main', 'Boston', 'MA', '9505797777', 'Bryce.Miller@gmail.com', NULL);
insert into Customer values ('763939184','Mrs','Adam','Davis', '3654890676471361','1-sep-2018','Church', 'Chicago', 'IL', '7092530543', 'Adam.Davis@gmail.com', NULL);
insert into Customer values ('938799003','Ms','Jenna','Jackson', '2765030737365904','1-sep-2019','Washington', 'Pittsburgh', 'PA', '4036948228', 'Jenna.Jackson@gmail.com', NULL);
insert into Customer values ('666043931','Mr','Abby','Thompson', '1960360106068977','1-sep-2017','Jefferson', 'New York', 'NY', '4462576442', 'Abby.Thompson@gmail.com', NULL);
insert into Customer values ('468945118','Mrs','Jesse','Johnson', '9444617204655148','1-sep-2018','Fifth', 'Boston', 'MA', '5079791998', 'Jesse.Johnson@gmail.com', NULL);
insert into Customer values ('302738603','Ms','Jessica','Smith', '3406814279245731','1-sep-2019','Forbes', 'Chicago', 'IL', '6941957692', 'Jessica.Smith@gmail.com', NULL);
insert into Customer values ('881402888','Mr','Allison','Jones', '3939670499607601','1-sep-2017','Main', 'Pittsburgh', 'PA', '1814662066', 'Allison.Jones@gmail.com', NULL);
insert into Customer values ('531784770','Mrs','Ally','Hardy', '8866133842195568','1-sep-2018','Church', 'New York', 'NY', '3327157557', 'Ally.Hardy@gmail.com', NULL);
insert into Customer values ('408947863','Ms','Lauren','Ward', '9278161141426262','1-sep-2019','Washington', 'Boston', 'MA', '8959669033', 'Lauren.Ward@gmail.com', NULL);
insert into Customer values ('416893372','Mr','Lindsay','Johnston', '7002874733684332','1-sep-2017','Jefferson', 'Chicago', 'IL', '5763322839', 'Lindsay.Johnston@gmail.com', NULL);
insert into Customer values ('369449587','Mrs','Jim','Sullivan', '7255330979279901','1-sep-2018','Fifth', 'Pittsburgh', 'PA', '9296508045', 'Jim.Sullivan@gmail.com', NULL);
insert into Customer values ('437859558','Ms','John','Crosby', '6312842728278466','1-sep-2019','Forbes', 'New York', 'NY', '9395428552', 'John.Crosby@gmail.com', NULL);
insert into Customer values ('356317376','Mr','Janet','Malkin', '3451245042126384','1-sep-2017','Main', 'Boston', 'MA', '2927094637', 'Janet.Malkin@gmail.com', NULL);
insert into Customer values ('171541901','Mrs','Greg','Peters', '5177652054657865','1-sep-2018','Church', 'Chicago', 'IL', '3698596435', 'Greg.Peters@gmail.com', NULL);
insert into Customer values ('461248345','Ms','James','Palmer', '1221290767024480','1-sep-2019','Washington', 'Pittsburgh', 'PA', '3091208802', 'James.Palmer@gmail.com', NULL);
insert into Customer values ('522282795','Mr','Bill','Woods', '8614787443322688','1-sep-2017','Jefferson', 'New York', 'NY', '9840844240', 'Bill.Woods@gmail.com', NULL);
insert into Customer values ('651724614','Mrs','William','Nicholson', '7574912806905999','1-sep-2018','Fifth', 'Boston', 'MA', '1376652527', 'William.Nicholson@gmail.com', NULL);
insert into Customer values ('632780302','Ms','Albert','Bates', '8200990694169371','1-sep-2019','Forbes', 'Chicago', 'IL', '2786481203', 'Albert.Bates@gmail.com', NULL);
insert into Customer values ('926603455','Mr','Jacob','Williams', '6957272827008888','1-sep-2017','Main', 'Pittsburgh', 'PA', '4998703478', 'Jacob.Williams@gmail.com', NULL);
insert into Customer values ('483091994','Mrs','Marge','Taylor', '5883840341917551','1-sep-2018','Church', 'New York', 'NY', '7737057825', 'Marge.Taylor@gmail.com', NULL);
insert into Customer values ('438861779','Ms','Anita','Burns', '2870721992348714','1-sep-2019','Washington', 'Boston', 'MA', '5388816776', 'Anita.Burns@gmail.com', NULL);
insert into Customer values ('992194858','Mr','Rachel','Brown', '3286947500912760','1-sep-2017','Jefferson', 'Chicago', 'IL', '7563549022', 'Rachel.Brown@gmail.com', NULL);
insert into Customer values ('428094456','Mrs','Ashley','Miller', '9895473281962137','1-sep-2018','Fifth', 'Pittsburgh', 'PA', '5070089902', 'Ashley.Miller@gmail.com', NULL);
insert into Customer values ('489513870','Ms','Tammy','Davis', '4662898907554420','1-sep-2019','Forbes', 'New York', 'NY', '3684965714', 'Tammy.Davis@gmail.com', NULL);
insert into Customer values ('532158450','Mr','Paul','Jackson', '2491136048799491','1-sep-2017','Main', 'Boston', 'MA', '3841145436', 'Paul.Jackson@gmail.com', NULL);
insert into Customer values ('755917042','Mrs','Justin','Thompson', '8624878344492222','1-sep-2018','Church', 'Chicago', 'IL', '8687153776', 'Justin.Thompson@gmail.com', NULL);
insert into Customer values ('258833927','Ms','Frank','Johnson', '8773507005026942','1-sep-2019','Washington', 'Pittsburgh', 'PA', '6570391995', 'Frank.Johnson@gmail.com', NULL);
insert into Customer values ('580843998','Mr','Eric','Smith', '9780766019404055','1-sep-2017','Jefferson', 'New York', 'NY', '3131994900', 'Eric.Smith@gmail.com', NULL);
insert into Customer values ('409318250','Mrs','Bryce','Jones', '1345534437606843','1-sep-2018','Fifth', 'Boston', 'MA', '8313393205', 'Bryce.Jones@gmail.com', NULL);
insert into Customer values ('298178894','Ms','Adam','Hardy', '6010494032247510','1-sep-2019','Forbes', 'Chicago', 'IL', '6071932012', 'Adam.Hardy@gmail.com', NULL);
insert into Customer values ('993309604','Mr','Jenna','Ward', '7700632876834414','1-sep-2017','Main', 'Pittsburgh', 'PA', '9077549494', 'Jenna.Ward@gmail.com', NULL);
insert into Customer values ('866392285','Mrs','Abby','Johnston', '1762680212091543','1-sep-2018','Church', 'New York', 'NY', '4949204825', 'Abby.Johnston@gmail.com', NULL);
insert into Customer values ('992613385','Ms','Jesse','Sullivan', '6372106032599101','1-sep-2019','Washington', 'Boston', 'MA', '6857153009', 'Jesse.Sullivan@gmail.com', NULL);
insert into Customer values ('146656536','Mr','Jessica','Crosby', '7639843268497479','1-sep-2017','Jefferson', 'Chicago', 'IL', '6246918269', 'Jessica.Crosby@gmail.com', NULL);
insert into Customer values ('757671296','Mrs','Allison','Malkin', '7910004010434289','1-sep-2018','Fifth', 'Pittsburgh', 'PA', '9912282552', 'Allison.Malkin@gmail.com', NULL);
insert into Customer values ('403649381','Ms','Ally','Peters', '9065838939739008','1-sep-2019','Forbes', 'New York', 'NY', '5526405852', 'Ally.Peters@gmail.com', NULL);
insert into Customer values ('879258647','Mr','Lauren','Palmer', '2234821031504575','1-sep-2017','Main', 'Boston', 'MA', '7757046437', 'Lauren.Palmer@gmail.com', NULL);
insert into Customer values ('247959753','Mrs','Lindsay','Woods', '4028751381587990','1-sep-2018','Church', 'Chicago', 'IL', '5422051874', 'Lindsay.Woods@gmail.com', NULL);
insert into Customer values ('603388496','Ms','Jim','Nicholson', '5308800250702579','1-sep-2019','Washington', 'Pittsburgh', 'PA', '3960991477', 'Jim.Nicholson@gmail.com', NULL);
insert into Customer values ('816100723','Mr','John','Bates', '2840545624789350','1-sep-2017','Jefferson', 'New York', 'NY', '3465841188', 'John.Bates@gmail.com', NULL);
insert into Customer values ('646683573','Mrs','Janet','Williams', '1382890767851481','1-sep-2018','Fifth', 'Boston', 'MA', '5489092349', 'Janet.Williams@gmail.com', NULL);
insert into Customer values ('377684353','Ms','Greg','Taylor', '2402675085427404','1-sep-2019','Forbes', 'Chicago', 'IL', '4626125855', 'Greg.Taylor@gmail.com', NULL);
insert into Customer values ('765118012','Mr','James','Burns', '1053561224928038','1-sep-2017','Main', 'Pittsburgh', 'PA', '5930077923', 'James.Burns@gmail.com', NULL);
insert into Customer values ('575241175','Mrs','Bill','Brown', '2365604819188529','1-sep-2018','Church', 'New York', 'NY', '4748813711', 'Bill.Brown@gmail.com', NULL);
insert into Customer values ('767423704','Ms','William','Miller', '8631934295756383','1-sep-2019','Washington', 'Boston', 'MA', '7835128148', 'William.Miller@gmail.com', NULL);
insert into Customer values ('722882516','Mr','Albert','Davis', '6289737316413873','1-sep-2017','Jefferson', 'Chicago', 'IL', '6959759284', 'Albert.Davis@gmail.com', NULL);
insert into Customer values ('862394170','Mrs','Jacob','Jackson', '4343413478768927','1-sep-2018','Fifth', 'Pittsburgh', 'PA', '9237817511', 'Jacob.Jackson@gmail.com', NULL);
insert into Customer values ('508719943','Ms','Marge','Thompson', '5504626040815384','1-sep-2019','Forbes', 'New York', 'NY', '9110170978', 'Marge.Thompson@gmail.com', NULL);
insert into Customer values ('718439433','Mr','Anita','Johnson', '4156892890091306','1-sep-2017','Main', 'Boston', 'MA', '7468215737', 'Anita.Johnson@gmail.com', NULL);
insert into Customer values ('311987140','Mrs','Rachel','Smith', '6548223482246221','1-sep-2018','Church', 'Chicago', 'IL', '9479684173', 'Rachel.Smith@gmail.com', NULL);
insert into Customer values ('696882238','Ms','Ashley','Jones', '1215195218770313','1-sep-2019','Washington', 'Pittsburgh', 'PA', '7608230240', 'Ashley.Jones@gmail.com', NULL);
insert into Customer values ('353422441','Mr','Tammy','Hardy', '5843971608987413','1-sep-2017','Jefferson', 'New York', 'NY', '9859533305', 'Tammy.Hardy@gmail.com', NULL);
insert into Customer values ('953786911','Mrs','Paul','Ward', '1294984643668118','1-sep-2018','Fifth', 'Boston', 'MA', '9927074127', 'Paul.Ward@gmail.com', NULL);
insert into Customer values ('285255767','Ms','Justin','Johnston', '8458339058181090','1-sep-2019','Forbes', 'Chicago', 'IL', '7596934004', 'Justin.Johnston@gmail.com', NULL);
insert into Customer values ('978398715','Mr','Frank','Sullivan', '4165618049973805','1-sep-2017','Main', 'Pittsburgh', 'PA', '4435289272', 'Frank.Sullivan@gmail.com', NULL);
insert into Customer values ('540093980','Mrs','Eric','Crosby', '5124517069739635','1-sep-2018','Church', 'New York', 'NY', '9976436741', 'Eric.Crosby@gmail.com', NULL);
insert into Customer values ('449425711','Ms','Bryce','Malkin', '7648419319327921','1-sep-2019','Washington', 'Boston', 'MA', '7601950046', 'Bryce.Malkin@gmail.com', NULL);
insert into Customer values ('944000854','Mr','Adam','Peters', '1828964333636319','1-sep-2017','Jefferson', 'Chicago', 'IL', '2281094624', 'Adam.Peters@gmail.com', NULL);
insert into Customer values ('823471801','Mrs','Jenna','Palmer', '1195080160759594','1-sep-2018','Fifth', 'Pittsburgh', 'PA', '2022630024', 'Jenna.Palmer@gmail.com', NULL);
insert into Customer values ('175350690','Ms','Abby','Woods', '7813735555924869','1-sep-2019','Forbes', 'New York', 'NY', '7707500610', 'Abby.Woods@gmail.com', NULL);
insert into Customer values ('218451019','Mr','Jesse','Nicholson', '1062689712690043','1-sep-2017','Main', 'Boston', 'MA', '2093113463', 'Jesse.Nicholson@gmail.com', NULL);
insert into Customer values ('727341697','Mrs','Jessica','Bates', '1621702332352766','1-sep-2018','Church', 'Chicago', 'IL', '8893919895', 'Jessica.Bates@gmail.com', NULL);
insert into Customer values ('156070309','Ms','Allison','Williams', '7054137336231427','1-sep-2019','Washington', 'Pittsburgh', 'PA', '7123403335', 'Allison.Williams@gmail.com', NULL);
insert into Customer values ('601496526','Mr','Ally','Taylor', '9128158037832759','1-sep-2017','Jefferson', 'New York', 'NY', '6654798831', 'Ally.Taylor@gmail.com', NULL);
insert into Customer values ('963206880','Mrs','Lauren','Burns', '8240546246572729','1-sep-2018','Fifth', 'Boston', 'MA', '1797490815', 'Lauren.Burns@gmail.com', NULL);
insert into Customer values ('845203137','Ms','Lindsay','Brown', '5199399074441683','1-sep-2019','Forbes', 'Chicago', 'IL', '5720957466', 'Lindsay.Brown@gmail.com', NULL);
insert into Customer values ('776038492','Mr','Jim','Miller', '3885492020205376','1-sep-2017','Main', 'Pittsburgh', 'PA', '7620560261', 'Jim.Miller@gmail.com', NULL);
insert into Customer values ('264149996','Mrs','John','Davis', '6149649957565839','1-sep-2018','Church', 'New York', 'NY', '1009446497', 'John.Davis@gmail.com', NULL);
insert into Customer values ('494926016','Ms','Janet','Jackson', '9901015506996365','1-sep-2019','Washington', 'Boston', 'MA', '8734949131', 'Janet.Jackson@gmail.com', NULL);
insert into Customer values ('922803077','Mr','Greg','Thompson', '4355946450183060','1-sep-2017','Jefferson', 'Chicago', 'IL', '7852303586', 'Greg.Thompson@gmail.com', NULL);
insert into Customer values ('687977508','Mrs','James','Johnson', '6562621137584335','1-sep-2018','Fifth', 'Pittsburgh', 'PA', '7138126665', 'James.Johnson@gmail.com', NULL);
insert into Customer values ('553593976','Ms','Bill','Smith', '8308822327881028','1-sep-2019','Forbes', 'New York', 'NY', '8416783042', 'Bill.Smith@gmail.com', NULL);
insert into Customer values ('816595801','Mr','William','Jones', '7139692610969115','1-sep-2017','Main', 'Boston', 'MA', '7749970810', 'William.Jones@gmail.com', NULL);
insert into Customer values ('586042908','Mrs','Albert','Hardy', '5520478158909235','1-sep-2018','Church', 'Chicago', 'IL', '2312876143', 'Albert.Hardy@gmail.com', NULL);
insert into Customer values ('780467211','Ms','Jacob','Ward', '5506522129303569','1-sep-2019','Washington', 'Pittsburgh', 'PA', '8914770847', 'Jacob.Ward@gmail.com', NULL);
insert into Customer values ('410192226','Mr','Marge','Johnston', '4130165058497735','1-sep-2017','Jefferson', 'New York', 'NY', '4059861627', 'Marge.Johnston@gmail.com', NULL);
insert into Customer values ('784057302','Mrs','Anita','Sullivan', '2782235039326809','1-sep-2018','Fifth', 'Boston', 'MA', '1905668329', 'Anita.Sullivan@gmail.com', NULL);
insert into Customer values ('552985557','Ms','Rachel','Crosby', '2025337665399283','1-sep-2019','Forbes', 'Chicago', 'IL', '4114238940', 'Rachel.Crosby@gmail.com', NULL);
insert into Customer values ('754170591','Mr','Ashley','Malkin', '7457339175953946','1-sep-2017','Main', 'Pittsburgh', 'PA', '9141002622', 'Ashley.Malkin@gmail.com', NULL);
insert into Customer values ('614799155','Mrs','Tammy','Peters', '3382071219902351','1-sep-2018','Church', 'New York', 'NY', '2867184577', 'Tammy.Peters@gmail.com', NULL);
insert into Customer values ('394827387','Ms','Paul','Palmer', '1088353108156379','1-sep-2019','Washington', 'Boston', 'MA', '9687952351', 'Paul.Palmer@gmail.com', NULL);
insert into Customer values ('233538441','Mr','Justin','Woods', '7121032390924128','1-sep-2017','Jefferson', 'Chicago', 'IL', '1864597246', 'Justin.Woods@gmail.com', NULL);
insert into Customer values ('907695124','Mrs','Frank','Nicholson', '1584298408014627','1-sep-2018','Fifth', 'Pittsburgh', 'PA', '4189842222', 'Frank.Nicholson@gmail.com', NULL);
insert into Customer values ('169483543','Ms','Eric','Bates', '7442298570511049','1-sep-2019','Forbes', 'New York', 'NY', '7066525150', 'Eric.Bates@gmail.com', NULL);
insert into Customer values ('383182391','Mr','Bryce','Williams', '5873929343531782','1-sep-2017','Main', 'Boston', 'MA', '7988793873', 'Bryce.Williams@gmail.com', NULL);
insert into Customer values ('448938636','Mrs','Adam','Taylor', '3512297766317519','1-sep-2018','Church', 'Chicago', 'IL', '5977156312', 'Adam.Taylor@gmail.com', NULL);
insert into Customer values ('770872807','Ms','Jenna','Burns', '3691286006189022','1-sep-2019','Washington', 'Pittsburgh', 'PA', '7409321570', 'Jenna.Burns@gmail.com', NULL);
insert into Customer values ('943607843','Mr','Abby','Brown', '9871489752018222','1-sep-2017','Jefferson', 'New York', 'NY', '3159161019', 'Abby.Brown@gmail.com', NULL);
insert into Customer values ('178014868','Mrs','Jesse','Miller', '8863220561021102','1-sep-2018','Fifth', 'Boston', 'MA', '8004149407', 'Jesse.Miller@gmail.com', NULL);
insert into Customer values ('843521719','Ms','Jessica','Davis', '4204160401314691','1-sep-2019','Forbes', 'Chicago', 'IL', '1962524635', 'Jessica.Davis@gmail.com', NULL);
insert into Customer values ('995430620','Mr','Allison','Jackson', '2551956923546461','1-sep-2017','Main', 'Pittsburgh', 'PA', '1302587639', 'Allison.Jackson@gmail.com', NULL);
insert into Customer values ('491838038','Mrs','Ally','Thompson', '6919879398733388','1-sep-2018','Church', 'New York', 'NY', '9543371750', 'Ally.Thompson@gmail.com', NULL);
insert into Customer values ('227032028','Ms','Lauren','Johnson', '2897093798579205','1-sep-2019','Washington', 'Boston', 'MA', '9115735715', 'Lauren.Johnson@gmail.com', NULL);
insert into Customer values ('913693906','Mr','Lindsay','Smith', '8763207232546445','1-sep-2017','Jefferson', 'Chicago', 'IL', '4386151861', 'Lindsay.Smith@gmail.com', NULL);
insert into Customer values ('836081324','Mrs','Jim','Jones', '8059382853235888','1-sep-2018','Fifth', 'Pittsburgh', 'PA', '3167327578', 'Jim.Jones@gmail.com', NULL);
insert into Customer values ('911138392','Ms','John','Hardy', '2527892401212934','1-sep-2019','Forbes', 'New York', 'NY', '2126329732', 'John.Hardy@gmail.com', NULL);
insert into Customer values ('360280537','Mr','Janet','Ward', '8733048395198104','1-sep-2017','Main', 'Boston', 'MA', '4486096005', 'Janet.Ward@gmail.com', NULL);
insert into Customer values ('402867218','Mrs','Greg','Johnston', '6932365258705036','1-sep-2018','Church', 'Chicago', 'IL', '9372474853', 'Greg.Johnston@gmail.com', NULL);
insert into Customer values ('470653089','Ms','James','Sullivan', '5259645827198348','1-sep-2019','Washington', 'Pittsburgh', 'PA', '6082461681', 'James.Sullivan@gmail.com', NULL);
insert into Customer values ('863095521','Mr','Bill','Crosby', '3045744751085380','1-sep-2017','Jefferson', 'New York', 'NY', '3848714562', 'Bill.Crosby@gmail.com', NULL);
insert into Customer values ('492519956','Mrs','William','Malkin', '9346833427130375','1-sep-2018','Fifth', 'Boston', 'MA', '9614705524', 'William.Malkin@gmail.com', NULL);
insert into Customer values ('815559468','Ms','Albert','Peters', '9294834219277683','1-sep-2019','Forbes', 'Chicago', 'IL', '4658448585', 'Albert.Peters@gmail.com', NULL);
insert into Customer values ('175830440','Mr','Jacob','Palmer', '6377542762702416','1-sep-2017','Main', 'Pittsburgh', 'PA', '9752828915', 'Jacob.Palmer@gmail.com', NULL);
insert into Customer values ('482408104','Mrs','Marge','Woods', '8416122962803741','1-sep-2018','Church', 'New York', 'NY', '3333912082', 'Marge.Woods@gmail.com', NULL);
insert into Customer values ('218343783','Ms','Anita','Nicholson', '8555978766717303','1-sep-2019','Washington', 'Boston', 'MA', '8457578248', 'Anita.Nicholson@gmail.com', NULL);
insert into Customer values ('267137056','Mr','Rachel','Bates', '2529324619155207','1-sep-2017','Jefferson', 'Chicago', 'IL', '2693298636', 'Rachel.Bates@gmail.com', NULL);
insert into Customer values ('949532609','Mrs','Ashley','Williams', '6662592687075327','1-sep-2018','Fifth', 'Pittsburgh', 'PA', '1422271510', 'Ashley.Williams@gmail.com', NULL);
insert into Customer values ('912180759','Ms','Tammy','Taylor', '8832883313058787','1-sep-2019','Forbes', 'New York', 'NY', '9825326167', 'Tammy.Taylor@gmail.com', NULL);
insert into Customer values ('164916074','Mr','Paul','Burns', '7698010689862624','1-sep-2017','Main', 'Boston', 'MA', '4591887620', 'Paul.Burns@gmail.com', NULL);
insert into Customer values ('407230526','Mrs','Justin','Brown', '2158763175612935','1-sep-2018','Church', 'Chicago', 'IL', '1759149169', 'Justin.Brown@gmail.com', NULL);
insert into Customer values ('518826706','Ms','Frank','Miller', '4521358926910755','1-sep-2019','Washington', 'Pittsburgh', 'PA', '7748895601', 'Frank.Miller@gmail.com', NULL);
insert into Customer values ('235014864','Mr','Eric','Davis', '1535506967615224','1-sep-2017','Jefferson', 'New York', 'NY', '8682358747', 'Eric.Davis@gmail.com', NULL);
insert into Customer values ('826718948','Mrs','Bryce','Jackson', '3258024981470526','1-sep-2018','Fifth', 'Boston', 'MA', '9781831829', 'Bryce.Jackson@gmail.com', NULL);
insert into Customer values ('927457426','Ms','Adam','Thompson', '7467750340463211','1-sep-2019','Forbes', 'Chicago', 'IL', '9114408930', 'Adam.Thompson@gmail.com', NULL);
insert into Customer values ('932451523','Mr','Jenna','Johnson', '8540851908064923','1-sep-2017','Main', 'Pittsburgh', 'PA', '4660551822', 'Jenna.Johnson@gmail.com', NULL);
insert into Customer values ('456310217','Mrs','Abby','Smith', '2649051694721425','1-sep-2018','Church', 'New York', 'NY', '6096473854', 'Abby.Smith@gmail.com', NULL);
insert into Customer values ('564383480','Ms','Jesse','Jones', '6909639945623468','1-sep-2019','Washington', 'Boston', 'MA', '7729117453', 'Jesse.Jones@gmail.com', NULL);
insert into Customer values ('592992841','Mr','Jessica','Hardy', '5625286965999292','1-sep-2017','Jefferson', 'Chicago', 'IL', '2255561835', 'Jessica.Hardy@gmail.com', NULL);
insert into Customer values ('864844870','Mrs','Allison','Ward', '3779928483506557','1-sep-2018','Fifth', 'Pittsburgh', 'PA', '6041879305', 'Allison.Ward@gmail.com', NULL);
insert into Customer values ('176716235','Ms','Ally','Johnston', '1521907809067305','1-sep-2019','Forbes', 'New York', 'NY', '1675513315', 'Ally.Johnston@gmail.com', NULL);
insert into Customer values ('137158702','Mr','Lauren','Sullivan', '4485336850430727','1-sep-2017','Main', 'Boston', 'MA', '1220782051', 'Lauren.Sullivan@gmail.com', NULL);
insert into Customer values ('853769780','Mrs','Lindsay','Crosby', '3582997450878025','1-sep-2018','Church', 'Chicago', 'IL', '2457363160', 'Lindsay.Crosby@gmail.com', NULL);
insert into Customer values ('517702596','Ms','Jim','Malkin', '3824278722952807','1-sep-2019','Washington', 'Pittsburgh', 'PA', '3549469673', 'Jim.Malkin@gmail.com', NULL);
insert into Customer values ('782892136','Mr','John','Peters', '4188132496102534','1-sep-2017','Jefferson', 'New York', 'NY', '2812466129', 'John.Peters@gmail.com', NULL);
insert into Customer values ('591377168','Mrs','Janet','Palmer', '1492596181287078','1-sep-2018','Fifth', 'Boston', 'MA', '9382150026', 'Janet.Palmer@gmail.com', NULL);
insert into Customer values ('470951277','Ms','Greg','Woods', '6950790439100891','1-sep-2019','Forbes', 'Chicago', 'IL', '2999869541', 'Greg.Woods@gmail.com', NULL);
insert into Customer values ('400391306','Mr','James','Nicholson', '2659941913191536','1-sep-2017','Main', 'Pittsburgh', 'PA', '7322933893', 'James.Nicholson@gmail.com', NULL);
insert into Customer values ('732033747','Mrs','Bill','Bates', '5606137859879693','1-sep-2018','Church', 'New York', 'NY', '8634220176', 'Bill.Bates@gmail.com', NULL);
insert into Customer values ('278775251','Ms','William','Williams', '6820147424883733','1-sep-2019','Washington', 'Boston', 'MA', '2883870661', 'William.Williams@gmail.com', NULL);
insert into Customer values ('529174236','Mr','Albert','Taylor', '1873484557109271','1-sep-2017','Jefferson', 'Chicago', 'IL', '3753150318', 'Albert.Taylor@gmail.com', NULL);
insert into Customer values ('483469534','Mrs','Jacob','Burns', '4088830779911099','1-sep-2018','Fifth', 'Pittsburgh', 'PA', '6679046853', 'Jacob.Burns@gmail.com', NULL);
insert into Customer values ('622409722','Ms','Marge','Brown', '3043963466130451','1-sep-2019','Forbes', 'New York', 'NY', '5232030354', 'Marge.Brown@gmail.com', NULL);
insert into Customer values ('479192814','Mr','Anita','Miller', '4291851488190695','1-sep-2017','Main', 'Boston', 'MA', '3754751889', 'Anita.Miller@gmail.com', NULL);
insert into Customer values ('285629183','Mrs','Rachel','Davis', '9931227049504939','1-sep-2018','Church', 'Chicago', 'IL', '7499128003', 'Rachel.Davis@gmail.com', NULL);
insert into Customer values ('612504634','Ms','Ashley','Jackson', '7481670254269105','1-sep-2019','Washington', 'Pittsburgh', 'PA', '4685388128', 'Ashley.Jackson@gmail.com', NULL);
insert into Customer values ('282758430','Mr','Tammy','Thompson', '3347331991457880','1-sep-2017','Jefferson', 'New York', 'NY', '8952287555', 'Tammy.Thompson@gmail.com', NULL);
insert into Customer values ('637659871','Mrs','Paul','Johnson', '5872739582876227','1-sep-2018','Fifth', 'Boston', 'MA', '6809602239', 'Paul.Johnson@gmail.com', NULL);
insert into Customer values ('829269455','Ms','Justin','Smith', '9636725620591397','1-sep-2019','Forbes', 'Chicago', 'IL', '5821074575', 'Justin.Smith@gmail.com', NULL);
insert into Customer values ('560083875','Mr','Frank','Jones', '7764361074388393','1-sep-2017','Main', 'Pittsburgh', 'PA', '9044350390', 'Frank.Jones@gmail.com', NULL);
insert into Customer values ('644027345','Mrs','Eric','Hardy', '8353796708149683','1-sep-2018','Church', 'New York', 'NY', '5140095325', 'Eric.Hardy@gmail.com', NULL);
insert into Customer values ('541034285','Ms','Bryce','Ward', '5542095305730439','1-sep-2019','Washington', 'Boston', 'MA', '3550903106', 'Bryce.Ward@gmail.com', NULL);
insert into Customer values ('138848040','Mr','Adam','Johnston', '6164393441179939','1-sep-2017','Jefferson', 'Chicago', 'IL', '9963935038', 'Adam.Johnston@gmail.com', NULL);
insert into Customer values ('875460674','Mrs','Jenna','Sullivan', '7655262267842506','1-sep-2018','Fifth', 'Pittsburgh', 'PA', '2273648464', 'Jenna.Sullivan@gmail.com', NULL);
insert into Customer values ('634344407','Ms','Abby','Crosby', '9094757963396076','1-sep-2019','Forbes', 'New York', 'NY', '2211981033', 'Abby.Crosby@gmail.com', NULL);
insert into Customer values ('942859734','Mr','Jesse','Malkin', '9848327055625702','1-sep-2017','Main', 'Boston', 'MA', '6153944450', 'Jesse.Malkin@gmail.com', NULL);
insert into Customer values ('184684099','Mrs','Jessica','Peters', '8665163340834421','1-sep-2018','Church', 'Chicago', 'IL', '2318981411', 'Jessica.Peters@gmail.com', NULL);
insert into Customer values ('631963550','Ms','Allison','Palmer', '9046720406849311','1-sep-2019','Washington', 'Pittsburgh', 'PA', '2255375118', 'Allison.Palmer@gmail.com', NULL);
insert into Customer values ('771516575','Mr','Ally','Woods', '2789762982940295','1-sep-2017','Jefferson', 'New York', 'NY', '5626058004', 'Ally.Woods@gmail.com', NULL);
insert into Customer values ('587319772','Mrs','Lauren','Nicholson', '8775119898743819','1-sep-2018','Fifth', 'Boston', 'MA', '1720143544', 'Lauren.Nicholson@gmail.com', NULL);
insert into Customer values ('787854858','Ms','Lindsay','Bates', '4857696810417517','1-sep-2019','Forbes', 'Chicago', 'IL', '1937288535', 'Lindsay.Bates@gmail.com', NULL);
insert into Customer values ('531585862','Mr','Jim','Williams', '6678936960331676','1-sep-2017','Main', 'Pittsburgh', 'PA', '3078824328', 'Jim.Williams@gmail.com', NULL);
insert into Customer values ('391664518','Mrs','John','Taylor', '8787111201911319','1-sep-2018','Church', 'New York', 'NY', '3413312202', 'John.Taylor@gmail.com', NULL);
insert into Customer values ('714399427','Ms','Janet','Burns', '3656338074189245','1-sep-2019','Washington', 'Boston', 'MA', '2586788179', 'Janet.Burns@gmail.com', NULL);
insert into Customer values ('822814414','Mr','Greg','Brown', '7218922229823578','1-sep-2017','Jefferson', 'Chicago', 'IL', '1439765626', 'Greg.Brown@gmail.com', NULL);
insert into Customer values ('627034169','Mrs','James','Miller', '2788299889541812','1-sep-2018','Fifth', 'Pittsburgh', 'PA', '5424386898', 'James.Miller@gmail.com', NULL);
insert into Customer values ('599076771','Ms','Bill','Davis', '7270025713264425','1-sep-2019','Forbes', 'New York', 'NY', '4748639021', 'Bill.Davis@gmail.com', NULL);
insert into Customer values ('859018729','Mr','William','Jackson', '9962481635122607','1-sep-2017','Main', 'Boston', 'MA', '6516210738', 'William.Jackson@gmail.com', NULL);
insert into Customer values ('420184008','Mrs','Albert','Thompson', '8275411187645346','1-sep-2018','Church', 'Chicago', 'IL', '9536055240', 'Albert.Thompson@gmail.com', NULL);
insert into Customer values ('486925502','Ms','Jacob','Johnson', '9795427855581423','1-sep-2019','Washington', 'Pittsburgh', 'PA', '5650658807', 'Jacob.Johnson@gmail.com', NULL);
insert into Customer values ('293098278','Mr','Marge','Smith', '3811076436969581','1-sep-2017','Jefferson', 'New York', 'NY', '2621481783', 'Marge.Smith@gmail.com', NULL);
insert into Customer values ('428284307','Mrs','Anita','Jones', '7816293238488961','1-sep-2018','Fifth', 'Boston', 'MA', '1050302411', 'Anita.Jones@gmail.com', NULL);
insert into Customer values ('166952980','Ms','Rachel','Hardy', '6858427535214591','1-sep-2019','Forbes', 'Chicago', 'IL', '6231609634', 'Rachel.Hardy@gmail.com', NULL);
insert into Customer values ('474825028','Mr','Ashley','Ward', '4504304342427233','1-sep-2017','Main', 'Pittsburgh', 'PA', '1628258821', 'Ashley.Ward@gmail.com', NULL);
insert into Customer values ('157429690','Mrs','Tammy','Johnston', '2625969429832906','1-sep-2018','Church', 'New York', 'NY', '8740881853', 'Tammy.Johnston@gmail.com', NULL);
insert into Customer values ('432470839','Ms','Paul','Sullivan', '1857721596980987','1-sep-2019','Washington', 'Boston', 'MA', '4951853435', 'Paul.Sullivan@gmail.com', NULL);
insert into Customer values ('343113402','Mr','Justin','Crosby', '8803786349553421','1-sep-2017','Jefferson', 'Chicago', 'IL', '6832894101', 'Justin.Crosby@gmail.com', NULL);
insert into Customer values ('402895200','Mrs','Frank','Malkin', '8891082134623504','1-sep-2018','Fifth', 'Pittsburgh', 'PA', '1361760814', 'Frank.Malkin@gmail.com', NULL);
insert into Customer values ('916113360','Ms','Eric','Peters', '3717407040699280','1-sep-2019','Forbes', 'New York', 'NY', '4254194683', 'Eric.Peters@gmail.com', NULL);
insert into Customer values ('109214910','Mr','Bryce','Palmer', '5056300218156873','1-sep-2017','Main', 'Boston', 'MA', '5920589294', 'Bryce.Palmer@gmail.com', NULL);
insert into Customer values ('189509200','Mrs','Adam','Woods', '1566741972733191','1-sep-2018','Church', 'Chicago', 'IL', '6182295403', 'Adam.Woods@gmail.com', NULL);
insert into Customer values ('860944714','Ms','Jenna','Nicholson', '9841278532883183','1-sep-2019','Washington', 'Pittsburgh', 'PA', '6412473049', 'Jenna.Nicholson@gmail.com', NULL);
insert into Customer values ('764439376','Mr','Abby','Bates', '4071567943740890','1-sep-2017','Jefferson', 'New York', 'NY', '1705680700', 'Abby.Bates@gmail.com', NULL);
insert into Customer values ('200335178','Mrs','Jesse','Williams', '4258503738248676','1-sep-2018','Fifth', 'Boston', 'MA', '9600364421', 'Jesse.Williams@gmail.com', NULL);
insert into Customer values ('814726639','Ms','Jessica','Taylor', '9660159280383904','1-sep-2019','Forbes', 'Chicago', 'IL', '1893196417', 'Jessica.Taylor@gmail.com', NULL);
insert into Customer values ('773414551','Mr','Allison','Burns', '2650466320828533','1-sep-2017','Main', 'Pittsburgh', 'PA', '5497026614', 'Allison.Burns@gmail.com', NULL);
insert into Customer values ('532045834','Mrs','Ally','Brown', '2073907015985053','1-sep-2018','Church', 'New York', 'NY', '6618664019', 'Ally.Brown@gmail.com', NULL);
insert into Customer values ('678712743','Ms','Lauren','Miller', '5245246991237545','1-sep-2019','Washington', 'Boston', 'MA', '6173493933', 'Lauren.Miller@gmail.com', NULL);
insert into Customer values ('763616744','Mr','Lindsay','Davis', '4664345732241330','1-sep-2017','Jefferson', 'Chicago', 'IL', '5884277429', 'Lindsay.Davis@gmail.com', NULL);
insert into Customer values ('456012907','Mrs','Jim','Jackson', '3914413798493378','1-sep-2018','Fifth', 'Pittsburgh', 'PA', '2347480227', 'Jim.Jackson@gmail.com', NULL);
insert into Customer values ('720684348','Ms','John','Thompson', '9016846659122513','1-sep-2019','Forbes', 'New York', 'NY', '8566770403', 'John.Thompson@gmail.com', NULL);
insert into Customer values ('664784246','Mr','Janet','Johnson', '5262834692271158','1-sep-2017','Main', 'Boston', 'MA', '6797443421', 'Janet.Johnson@gmail.com', NULL);
insert into Customer values ('928704320','Mrs','Greg','Smith', '5586345640974594','1-sep-2018','Church', 'Chicago', 'IL', '1617689170', 'Greg.Smith@gmail.com', NULL);
insert into Customer values ('161476848','Ms','James','Jones', '2443057222501149','1-sep-2019','Washington', 'Pittsburgh', 'PA', '4365734535', 'James.Jones@gmail.com', NULL);
insert into Customer values ('568264005','Mr','Bill','Hardy', '6857819095347049','1-sep-2017','Jefferson', 'New York', 'NY', '6900272485', 'Bill.Hardy@gmail.com', NULL);
insert into Customer values ('255112210','Mrs','William','Ward', '8015692313954762','1-sep-2018','Fifth', 'Boston', 'MA', '4542383465', 'William.Ward@gmail.com', NULL);
insert into Customer values ('271610553','Ms','Albert','Johnston', '4225274257465819','1-sep-2019','Forbes', 'Chicago', 'IL', '9691655944', 'Albert.Johnston@gmail.com', NULL);
insert into Customer values ('302654109','Mr','Jacob','Sullivan', '9035551380882355','1-sep-2017','Main', 'Pittsburgh', 'PA', '1573069960', 'Jacob.Sullivan@gmail.com', NULL);
insert into Customer values ('563897093','Mrs','Marge','Crosby', '1626962833779437','1-sep-2018','Church', 'New York', 'NY', '7523359377', 'Marge.Crosby@gmail.com', NULL);
insert into Customer values ('716319223','Ms','Anita','Malkin', '8760635342354459','1-sep-2019','Washington', 'Boston', 'MA', '6868358535', 'Anita.Malkin@gmail.com', NULL);
insert into Customer values ('270410101','Mr','Rachel','Peters', '9147577170253424','1-sep-2017','Jefferson', 'Chicago', 'IL', '1384578433', 'Rachel.Peters@gmail.com', NULL);
insert into Customer values ('672814959','Mrs','Ashley','Palmer', '2510101756131077','1-sep-2018','Fifth', 'Pittsburgh', 'PA', '1122145824', 'Ashley.Palmer@gmail.com', NULL);
insert into Customer values ('390571399','Ms','Tammy','Woods', '1292549414665268','1-sep-2019','Forbes', 'New York', 'NY', '5174192394', 'Tammy.Woods@gmail.com', NULL);
insert into Customer values ('683041036','Mr','Paul','Nicholson', '9500661915812342','1-sep-2017','Main', 'Boston', 'MA', '2794593327', 'Paul.Nicholson@gmail.com', NULL);
insert into Customer values ('725926056','Mrs','Justin','Bates', '3789512828498964','1-sep-2018','Church', 'Chicago', 'IL', '2207404959', 'Justin.Bates@gmail.com', NULL);
insert into Customer values ('597886691','Ms','Frank','Williams', '3336301196655156','1-sep-2019','Washington', 'Pittsburgh', 'PA', '4613913955', 'Frank.Williams@gmail.com', NULL);
insert into Customer values ('790199769','Mr','Eric','Taylor', '5285400070849999','1-sep-2017','Jefferson', 'New York', 'NY', '6295967772', 'Eric.Taylor@gmail.com', NULL);
insert into Customer values ('327745168','Mrs','Bryce','Burns', '4858712961228342','1-sep-2018','Fifth', 'Boston', 'MA', '4635130772', 'Bryce.Burns@gmail.com', NULL);
insert into Customer values ('683252305','Ms','Adam','Brown', '7678544303389548','1-sep-2019','Forbes', 'Chicago', 'IL', '5851628132', 'Adam.Brown@gmail.com', NULL);
insert into Customer values ('918809159','Mr','Jenna','Miller', '6043709686129466','1-sep-2017','Main', 'Pittsburgh', 'PA', '4625277693', 'Jenna.Miller@gmail.com', NULL);
insert into Customer values ('852086693','Mrs','Abby','Davis', '4672476856126721','1-sep-2018','Church', 'New York', 'NY', '1551095531', 'Abby.Davis@gmail.com', NULL);
insert into Customer values ('615183480','Ms','Jesse','Jackson', '2643854148790226','1-sep-2019','Washington', 'Boston', 'MA', '2595322480', 'Jesse.Jackson@gmail.com', NULL);
insert into Customer values ('304261084','Mr','Jessica','Thompson', '4972615337580982','1-sep-2017','Jefferson', 'Chicago', 'IL', '8127995431', 'Jessica.Thompson@gmail.com', NULL);
insert into Customer values ('355902721','Mrs','Allison','Johnson', '4349101524768817','1-sep-2018','Fifth', 'Pittsburgh', 'PA', '6584391189', 'Allison.Johnson@gmail.com', NULL);
insert into Customer values ('895833805','Ms','Ally','Smith', '3930494034034325','1-sep-2019','Forbes', 'New York', 'NY', '9880603138', 'Ally.Smith@gmail.com', NULL);
insert into Customer values ('124799733','Mr','Lauren','Jones', '6886707198697361','1-sep-2017','Main', 'Boston', 'MA', '4289407302', 'Lauren.Jones@gmail.com', NULL);
insert into Customer values ('836376008','Mrs','Lindsay','Hardy', '6512292898459866','1-sep-2018','Church', 'Chicago', 'IL', '1491389026', 'Lindsay.Hardy@gmail.com', NULL);
insert into Customer values ('559562167','Ms','Jim','Ward', '1401103358870942','1-sep-2019','Washington', 'Pittsburgh', 'PA', '5037252504', 'Jim.Ward@gmail.com', NULL);
insert into Customer values ('148481683','Mr','John','Johnston', '9814313762732762','1-sep-2017','Jefferson', 'New York', 'NY', '3344930282', 'John.Johnston@gmail.com', NULL);
insert into Customer values ('616465953','Mrs','Janet','Sullivan', '9652127102304302','1-sep-2018','Fifth', 'Boston', 'MA', '2631145801', 'Janet.Sullivan@gmail.com', NULL);
insert into Customer values ('913756731','Ms','Greg','Crosby', '2478500691683840','1-sep-2019','Forbes', 'Chicago', 'IL', '1342927039', 'Greg.Crosby@gmail.com', NULL);
insert into Customer values ('709667814','Mr','James','Malkin', '7187198011378539','1-sep-2017','Main', 'Pittsburgh', 'PA', '7668799753', 'James.Malkin@gmail.com', NULL);
insert into Customer values ('489728270','Mrs','Bill','Peters', '2559107732469330','1-sep-2018','Church', 'New York', 'NY', '3343692337', 'Bill.Peters@gmail.com', NULL);
insert into Customer values ('945298889','Ms','William','Palmer', '7167308938868309','1-sep-2019','Washington', 'Boston', 'MA', '7377445832', 'William.Palmer@gmail.com', NULL);
insert into Customer values ('870675182','Mr','Albert','Woods', '2328801965602103','1-sep-2017','Jefferson', 'Chicago', 'IL', '6502880722', 'Albert.Woods@gmail.com', NULL);
insert into Customer values ('447188501','Mrs','Jacob','Nicholson', '9883152421256979','1-sep-2018','Fifth', 'Pittsburgh', 'PA', '3047897477', 'Jacob.Nicholson@gmail.com', NULL);
insert into Customer values ('168120032','Ms','Marge','Bates', '9995507511280879','1-sep-2019','Forbes', 'New York', 'NY', '6435204417', 'Marge.Bates@gmail.com', NULL);
insert into Customer values ('779094964','Mr','Anita','Williams', '5842238167904766','1-sep-2017','Main', 'Boston', 'MA', '2220763660', 'Anita.Williams@gmail.com', NULL);
insert into Customer values ('606587266','Mrs','Rachel','Taylor', '2017826156839661','1-sep-2018','Church', 'Chicago', 'IL', '2079313942', 'Rachel.Taylor@gmail.com', NULL);
insert into Customer values ('188651321','Ms','Ashley','Burns', '2886717930484081','1-sep-2019','Washington', 'Pittsburgh', 'PA', '6430282375', 'Ashley.Burns@gmail.com', NULL);
insert into Customer values ('549855695','Mr','Tammy','Brown', '4263353377438220','1-sep-2017','Jefferson', 'New York', 'NY', '9025918773', 'Tammy.Brown@gmail.com', NULL);
insert into Customer values ('151153554','Mrs','Paul','Miller', '7760590484059892','1-sep-2018','Fifth', 'Boston', 'MA', '3865987994', 'Paul.Miller@gmail.com', NULL);
insert into Customer values ('146367100','Ms','Justin','Davis', '9230899428895205','1-sep-2019','Forbes', 'Chicago', 'IL', '7776497974', 'Justin.Davis@gmail.com', NULL);
insert into Customer values ('402371876','Mr','Frank','Jackson', '3509335117110624','1-sep-2017','Main', 'Pittsburgh', 'PA', '2672302930', 'Frank.Jackson@gmail.com', NULL);
insert into Customer values ('210274851','Mrs','Eric','Thompson', '6426522451306396','1-sep-2018','Church', 'New York', 'NY', '4360364205', 'Eric.Thompson@gmail.com', NULL);
insert into Customer values ('863315738','Ms','Bryce','Johnson', '1445533527491658','1-sep-2019','Washington', 'Boston', 'MA', '3940696954', 'Bryce.Johnson@gmail.com', NULL);
insert into Customer values ('969387291','Mr','Adam','Smith', '7120025594241196','1-sep-2017','Jefferson', 'Chicago', 'IL', '3090527595', 'Adam.Smith@gmail.com', NULL);
insert into Customer values ('306141301','Mrs','Jenna','Jones', '1114875204036023','1-sep-2018','Fifth', 'Pittsburgh', 'PA', '6918717795', 'Jenna.Jones@gmail.com', NULL);
insert into Customer values ('922862597','Ms','Abby','Hardy', '8238600687387746','1-sep-2019','Forbes', 'New York', 'NY', '2659556598', 'Abby.Hardy@gmail.com', NULL);
insert into Customer values ('908603308','Mr','Jesse','Ward', '2441048542221921','1-sep-2017','Main', 'Boston', 'MA', '5151212053', 'Jesse.Ward@gmail.com', NULL);
insert into Customer values ('623091347','Mrs','Jessica','Johnston', '6412136062827513','1-sep-2018','Church', 'Chicago', 'IL', '1184785552', 'Jessica.Johnston@gmail.com', NULL);
insert into Customer values ('578895217','Ms','Allison','Sullivan', '3062404172179314','1-sep-2019','Washington', 'Pittsburgh', 'PA', '1405970163', 'Allison.Sullivan@gmail.com', NULL);
insert into Customer values ('604308918','Mr','Ally','Crosby', '7136102001331392','1-sep-2017','Jefferson', 'New York', 'NY', '1090778146', 'Ally.Crosby@gmail.com', NULL);


--Reservation sample data

insert into Reservation values ('56807', '254870850', '2274', '9562112850567302', '17-dec-2016', 'N', 'NY', 'PIT');
insert into Reservation values ('45666', '884082467', '2513', '9804881302246557', '4-aug-2019', 'Y', 'PIT', 'BOS');
insert into Reservation values ('25292', '155134771', '1533', '7423267364453571', '13-dec-2018', 'Y', 'BOS', 'CHI');
insert into Reservation values ('54271', '131946187', '2041', '5245306415317414', '13-jan-2017', 'Y', 'CHI', 'LA');
insert into Reservation values ('91698', '637004878', '3230', '1859797146309749', '4-oct-2016', 'N', 'LA', 'MIL');
insert into Reservation values ('65963', '306539898', '4851', '7705806379482853', '17-feb-2018', 'N', 'MIL', 'NY');
insert into Reservation values ('92362', '584121437', '3657', '6386050324171296', '20-may-2016', 'N', 'NY', 'PIT');
insert into Reservation values ('71670', '798650926', '3022', '7827886517200525', '7-mar-2017', 'N', 'PIT', 'BOS');
insert into Reservation values ('15755', '828571779', '3808', '8192323907621211', '6-dec-2016', 'Y', 'BOS', 'CHI');
insert into Reservation values ('94186', '432825526', '4785', '7268357205511633', '17-jan-2017', 'Y', 'CHI', 'LA');
insert into Reservation values ('10515', '140246495', '4551', '9708183868321493', '7-oct-2017', 'Y', 'LA', 'MIL');
insert into Reservation values ('17565', '366172163', '1811', '4508325791653430', '3-mar-2016', 'Y', 'MIL', 'NY');
insert into Reservation values ('81693', '811863488', '1039', '2866740194031081', '7-jul-2018', 'N', 'NY', 'PIT');
insert into Reservation values ('19688', '112223438', '4140', '4607267781204325', '3-feb-2019', 'Y', 'PIT', 'BOS');
insert into Reservation values ('34620', '232726758', '2008', '1093463778205084', '23-jan-2018', 'Y', 'BOS', 'CHI');
insert into Reservation values ('40951', '811167037', '4047', '3193633749658801', '21-nov-2016', 'N', 'CHI', 'LA');
insert into Reservation values ('46023', '381584776', '2408', '3941891736026838', '16-jun-2017', 'N', 'LA', 'MIL');
insert into Reservation values ('98666', '420718019', '4065', '8743518386113104', '18-sep-2018', 'N', 'MIL', 'NY');
insert into Reservation values ('18042', '256770149', '2150', '5243750088898456', '23-dec-2017', 'Y', 'NY', 'PIT');
insert into Reservation values ('16915', '763939184', '3646', '3654890676471361', '6-oct-2019', 'Y', 'PIT', 'BOS');
insert into Reservation values ('94298', '938799003', '2574', '2765030737365904', '24-feb-2016', 'N', 'BOS', 'CHI');
insert into Reservation values ('35689', '666043931', '1269', '1960360106068977', '13-may-2018', 'N', 'CHI', 'LA');
insert into Reservation values ('89766', '468945118', '1049', '9444617204655148', '12-oct-2017', 'Y', 'LA', 'MIL');
insert into Reservation values ('33408', '302738603', '2727', '3406814279245731', '7-jul-2016', 'N', 'MIL', 'NY');
insert into Reservation values ('74937', '881402888', '2001', '3939670499607601', '2-oct-2016', 'Y', 'NY', 'PIT');
insert into Reservation values ('15292', '531784770', '4296', '8866133842195568', '11-feb-2017', 'Y', 'PIT', 'BOS');
insert into Reservation values ('56198', '408947863', '3217', '9278161141426262', '25-sep-2017', 'Y', 'BOS', 'CHI');
insert into Reservation values ('35456', '416893372', '2246', '7002874733684332', '16-aug-2019', 'N', 'CHI', 'LA');
insert into Reservation values ('93016', '369449587', '2679', '7255330979279901', '16-sep-2019', 'N', 'LA', 'MIL');
insert into Reservation values ('27133', '437859558', '2784', '6312842728278466', '8-nov-2017', 'Y', 'MIL', 'NY');
insert into Reservation values ('49354', '356317376', '1201', '3451245042126384', '16-may-2016', 'N', 'NY', 'PIT');
insert into Reservation values ('28634', '171541901', '3389', '5177652054657865', '4-jun-2019', 'N', 'PIT', 'BOS');
insert into Reservation values ('42957', '461248345', '1735', '1221290767024480', '1-feb-2017', 'N', 'BOS', 'CHI');
insert into Reservation values ('26053', '522282795', '1331', '8614787443322688', '20-nov-2019', 'N', 'CHI', 'LA');
insert into Reservation values ('64710', '651724614', '1338', '7574912806905999', '27-may-2018', 'N', 'LA', 'MIL');
insert into Reservation values ('61862', '632780302', '2634', '8200990694169371', '6-oct-2018', 'Y', 'MIL', 'NY');
insert into Reservation values ('69028', '926603455', '3541', '6957272827008888', '5-dec-2016', 'N', 'NY', 'PIT');
insert into Reservation values ('53185', '483091994', '1711', '5883840341917551', '24-apr-2019', 'N', 'PIT', 'BOS');
insert into Reservation values ('69178', '438861779', '2705', '2870721992348714', '11-feb-2019', 'Y', 'BOS', 'CHI');
insert into Reservation values ('75108', '992194858', '473', '3286947500912760', '7-dec-2018', 'N', 'CHI', 'LA');
insert into Reservation values ('89254', '428094456', '431', '9895473281962137', '23-dec-2018', 'N', 'LA', 'MIL');
insert into Reservation values ('37686', '489513870', '3879', '4662898907554420', '15-jan-2018', 'N', 'MIL', 'NY');
insert into Reservation values ('83652', '532158450', '1553', '2491136048799491', '15-oct-2017', 'N', 'NY', 'PIT');
insert into Reservation values ('50248', '755917042', '1484', '8624878344492222', '15-dec-2019', 'Y', 'PIT', 'BOS');
insert into Reservation values ('25275', '258833927', '1508', '8773507005026942', '21-jan-2016', 'N', 'BOS', 'CHI');
insert into Reservation values ('41979', '580843998', '1126', '9780766019404055', '3-aug-2017', 'Y', 'CHI', 'LA');
insert into Reservation values ('38451', '409318250', '3922', '1345534437606843', '21-apr-2019', 'N', 'LA', 'MIL');
insert into Reservation values ('58041', '298178894', '1296', '6010494032247510', '18-feb-2019', 'N', 'MIL', 'NY');
insert into Reservation values ('60030', '993309604', '1142', '7700632876834414', '8-aug-2018', 'N', 'NY', 'PIT');
insert into Reservation values ('54120', '866392285', '1197', '1762680212091543', '10-may-2018', 'Y', 'PIT', 'BOS');
insert into Reservation values ('68524', '992613385', '2913', '6372106032599101', '6-jun-2018', 'N', 'BOS', 'CHI');
insert into Reservation values ('56339', '146656536', '1747', '7639843268497479', '3-jun-2018', 'Y', 'CHI', 'LA');
insert into Reservation values ('66161', '757671296', '4494', '7910004010434289', '28-sep-2017', 'Y', 'LA', 'MIL');
insert into Reservation values ('99610', '403649381', '1177', '9065838939739008', '16-dec-2019', 'N', 'MIL', 'NY');
insert into Reservation values ('20637', '879258647', '2140', '2234821031504575', '26-jun-2018', 'N', 'NY', 'PIT');
insert into Reservation values ('52959', '247959753', '3707', '4028751381587990', '27-jun-2017', 'N', 'PIT', 'BOS');
insert into Reservation values ('21838', '603388496', '4016', '5308800250702579', '17-dec-2019', 'Y', 'BOS', 'CHI');
insert into Reservation values ('45677', '816100723', '1867', '2840545624789350', '23-nov-2019', 'N', 'CHI', 'LA');
insert into Reservation values ('90433', '646683573', '1575', '1382890767851481', '27-feb-2017', 'Y', 'LA', 'MIL');
insert into Reservation values ('35849', '377684353', '4922', '2402675085427404', '9-jan-2019', 'Y', 'MIL', 'NY');
insert into Reservation values ('18055', '765118012', '2839', '1053561224928038', '18-nov-2019', 'Y', 'NY', 'PIT');
insert into Reservation values ('43252', '575241175', '3128', '2365604819188529', '16-feb-2016', 'N', 'PIT', 'BOS');
insert into Reservation values ('28259', '767423704', '3990', '8631934295756383', '11-aug-2018', 'Y', 'BOS', 'CHI');
insert into Reservation values ('83808', '722882516', '1646', '6289737316413873', '14-oct-2017', 'Y', 'CHI', 'LA');
insert into Reservation values ('39961', '862394170', '1804', '4343413478768927', '28-jan-2017', 'Y', 'LA', 'MIL');
insert into Reservation values ('54588', '508719943', '114', '5504626040815384', '6-jun-2018', 'Y', 'MIL', 'NY');
insert into Reservation values ('50785', '718439433', '4473', '4156892890091306', '19-jul-2018', 'N', 'NY', 'PIT');
insert into Reservation values ('31868', '311987140', '3100', '6548223482246221', '18-dec-2019', 'Y', 'PIT', 'BOS');
insert into Reservation values ('97803', '696882238', '2320', '1215195218770313', '18-mar-2019', 'Y', 'BOS', 'CHI');
insert into Reservation values ('49814', '353422441', '4118', '5843971608987413', '26-may-2017', 'N', 'CHI', 'LA');
insert into Reservation values ('96368', '953786911', '2144', '1294984643668118', '6-apr-2019', 'Y', 'LA', 'MIL');
insert into Reservation values ('34903', '285255767', '3348', '8458339058181090', '15-sep-2018', 'N', 'MIL', 'NY');
insert into Reservation values ('66102', '978398715', '2221', '4165618049973805', '16-jul-2018', 'N', 'NY', 'PIT');
insert into Reservation values ('52310', '540093980', '3316', '5124517069739635', '3-apr-2016', 'Y', 'PIT', 'BOS');
insert into Reservation values ('78532', '449425711', '4394', '7648419319327921', '2-may-2016', 'N', 'BOS', 'CHI');
insert into Reservation values ('66194', '944000854', '1869', '1828964333636319', '14-oct-2019', 'N', 'CHI', 'LA');
insert into Reservation values ('88194', '823471801', '1552', '1195080160759594', '18-feb-2018', 'Y', 'LA', 'MIL');
insert into Reservation values ('80754', '175350690', '133', '7813735555924869', '10-feb-2018', 'N', 'MIL', 'NY');
insert into Reservation values ('46525', '218451019', '3180', '1062689712690043', '27-mar-2016', 'N', 'NY', 'PIT');
insert into Reservation values ('25101', '727341697', '4564', '1621702332352766', '26-dec-2017', 'N', 'PIT', 'BOS');
insert into Reservation values ('64055', '156070309', '662', '7054137336231427', '1-jan-2017', 'N', 'BOS', 'CHI');
insert into Reservation values ('77027', '601496526', '2887', '9128158037832759', '13-nov-2018', 'N', 'CHI', 'LA');
insert into Reservation values ('61258', '963206880', '1960', '8240546246572729', '7-aug-2016', 'N', 'LA', 'MIL');
insert into Reservation values ('52264', '845203137', '3966', '5199399074441683', '9-nov-2018', 'N', 'MIL', 'NY');
insert into Reservation values ('74707', '776038492', '4077', '3885492020205376', '9-jul-2017', 'N', 'NY', 'PIT');
insert into Reservation values ('77164', '264149996', '3282', '6149649957565839', '28-may-2019', 'N', 'PIT', 'BOS');
insert into Reservation values ('92060', '494926016', '4467', '9901015506996365', '5-mar-2017', 'N', 'BOS', 'CHI');
insert into Reservation values ('29591', '922803077', '3407', '4355946450183060', '11-mar-2018', 'Y', 'CHI', 'LA');
insert into Reservation values ('44447', '687977508', '4278', '6562621137584335', '10-jun-2018', 'Y', 'LA', 'MIL');
insert into Reservation values ('64130', '553593976', '4905', '8308822327881028', '16-oct-2019', 'N', 'MIL', 'NY');
insert into Reservation values ('28287', '816595801', '268', '7139692610969115', '8-nov-2016', 'Y', 'NY', 'PIT');
insert into Reservation values ('68484', '586042908', '738', '5520478158909235', '10-jul-2016', 'Y', 'PIT', 'BOS');
insert into Reservation values ('91286', '780467211', '357', '5506522129303569', '18-apr-2016', 'N', 'BOS', 'CHI');
insert into Reservation values ('28558', '410192226', '534', '4130165058497735', '12-jan-2019', 'Y', 'CHI', 'LA');
insert into Reservation values ('27740', '784057302', '4857', '2782235039326809', '16-jun-2017', 'N', 'LA', 'MIL');
insert into Reservation values ('98130', '552985557', '3241', '2025337665399283', '5-jul-2019', 'Y', 'MIL', 'NY');
insert into Reservation values ('21340', '754170591', '163', '7457339175953946', '18-jan-2019', 'N', 'NY', 'PIT');
insert into Reservation values ('72870', '614799155', '3726', '3382071219902351', '23-sep-2017', 'N', 'PIT', 'BOS');
insert into Reservation values ('29631', '394827387', '300', '1088353108156379', '15-jul-2019', 'N', 'BOS', 'CHI');
insert into Reservation values ('11288', '233538441', '2393', '7121032390924128', '13-jan-2016', 'Y', 'CHI', 'LA');
insert into Reservation values ('99271', '907695124', '3246', '1584298408014627', '13-jun-2017', 'N', 'LA', 'MIL');
insert into Reservation values ('87992', '169483543', '1940', '7442298570511049', '13-oct-2017', 'N', 'MIL', 'NY');
insert into Reservation values ('41377', '383182391', '4840', '5873929343531782', '15-jan-2016', 'Y', 'NY', 'PIT');
insert into Reservation values ('52519', '448938636', '182', '3512297766317519', '24-jan-2019', 'Y', 'PIT', 'BOS');
insert into Reservation values ('46404', '770872807', '4429', '3691286006189022', '25-mar-2018', 'N', 'BOS', 'CHI');
insert into Reservation values ('45904', '943607843', '759', '9871489752018222', '15-may-2016', 'N', 'CHI', 'LA');
insert into Reservation values ('59687', '178014868', '4603', '8863220561021102', '7-feb-2019', 'N', 'LA', 'MIL');
insert into Reservation values ('81394', '843521719', '4915', '4204160401314691', '20-dec-2019', 'Y', 'MIL', 'NY');
insert into Reservation values ('66828', '995430620', '4212', '2551956923546461', '17-jul-2018', 'Y', 'NY', 'PIT');
insert into Reservation values ('44195', '491838038', '2830', '6919879398733388', '16-sep-2018', 'Y', 'PIT', 'BOS');
insert into Reservation values ('11027', '227032028', '1492', '2897093798579205', '12-mar-2017', 'N', 'BOS', 'CHI');
insert into Reservation values ('72668', '913693906', '1506', '8763207232546445', '5-apr-2017', 'Y', 'CHI', 'LA');
insert into Reservation values ('49302', '836081324', '4610', '8059382853235888', '6-may-2018', 'Y', 'LA', 'MIL');
insert into Reservation values ('68858', '911138392', '3043', '2527892401212934', '16-feb-2016', 'Y', 'MIL', 'NY');
insert into Reservation values ('38596', '360280537', '13', '8733048395198104', '25-dec-2018', 'Y', 'NY', 'PIT');
insert into Reservation values ('84481', '402867218', '36', '6932365258705036', '23-sep-2019', 'Y', 'PIT', 'BOS');
insert into Reservation values ('33071', '470653089', '759', '5259645827198348', '19-jan-2019', 'N', 'BOS', 'CHI');
insert into Reservation values ('81719', '863095521', '3726', '3045744751085380', '1-jun-2016', 'N', 'CHI', 'LA');
insert into Reservation values ('34345', '492519956', '2412', '9346833427130375', '20-jun-2016', 'Y', 'LA', 'MIL');
insert into Reservation values ('79605', '815559468', '3659', '9294834219277683', '10-mar-2019', 'N', 'MIL', 'NY');
insert into Reservation values ('89809', '175830440', '2981', '6377542762702416', '9-jun-2017', 'Y', 'NY', 'PIT');
insert into Reservation values ('86086', '482408104', '1701', '8416122962803741', '9-feb-2019', 'N', 'PIT', 'BOS');
insert into Reservation values ('14690', '218343783', '627', '8555978766717303', '8-feb-2017', 'Y', 'BOS', 'CHI');
insert into Reservation values ('95565', '267137056', '2357', '2529324619155207', '20-aug-2018', 'Y', 'CHI', 'LA');
insert into Reservation values ('11929', '949532609', '1924', '6662592687075327', '7-jun-2016', 'Y', 'LA', 'MIL');
insert into Reservation values ('16766', '912180759', '575', '8832883313058787', '21-oct-2016', 'N', 'MIL', 'NY');
insert into Reservation values ('10659', '164916074', '3868', '7698010689862624', '11-jun-2019', 'N', 'NY', 'PIT');
insert into Reservation values ('20800', '407230526', '4291', '2158763175612935', '17-feb-2019', 'N', 'PIT', 'BOS');
insert into Reservation values ('58027', '518826706', '1289', '4521358926910755', '4-dec-2016', 'Y', 'BOS', 'CHI');
insert into Reservation values ('76535', '235014864', '1043', '1535506967615224', '8-aug-2018', 'N', 'CHI', 'LA');
insert into Reservation values ('60787', '826718948', '294', '3258024981470526', '16-sep-2019', 'N', 'LA', 'MIL');
insert into Reservation values ('72395', '927457426', '2976', '7467750340463211', '12-may-2017', 'Y', 'MIL', 'NY');
insert into Reservation values ('31811', '932451523', '2177', '8540851908064923', '18-oct-2018', 'N', 'NY', 'PIT');
insert into Reservation values ('49123', '456310217', '446', '2649051694721425', '20-dec-2018', 'N', 'PIT', 'BOS');
insert into Reservation values ('57625', '564383480', '975', '6909639945623468', '16-dec-2019', 'N', 'BOS', 'CHI');
insert into Reservation values ('91554', '592992841', '2828', '5625286965999292', '23-dec-2017', 'N', 'CHI', 'LA');
insert into Reservation values ('83859', '864844870', '4026', '3779928483506557', '20-nov-2019', 'Y', 'LA', 'MIL');
insert into Reservation values ('58618', '176716235', '126', '1521907809067305', '11-aug-2018', 'Y', 'MIL', 'NY');
insert into Reservation values ('31949', '137158702', '3809', '4485336850430727', '24-apr-2017', 'N', 'NY', 'PIT');
insert into Reservation values ('37838', '853769780', '4114', '3582997450878025', '18-jul-2017', 'N', 'PIT', 'BOS');
insert into Reservation values ('74197', '517702596', '2646', '3824278722952807', '1-oct-2017', 'N', 'BOS', 'CHI');
insert into Reservation values ('99148', '782892136', '3837', '4188132496102534', '8-dec-2019', 'Y', 'CHI', 'LA');
insert into Reservation values ('10049', '591377168', '1113', '1492596181287078', '15-apr-2017', 'N', 'LA', 'MIL');
insert into Reservation values ('57003', '470951277', '4', '6950790439100891', '2-aug-2016', 'N', 'MIL', 'NY');
insert into Reservation values ('82913', '400391306', '3251', '2659941913191536', '27-sep-2016', 'N', 'NY', 'PIT');
insert into Reservation values ('22378', '732033747', '3976', '5606137859879693', '23-aug-2017', 'N', 'PIT', 'BOS');
insert into Reservation values ('26470', '278775251', '3032', '6820147424883733', '20-jul-2018', 'N', 'BOS', 'CHI');
insert into Reservation values ('71927', '529174236', '3589', '1873484557109271', '15-apr-2016', 'N', 'CHI', 'LA');
insert into Reservation values ('30269', '483469534', '1648', '4088830779911099', '2-apr-2017', 'N', 'LA', 'MIL');
insert into Reservation values ('68955', '622409722', '4274', '3043963466130451', '1-apr-2018', 'N', 'MIL', 'NY');
insert into Reservation values ('32774', '479192814', '1902', '4291851488190695', '11-aug-2016', 'Y', 'NY', 'PIT');
insert into Reservation values ('72834', '285629183', '3913', '9931227049504939', '17-feb-2019', 'Y', 'PIT', 'BOS');
insert into Reservation values ('89440', '612504634', '4691', '7481670254269105', '16-dec-2017', 'N', 'BOS', 'CHI');
insert into Reservation values ('70538', '282758430', '4160', '3347331991457880', '25-sep-2018', 'Y', 'CHI', 'LA');
insert into Reservation values ('12172', '637659871', '2896', '5872739582876227', '14-jan-2017', 'Y', 'LA', 'MIL');
insert into Reservation values ('74027', '829269455', '1370', '9636725620591397', '5-nov-2019', 'Y', 'MIL', 'NY');
insert into Reservation values ('45141', '560083875', '3064', '7764361074388393', '2-aug-2019', 'N', 'NY', 'PIT');
insert into Reservation values ('70156', '644027345', '4084', '8353796708149683', '19-mar-2018', 'Y', 'PIT', 'BOS');
insert into Reservation values ('26788', '541034285', '1649', '5542095305730439', '24-dec-2017', 'N', 'BOS', 'CHI');
insert into Reservation values ('59644', '138848040', '3943', '6164393441179939', '1-jan-2017', 'N', 'CHI', 'LA');
insert into Reservation values ('63593', '875460674', '4360', '7655262267842506', '8-jun-2019', 'N', 'LA', 'MIL');
insert into Reservation values ('82911', '634344407', '1849', '9094757963396076', '28-apr-2017', 'Y', 'MIL', 'NY');
insert into Reservation values ('90338', '942859734', '3787', '9848327055625702', '15-mar-2019', 'N', 'NY', 'PIT');
insert into Reservation values ('65443', '184684099', '2852', '8665163340834421', '26-may-2018', 'N', 'PIT', 'BOS');
insert into Reservation values ('57613', '631963550', '4459', '9046720406849311', '20-aug-2019', 'N', 'BOS', 'CHI');
insert into Reservation values ('76032', '771516575', '4129', '2789762982940295', '3-aug-2018', 'N', 'CHI', 'LA');
insert into Reservation values ('75765', '587319772', '724', '8775119898743819', '28-jun-2016', 'N', 'LA', 'MIL');
insert into Reservation values ('84018', '787854858', '3136', '4857696810417517', '26-oct-2018', 'Y', 'MIL', 'NY');
insert into Reservation values ('62956', '531585862', '847', '6678936960331676', '28-aug-2018', 'N', 'NY', 'PIT');
insert into Reservation values ('88108', '391664518', '3390', '8787111201911319', '11-jun-2019', 'N', 'PIT', 'BOS');
insert into Reservation values ('95429', '714399427', '3791', '3656338074189245', '12-jan-2016', 'N', 'BOS', 'CHI');
insert into Reservation values ('43618', '822814414', '283', '7218922229823578', '21-oct-2019', 'Y', 'CHI', 'LA');
insert into Reservation values ('86600', '627034169', '1475', '2788299889541812', '12-apr-2019', 'Y', 'LA', 'MIL');
insert into Reservation values ('89647', '599076771', '2139', '7270025713264425', '16-sep-2017', 'Y', 'MIL', 'NY');
insert into Reservation values ('28815', '859018729', '4848', '9962481635122607', '24-jun-2016', 'Y', 'NY', 'PIT');
insert into Reservation values ('45600', '420184008', '2906', '8275411187645346', '27-feb-2018', 'N', 'PIT', 'BOS');
insert into Reservation values ('53845', '486925502', '2132', '9795427855581423', '7-may-2018', 'N', 'BOS', 'CHI');
insert into Reservation values ('75009', '293098278', '2594', '3811076436969581', '1-nov-2017', 'N', 'CHI', 'LA');
insert into Reservation values ('24104', '428284307', '4361', '7816293238488961', '28-may-2019', 'Y', 'LA', 'MIL');
insert into Reservation values ('49230', '166952980', '843', '6858427535214591', '23-dec-2019', 'Y', 'MIL', 'NY');
insert into Reservation values ('88985', '474825028', '2766', '4504304342427233', '1-oct-2019', 'N', 'NY', 'PIT');
insert into Reservation values ('58340', '157429690', '4763', '2625969429832906', '19-jun-2018', 'N', 'PIT', 'BOS');
insert into Reservation values ('41148', '432470839', '2930', '1857721596980987', '16-jan-2016', 'N', 'BOS', 'CHI');
insert into Reservation values ('60529', '343113402', '4337', '8803786349553421', '13-jul-2016', 'Y', 'CHI', 'LA');
insert into Reservation values ('79632', '402895200', '1020', '8891082134623504', '8-apr-2018', 'N', 'LA', 'MIL');
insert into Reservation values ('52876', '916113360', '2535', '3717407040699280', '5-apr-2016', 'N', 'MIL', 'NY');
insert into Reservation values ('23705', '109214910', '2764', '5056300218156873', '11-may-2016', 'N', 'NY', 'PIT');
insert into Reservation values ('84678', '189509200', '93', '1566741972733191', '19-oct-2017', 'N', 'PIT', 'BOS');
insert into Reservation values ('44303', '860944714', '3805', '9841278532883183', '3-jan-2017', 'Y', 'BOS', 'CHI');
insert into Reservation values ('58195', '764439376', '432', '4071567943740890', '16-jan-2019', 'Y', 'CHI', 'LA');
insert into Reservation values ('74502', '200335178', '2525', '4258503738248676', '8-nov-2016', 'Y', 'LA', 'MIL');
insert into Reservation values ('13991', '814726639', '3612', '9660159280383904', '19-feb-2018', 'N', 'MIL', 'NY');
insert into Reservation values ('77365', '773414551', '4425', '2650466320828533', '22-dec-2017', 'N', 'NY', 'PIT');
insert into Reservation values ('99128', '532045834', '2930', '2073907015985053', '12-mar-2019', 'Y', 'PIT', 'BOS');
insert into Reservation values ('63744', '678712743', '4654', '5245246991237545', '7-may-2018', 'Y', 'BOS', 'CHI');
insert into Reservation values ('95315', '763616744', '4123', '4664345732241330', '22-feb-2018', 'Y', 'CHI', 'LA');
insert into Reservation values ('57618', '456012907', '4485', '3914413798493378', '10-aug-2018', 'N', 'LA', 'MIL');
insert into Reservation values ('73718', '720684348', '2345', '9016846659122513', '10-feb-2019', 'N', 'MIL', 'NY');
insert into Reservation values ('96558', '664784246', '4892', '5262834692271158', '2-nov-2017', 'N', 'NY', 'PIT');
insert into Reservation values ('90534', '928704320', '4486', '5586345640974594', '26-nov-2017', 'Y', 'PIT', 'BOS');
insert into Reservation values ('24886', '161476848', '741', '2443057222501149', '10-jan-2016', 'N', 'BOS', 'CHI');
insert into Reservation values ('52329', '568264005', '2246', '6857819095347049', '12-mar-2019', 'Y', 'CHI', 'LA');
insert into Reservation values ('23856', '255112210', '4122', '8015692313954762', '23-sep-2018', 'Y', 'LA', 'MIL');
insert into Reservation values ('32060', '271610553', '3646', '4225274257465819', '23-mar-2017', 'N', 'MIL', 'NY');
insert into Reservation values ('68187', '302654109', '3614', '9035551380882355', '4-may-2018', 'N', 'NY', 'PIT');
insert into Reservation values ('82510', '563897093', '4641', '1626962833779437', '19-jan-2017', 'N', 'PIT', 'BOS');
insert into Reservation values ('57437', '716319223', '88', '8760635342354459', '15-jul-2018', 'Y', 'BOS', 'CHI');
insert into Reservation values ('66033', '270410101', '3087', '9147577170253424', '4-nov-2018', 'N', 'CHI', 'LA');
insert into Reservation values ('38838', '672814959', '3576', '2510101756131077', '8-aug-2019', 'N', 'LA', 'MIL');
insert into Reservation values ('96111', '390571399', '2086', '1292549414665268', '11-mar-2016', 'N', 'MIL', 'NY');
insert into Reservation values ('38143', '683041036', '4564', '9500661915812342', '18-feb-2017', 'Y', 'NY', 'PIT');
insert into Reservation values ('44849', '725926056', '2527', '3789512828498964', '23-dec-2019', 'N', 'PIT', 'BOS');
insert into Reservation values ('50444', '597886691', '4409', '3336301196655156', '28-feb-2017', 'N', 'BOS', 'CHI');
insert into Reservation values ('89674', '790199769', '3754', '5285400070849999', '22-nov-2016', 'N', 'CHI', 'LA');
insert into Reservation values ('55914', '327745168', '2020', '4858712961228342', '4-feb-2019', 'N', 'LA', 'MIL');
insert into Reservation values ('30190', '683252305', '2283', '7678544303389548', '15-oct-2018', 'Y', 'MIL', 'NY');
insert into Reservation values ('27088', '918809159', '3103', '6043709686129466', '12-jun-2016', 'N', 'NY', 'PIT');
insert into Reservation values ('11889', '852086693', '2120', '4672476856126721', '5-jan-2016', 'N', 'PIT', 'BOS');
insert into Reservation values ('68624', '615183480', '1110', '2643854148790226', '27-apr-2017', 'Y', 'BOS', 'CHI');
insert into Reservation values ('76318', '304261084', '3219', '4972615337580982', '10-apr-2016', 'N', 'CHI', 'LA');
insert into Reservation values ('33803', '355902721', '2509', '4349101524768817', '27-jun-2018', 'Y', 'LA', 'MIL');
insert into Reservation values ('88743', '895833805', '1322', '3930494034034325', '15-jun-2018', 'N', 'MIL', 'NY');
insert into Reservation values ('98185', '124799733', '3576', '6886707198697361', '19-feb-2018', 'Y', 'NY', 'PIT');
insert into Reservation values ('52600', '836376008', '4874', '6512292898459866', '22-jul-2018', 'N', 'PIT', 'BOS');
insert into Reservation values ('61485', '559562167', '1658', '1401103358870942', '16-mar-2016', 'Y', 'BOS', 'CHI');
insert into Reservation values ('19931', '148481683', '1169', '9814313762732762', '11-dec-2018', 'Y', 'CHI', 'LA');
insert into Reservation values ('78315', '616465953', '3694', '9652127102304302', '2-apr-2016', 'N', 'LA', 'MIL');
insert into Reservation values ('67330', '913756731', '4510', '2478500691683840', '20-jul-2018', 'N', 'MIL', 'NY');
insert into Reservation values ('62231', '709667814', '4327', '7187198011378539', '24-jan-2019', 'Y', 'NY', 'PIT');
insert into Reservation values ('58474', '489728270', '4143', '2559107732469330', '14-may-2017', 'N', 'PIT', 'BOS');
insert into Reservation values ('52023', '945298889', '958', '7167308938868309', '28-oct-2018', 'Y', 'BOS', 'CHI');
insert into Reservation values ('74072', '870675182', '145', '2328801965602103', '13-mar-2019', 'N', 'CHI', 'LA');
insert into Reservation values ('66362', '447188501', '4086', '9883152421256979', '23-jan-2018', 'N', 'LA', 'MIL');
insert into Reservation values ('63007', '168120032', '1908', '9995507511280879', '7-apr-2019', 'Y', 'MIL', 'NY');
insert into Reservation values ('63082', '779094964', '3169', '5842238167904766', '21-oct-2019', 'Y', 'NY', 'PIT');
insert into Reservation values ('59098', '606587266', '4380', '2017826156839661', '23-oct-2018', 'Y', 'PIT', 'BOS');
insert into Reservation values ('70878', '188651321', '1624', '2886717930484081', '23-nov-2019', 'N', 'BOS', 'CHI');
insert into Reservation values ('10151', '549855695', '192', '4263353377438220', '9-nov-2018', 'Y', 'CHI', 'LA');
insert into Reservation values ('91012', '151153554', '2891', '7760590484059892', '25-may-2019', 'N', 'LA', 'MIL');
insert into Reservation values ('94669', '146367100', '4628', '9230899428895205', '13-oct-2019', 'Y', 'MIL', 'NY');
insert into Reservation values ('60765', '402371876', '4132', '3509335117110624', '27-dec-2019', 'N', 'NY', 'PIT');
insert into Reservation values ('64761', '210274851', '3700', '6426522451306396', '10-jun-2016', 'N', 'PIT', 'BOS');
insert into Reservation values ('86734', '863315738', '4641', '1445533527491658', '11-jul-2018', 'N', 'BOS', 'CHI');
insert into Reservation values ('45167', '969387291', '3667', '7120025594241196', '4-nov-2016', 'Y', 'CHI', 'LA');
insert into Reservation values ('51183', '306141301', '128', '1114875204036023', '13-dec-2019', 'N', 'LA', 'MIL');
insert into Reservation values ('27928', '922862597', '158', '8238600687387746', '13-may-2018', 'N', 'MIL', 'NY');
insert into Reservation values ('56149', '908603308', '4938', '2441048542221921', '4-aug-2018', 'Y', 'NY', 'PIT');
insert into Reservation values ('58706', '623091347', '4112', '6412136062827513', '28-nov-2018', 'Y', 'PIT', 'BOS');
insert into Reservation values ('21308', '578895217', '4819', '3062404172179314', '3-dec-2016', 'N', 'BOS', 'CHI');
insert into Reservation values ('45951', '604308918', '646', '7136102001331392', '9-sep-2017', 'Y', 'CHI', 'LA');
insert into Reservation values ('80808', '254870850', '2118', '9562112850567302', '20-jul-2018', 'Y', 'LA', 'MIL');
insert into Reservation values ('71736', '884082467', '1910', '9804881302246557', '23-jun-2018', 'Y', 'MIL', 'NY');
insert into Reservation values ('36099', '155134771', '4215', '7423267364453571', '16-jan-2019', 'N', 'NY', 'PIT');
insert into Reservation values ('46788', '131946187', '4509', '5245306415317414', '9-jun-2019', 'N', 'PIT', 'BOS');
insert into Reservation values ('55901', '637004878', '4367', '1859797146309749', '17-sep-2018', 'Y', 'BOS', 'CHI');
insert into Reservation values ('94451', '306539898', '4670', '7705806379482853', '14-mar-2018', 'Y', 'CHI', 'LA');
insert into Reservation values ('82838', '584121437', '1012', '6386050324171296', '21-jul-2019', 'Y', 'LA', 'MIL');
insert into Reservation values ('41767', '798650926', '1214', '7827886517200525', '26-jul-2016', 'N', 'MIL', 'NY');
insert into Reservation values ('62368', '828571779', '4707', '8192323907621211', '11-sep-2019', 'N', 'NY', 'PIT');
insert into Reservation values ('25893', '432825526', '2867', '7268357205511633', '16-apr-2017', 'N', 'PIT', 'BOS');
insert into Reservation values ('20912', '140246495', '561', '9708183868321493', '19-jan-2017', 'Y', 'BOS', 'CHI');
insert into Reservation values ('23701', '366172163', '874', '4508325791653430', '27-apr-2017', 'Y', 'CHI', 'LA');
insert into Reservation values ('75724', '811863488', '515', '2866740194031081', '16-may-2019', 'N', 'LA', 'MIL');
insert into Reservation values ('69408', '112223438', '4008', '4607267781204325', '7-apr-2017', 'N', 'MIL', 'NY');
insert into Reservation values ('12402', '232726758', '2514', '1093463778205084', '18-jan-2019', 'Y', 'NY', 'PIT');
insert into Reservation values ('21298', '811167037', '661', '3193633749658801', '13-feb-2019', 'Y', 'PIT', 'BOS');
insert into Reservation values ('84562', '381584776', '522', '3941891736026838', '11-apr-2016', 'N', 'BOS', 'CHI');
insert into Reservation values ('18080', '420718019', '3558', '8743518386113104', '21-jul-2017', 'Y', 'CHI', 'LA');
insert into Reservation values ('33419', '256770149', '997', '5243750088898456', '2-feb-2019', 'Y', 'LA', 'MIL');
insert into Reservation values ('12146', '763939184', '3460', '3654890676471361', '17-oct-2016', 'Y', 'MIL', 'NY');
insert into Reservation values ('68999', '938799003', '3691', '2765030737365904', '12-aug-2019', 'N', 'NY', 'PIT');
insert into Reservation values ('79260', '666043931', '481', '1960360106068977', '3-feb-2016', 'Y', 'PIT', 'BOS');
insert into Reservation values ('52563', '468945118', '843', '9444617204655148', '20-mar-2016', 'Y', 'BOS', 'CHI');
insert into Reservation values ('27288', '302738603', '2847', '3406814279245731', '20-jan-2018', 'N', 'CHI', 'LA');
insert into Reservation values ('49917', '881402888', '1884', '3939670499607601', '8-feb-2019', 'N', 'LA', 'MIL');
insert into Reservation values ('90298', '531784770', '3645', '8866133842195568', '20-may-2016', 'N', 'MIL', 'NY');
insert into Reservation values ('75869', '408947863', '3828', '9278161141426262', '7-may-2017', 'N', 'NY', 'PIT');
insert into Reservation values ('34703', '416893372', '217', '7002874733684332', '3-aug-2017', 'Y', 'PIT', 'BOS');
insert into Reservation values ('19463', '369449587', '212', '7255330979279901', '27-aug-2019', 'N', 'BOS', 'CHI');
insert into Reservation values ('39301', '437859558', '3646', '6312842728278466', '21-oct-2019', 'Y', 'CHI', 'LA');
insert into Reservation values ('83148', '356317376', '624', '3451245042126384', '5-feb-2017', 'Y', 'LA', 'MIL');
insert into Reservation values ('15300', '171541901', '778', '5177652054657865', '5-jan-2019', 'Y', 'MIL', 'NY');
insert into Reservation values ('45814', '461248345', '2852', '1221290767024480', '7-jan-2017', 'N', 'NY', 'PIT');
insert into Reservation values ('77533', '522282795', '508', '8614787443322688', '1-aug-2019', 'Y', 'PIT', 'BOS');
insert into Reservation values ('50326', '651724614', '1728', '7574912806905999', '19-feb-2018', 'N', 'BOS', 'CHI');
insert into Reservation values ('43905', '632780302', '130', '8200990694169371', '25-mar-2016', 'Y', 'CHI', 'LA');
insert into Reservation values ('53989', '926603455', '4875', '6957272827008888', '27-aug-2016', 'Y', 'LA', 'MIL');
insert into Reservation values ('77075', '483091994', '1601', '5883840341917551', '12-mar-2018', 'Y', 'MIL', 'NY');
insert into Reservation values ('71484', '438861779', '4303', '2870721992348714', '8-mar-2017', 'Y', 'NY', 'PIT');
insert into Reservation values ('35909', '992194858', '4107', '3286947500912760', '3-apr-2017', 'Y', 'PIT', 'BOS');
insert into Reservation values ('55579', '428094456', '1218', '9895473281962137', '3-dec-2018', 'N', 'BOS', 'CHI');
insert into Reservation values ('30143', '489513870', '1892', '4662898907554420', '6-oct-2016', 'Y', 'CHI', 'LA');
insert into Reservation values ('47783', '532158450', '2259', '2491136048799491', '20-jan-2017', 'Y', 'LA', 'MIL');
insert into Reservation values ('22892', '755917042', '4120', '8624878344492222', '6-oct-2016', 'N', 'MIL', 'NY');
insert into Reservation values ('47221', '258833927', '1996', '8773507005026942', '19-mar-2018', 'N', 'NY', 'PIT');
insert into Reservation values ('13378', '580843998', '1215', '9780766019404055', '8-mar-2016', 'Y', 'PIT', 'BOS');
insert into Reservation values ('11690', '409318250', '4894', '1345534437606843', '15-jul-2017', 'N', 'BOS', 'CHI');
insert into Reservation values ('88346', '298178894', '964', '6010494032247510', '16-may-2017', 'N', 'CHI', 'LA');
insert into Reservation values ('60823', '993309604', '4472', '7700632876834414', '3-apr-2016', 'N', 'LA', 'MIL');
insert into Reservation values ('16514', '866392285', '1924', '1762680212091543', '5-nov-2018', 'Y', 'MIL', 'NY');
insert into Reservation values ('68013', '992613385', '3254', '6372106032599101', '27-jun-2018', 'Y', 'NY', 'PIT');
insert into Reservation values ('73017', '146656536', '3608', '7639843268497479', '16-nov-2019', 'Y', 'PIT', 'BOS');
insert into Reservation values ('73209', '757671296', '3003', '7910004010434289', '8-jul-2017', 'Y', 'BOS', 'CHI');
insert into Reservation values ('12783', '403649381', '4246', '9065838939739008', '25-nov-2017', 'N', 'CHI', 'LA');
insert into Reservation values ('42332', '879258647', '193', '2234821031504575', '9-feb-2018', 'N', 'LA', 'MIL');
insert into Reservation values ('47323', '247959753', '4381', '4028751381587990', '27-sep-2018', 'N', 'MIL', 'NY');
insert into Reservation values ('63553', '603388496', '3761', '5308800250702579', '24-jan-2017', 'N', 'NY', 'PIT');
insert into Reservation values ('68503', '816100723', '3097', '2840545624789350', '18-jun-2018', 'Y', 'PIT', 'BOS');
insert into Reservation values ('67546', '646683573', '3107', '1382890767851481', '11-jul-2016', 'N', 'BOS', 'CHI');
insert into Reservation values ('68324', '377684353', '1477', '2402675085427404', '22-jun-2018', 'N', 'CHI', 'LA');
insert into Reservation values ('65859', '765118012', '2081', '1053561224928038', '25-nov-2018', 'N', 'LA', 'MIL');
insert into Reservation values ('31428', '575241175', '980', '2365604819188529', '23-jun-2018', 'Y', 'MIL', 'NY');
insert into Reservation values ('15256', '767423704', '4961', '8631934295756383', '25-jul-2017', 'N', 'NY', 'PIT');
insert into Reservation values ('47340', '722882516', '2038', '6289737316413873', '23-feb-2017', 'Y', 'PIT', 'BOS');
insert into Reservation values ('27203', '862394170', '117', '4343413478768927', '10-mar-2016', 'N', 'BOS', 'CHI');
insert into Reservation values ('74046', '508719943', '1048', '5504626040815384', '22-feb-2016', 'N', 'CHI', 'LA');
insert into Reservation values ('51512', '718439433', '876', '4156892890091306', '3-feb-2018', 'N', 'LA', 'MIL');
insert into Reservation values ('72072', '311987140', '2030', '6548223482246221', '14-dec-2017', 'N', 'MIL', 'NY');
insert into Reservation values ('32461', '696882238', '3244', '1215195218770313', '28-may-2018', 'Y', 'NY', 'PIT');
insert into Reservation values ('41853', '353422441', '488', '5843971608987413', '8-jun-2017', 'Y', 'PIT', 'BOS');
insert into Reservation values ('59550', '953786911', '992', '1294984643668118', '27-dec-2016', 'Y', 'BOS', 'CHI');
insert into Reservation values ('96989', '285255767', '446', '8458339058181090', '23-oct-2017', 'Y', 'CHI', 'LA');
insert into Reservation values ('55517', '978398715', '3583', '4165618049973805', '6-aug-2017', 'N', 'LA', 'MIL');
insert into Reservation values ('92765', '540093980', '629', '5124517069739635', '19-apr-2016', 'N', 'MIL', 'NY');
insert into Reservation values ('84506', '449425711', '1093', '7648419319327921', '12-jan-2017', 'Y', 'NY', 'PIT');
insert into Reservation values ('24503', '944000854', '231', '1828964333636319', '13-apr-2016', 'N', 'PIT', 'BOS');
insert into Reservation values ('82368', '823471801', '3075', '1195080160759594', '23-oct-2018', 'N', 'BOS', 'CHI');
insert into Reservation values ('37807', '175350690', '4446', '7813735555924869', '7-nov-2017', 'Y', 'CHI', 'LA');
insert into Reservation values ('55509', '218451019', '1727', '1062689712690043', '13-nov-2019', 'N', 'LA', 'MIL');
insert into Reservation values ('54952', '727341697', '3471', '1621702332352766', '12-oct-2017', 'N', 'MIL', 'NY');
insert into Reservation values ('93897', '156070309', '3467', '7054137336231427', '1-may-2016', 'N', 'NY', 'PIT');
insert into Reservation values ('89493', '601496526', '4203', '9128158037832759', '22-nov-2017', 'N', 'PIT', 'BOS');
insert into Reservation values ('75323', '963206880', '828', '8240546246572729', '27-may-2019', 'Y', 'BOS', 'CHI');
insert into Reservation values ('14286', '845203137', '557', '5199399074441683', '19-jul-2017', 'Y', 'CHI', 'LA');
insert into Reservation values ('46718', '776038492', '4943', '3885492020205376', '14-may-2017', 'N', 'LA', 'MIL');
insert into Reservation values ('93694', '264149996', '767', '6149649957565839', '20-feb-2017', 'N', 'MIL', 'NY');
insert into Reservation values ('83337', '494926016', '4662', '9901015506996365', '28-jun-2018', 'Y', 'NY', 'PIT');
insert into Reservation values ('34362', '922803077', '1229', '4355946450183060', '21-jul-2018', 'N', 'PIT', 'BOS');
insert into Reservation values ('48795', '687977508', '311', '6562621137584335', '14-oct-2019', 'N', 'BOS', 'CHI');
insert into Reservation values ('97245', '553593976', '155', '8308822327881028', '14-jun-2017', 'Y', 'CHI', 'LA');
insert into Reservation values ('55483', '816595801', '761', '7139692610969115', '18-feb-2016', 'N', 'LA', 'MIL');
insert into Reservation values ('86891', '586042908', '2697', '5520478158909235', '26-jun-2019', 'Y', 'MIL', 'NY');
insert into Reservation values ('46926', '780467211', '2523', '5506522129303569', '19-mar-2017', 'N', 'NY', 'PIT');
insert into Reservation values ('11624', '410192226', '2077', '4130165058497735', '3-oct-2016', 'N', 'PIT', 'BOS');
insert into Reservation values ('54864', '784057302', '4114', '2782235039326809', '22-jul-2016', 'Y', 'BOS', 'CHI');
insert into Reservation values ('70255', '552985557', '1789', '2025337665399283', '11-nov-2019', 'N', 'CHI', 'LA');
insert into Reservation values ('77273', '754170591', '4776', '7457339175953946', '8-feb-2017', 'N', 'LA', 'MIL');
insert into Reservation values ('48529', '614799155', '1997', '3382071219902351', '25-mar-2018', 'Y', 'MIL', 'NY');
insert into Reservation values ('38421', '394827387', '4521', '1088353108156379', '18-oct-2017', 'Y', 'NY', 'PIT');
insert into Reservation values ('79031', '233538441', '2010', '7121032390924128', '25-oct-2017', 'Y', 'PIT', 'BOS');


--Airline sample data

insert into Airline values ('001', 'United Airlines', 'UAL', 1931);
insert into Airline values ('002', 'Delta Airlines', 'DAL', 1931);
insert into Airline values ('003', 'American Airlines', 'AME', 1931);
insert into Airline values ('004', 'Northwest Airlines', 'NWA', 1931);
insert into Airline values ('005', 'Southwest Airlines', 'SWA', 1931);
insert into Airline values ('006', 'Fronteir Airlines', 'FAL', 1931);
insert into Airline values ('007', 'Malaysia Airlines', 'MAL', 1931);
insert into Airline values ('008', 'Emirates Airlines', 'EAL', 1931);
insert into Airline values ('009', 'Alaska Airlines', 'AAL', 1931);
insert into Airline values ('010', 'JetBlue', 'JTB', 1931);


--Plane sample data

insert into Plane values ('C00', 'Cessna', 169, '16-jan-1992', 1997, '001');
insert into Plane values ('C01', 'Cessna', 126, '5-oct-1988', 1967, '002');
insert into Plane values ('C02', 'Cessna', 160, '19-jun-1986', 1972, '003');
insert into Plane values ('C03', 'Cessna', 180, '20-sep-2009', 1967, '004');
insert into Plane values ('C04', 'Cessna', 131, '2-mar-2007', 1998, '005');
insert into Plane values ('C05', 'Cessna', 128, '12-aug-1992', 1966, '006');
insert into Plane values ('C06', 'Cessna', 172, '3-may-2006', 1982, '007');
insert into Plane values ('C07', 'Cessna', 122, '27-feb-1991', 1984, '008');
insert into Plane values ('C08', 'Cessna', 108, '14-jul-1992', 1982, '009');
insert into Plane values ('C09', 'Cessna', 141, '11-feb-2008', 2009, '010');
insert into Plane values ('C010', 'Cessna', 53, '28-jul-2003', 2010, '001');
insert into Plane values ('C011', 'Cessna', 53, '5-jul-1997', 1992, '002');
insert into Plane values ('C012', 'Cessna', 86, '11-apr-1995', 1990, '003');
insert into Plane values ('C013', 'Cessna', 233, '21-nov-2000', 1972, '004');
insert into Plane values ('C014', 'Cessna', 143, '10-oct-2007', 1972, '005');
insert into Plane values ('C015', 'Cessna', 222, '23-dec-2005', 1965, '006');
insert into Plane values ('C016', 'Cessna', 148, '19-apr-1996', 1995, '007');
insert into Plane values ('C017', 'Cessna', 152, '12-mar-1994', 1965, '008');
insert into Plane values ('C018', 'Cessna', 144, '17-jul-2007', 1990, '009');
insert into Plane values ('C019', 'Cessna', 175, '7-oct-2006', 2005, '010');
insert into Plane values ('C020', 'Cessna', 155, '22-jul-1987', 1965, '001');
insert into Plane values ('C021', 'Cessna', 155, '18-may-1985', 2002, '002');
insert into Plane values ('C022', 'Cessna', 75, '26-aug-1986', 2008, '003');
insert into Plane values ('C023', 'Cessna', 171, '7-nov-1993', 1971, '004');
insert into Plane values ('C024', 'Cessna', 149, '26-apr-1996', 1988, '005');
insert into Plane values ('C025', 'Cessna', 142, '27-aug-2005', 1999, '006');
insert into Plane values ('C026', 'Cessna', 223, '2-oct-1986', 1983, '007');
insert into Plane values ('C027', 'Cessna', 211, '22-aug-1990', 1967, '008');
insert into Plane values ('C028', 'Cessna', 235, '15-dec-1999', 1976, '009');
insert into Plane values ('C029', 'Cessna', 110, '21-apr-2003', 1967, '010');


--Flight sample data

insert into Flight values ('0', '001', 'C00', 'NY', 'PIT', '1476', '2116', 'SMTWTFS');
insert into Flight values ('1', '002', 'C01', 'PIT', 'BOS', '2351', '3081', 'SMTWTFS');
insert into Flight values ('2', '003', 'C02', 'BOS', 'CHI', '1421', '2019', 'SMTWTFS');
insert into Flight values ('3', '004', 'C03', 'CHI', 'LA', '2184', '2687', 'SMTWTFS');
insert into Flight values ('4', '005', 'C04', 'LA', 'MIL', '1732', '2422', 'SMTWTFS');
insert into Flight values ('5', '006', 'C05', 'MIL', 'NY', '955', '1684', 'SMTWTFS');
insert into Flight values ('6', '007', 'C06', 'NY', 'PIT', '1754', '2191', 'SMTWTFS');
insert into Flight values ('7', '008', 'C07', 'PIT', 'BOS', '810', '1428', 'SMTWTFS');
insert into Flight values ('8', '009', 'C08', 'BOS', 'CHI', '1567', '1787', 'SMTWTFS');
insert into Flight values ('9', '010', 'C09', 'CHI', 'LA', '947', '1597', 'SMTWTFS');
insert into Flight values ('10', '001', 'C010', 'LA', 'MIL', '582', '866', 'SMTWTFS');
insert into Flight values ('11', '002', 'C011', 'MIL', 'NY', '1679', '1989', 'SMTWTFS');
insert into Flight values ('12', '003', 'C012', 'NY', 'PIT', '1382', '1515', 'SMTWTFS');
insert into Flight values ('13', '004', 'C013', 'PIT', 'BOS', '1179', '1282', 'SMTWTFS');
insert into Flight values ('14', '005', 'C014', 'BOS', 'CHI', '348', '533', 'SMTWTFS');
insert into Flight values ('15', '006', 'C015', 'CHI', 'LA', '665', '903', 'SMTWTFS');
insert into Flight values ('16', '007', 'C016', 'LA', 'MIL', '575', '819', 'SMTWTFS');
insert into Flight values ('17', '008', 'C017', 'MIL', 'NY', '1147', '1558', 'SMTWTFS');
insert into Flight values ('18', '009', 'C018', 'NY', 'PIT', '2212', '2942', 'SMTWTFS');
insert into Flight values ('19', '010', 'C019', 'PIT', 'BOS', '2125', '2906', 'SMTWTFS');
insert into Flight values ('20', '001', 'C020', 'BOS', 'CHI', '875', '1459', 'SMTWTFS');
insert into Flight values ('21', '002', 'C021', 'CHI', 'LA', '1599', '1895', 'SMTWTFS');
insert into Flight values ('22', '003', 'C022', 'LA', 'MIL', '1076', '1599', 'SMTWTFS');
insert into Flight values ('23', '004', 'C023', 'MIL', 'NY', '1673', '2440', 'SMTWTFS');
insert into Flight values ('24', '005', 'C024', 'NY', 'PIT', '712', '1263', 'SMTWTFS');
insert into Flight values ('25', '006', 'C025', 'PIT', 'BOS', '2095', '2679', 'SMTWTFS');
insert into Flight values ('26', '007', 'C026', 'BOS', 'CHI', '1188', '1299', 'SMTWTFS');
insert into Flight values ('27', '008', 'C027', 'CHI', 'LA', '1861', '2284', 'SMTWTFS');
insert into Flight values ('28', '009', 'C028', 'LA', 'MIL', '230', '568', 'SMTWTFS');
insert into Flight values ('29', '010', 'C029', 'MIL', 'NY', '2268', '2512', 'SMTWTFS');
insert into Flight values ('30', '001', 'C00', 'NY', 'PIT', '2042', '2833', 'SMTWTFS');
insert into Flight values ('31', '002', 'C01', 'PIT', 'BOS', '1970', '2444', 'SMTWTFS');
insert into Flight values ('32', '003', 'C02', 'BOS', 'CHI', '1661', '1956', 'SMTWTFS');
insert into Flight values ('33', '004', 'C03', 'CHI', 'LA', '1958', '2554', 'SMTWTFS');
insert into Flight values ('34', '005', 'C04', 'LA', 'MIL', '1553', '2203', 'SMTWTFS');
insert into Flight values ('35', '006', 'C05', 'MIL', 'NY', '374', '1110', 'SMTWTFS');
insert into Flight values ('36', '007', 'C06', 'NY', 'PIT', '1195', '1953', 'SMTWTFS');
insert into Flight values ('37', '008', 'C07', 'PIT', 'BOS', '885', '1537', 'SMTWTFS');
insert into Flight values ('38', '009', 'C08', 'BOS', 'CHI', '1337', '2026', 'SMTWTFS');
insert into Flight values ('39', '010', 'C09', 'CHI', 'LA', '989', '1125', 'SMTWTFS');
insert into Flight values ('40', '001', 'C010', 'LA', 'MIL', '420', '842', 'SMTWTFS');
insert into Flight values ('41', '002', 'C011', 'MIL', 'NY', '943', '1626', 'SMTWTFS');
insert into Flight values ('42', '003', 'C012', 'NY', 'PIT', '1607', '2176', 'SMTWTFS');
insert into Flight values ('43', '004', 'C013', 'PIT', 'BOS', '576', '819', 'SMTWTFS');
insert into Flight values ('44', '005', 'C014', 'BOS', 'CHI', '585', '685', 'SMTWTFS');
insert into Flight values ('45', '006', 'C015', 'CHI', 'LA', '168', '776', 'SMTWTFS');
insert into Flight values ('46', '007', 'C016', 'LA', 'MIL', '254', '884', 'SMTWTFS');
insert into Flight values ('47', '008', 'C017', 'MIL', 'NY', '572', '1171', 'SMTWTFS');
insert into Flight values ('48', '009', 'C018', 'NY', 'PIT', '443', '749', 'SMTWTFS');
insert into Flight values ('49', '010', 'C019', 'PIT', 'BOS', '879', '1646', 'SMTWTFS');
insert into Flight values ('50', '001', 'C020', 'BOS', 'CHI', '2177', '2584', 'SMTWTFS');
insert into Flight values ('51', '002', 'C021', 'CHI', 'LA', '601', '800', 'SMTWTFS');
insert into Flight values ('52', '003', 'C022', 'LA', 'MIL', '672', '817', 'SMTWTFS');
insert into Flight values ('53', '004', 'C023', 'MIL', 'NY', '1005', '1191', 'SMTWTFS');
insert into Flight values ('54', '005', 'C024', 'NY', 'PIT', '2169', '2753', 'SMTWTFS');
insert into Flight values ('55', '006', 'C025', 'PIT', 'BOS', '1370', '1996', 'SMTWTFS');
insert into Flight values ('56', '007', 'C026', 'BOS', 'CHI', '1472', '1583', 'SMTWTFS');
insert into Flight values ('57', '008', 'C027', 'CHI', 'LA', '2334', '2451', 'SMTWTFS');
insert into Flight values ('58', '009', 'C028', 'LA', 'MIL', '1541', '2235', 'SMTWTFS');
insert into Flight values ('59', '010', 'C029', 'MIL', 'NY', '924', '1142', 'SMTWTFS');
insert into Flight values ('60', '001', 'C00', 'NY', 'PIT', '466', '629', 'SMTWTFS');
insert into Flight values ('61', '002', 'C01', 'PIT', 'BOS', '641', '1434', 'SMTWTFS');
insert into Flight values ('62', '003', 'C02', 'BOS', 'CHI', '1862', '2165', 'SMTWTFS');
insert into Flight values ('63', '004', 'C03', 'CHI', 'LA', '2189', '2506', 'SMTWTFS');
insert into Flight values ('64', '005', 'C04', 'LA', 'MIL', '1519', '1745', 'SMTWTFS');
insert into Flight values ('65', '006', 'C05', 'MIL', 'NY', '1587', '2074', 'SMTWTFS');
insert into Flight values ('66', '007', 'C06', 'NY', 'PIT', '1641', '2055', 'SMTWTFS');
insert into Flight values ('67', '008', 'C07', 'PIT', 'BOS', '387', '910', 'SMTWTFS');
insert into Flight values ('68', '009', 'C08', 'BOS', 'CHI', '2343', '2741', 'SMTWTFS');
insert into Flight values ('69', '010', 'C09', 'CHI', 'LA', '526', '1299', 'SMTWTFS');
insert into Flight values ('70', '001', 'C010', 'LA', 'MIL', '811', '1517', 'SMTWTFS');
insert into Flight values ('71', '002', 'C011', 'MIL', 'NY', '268', '738', 'SMTWTFS');
insert into Flight values ('72', '003', 'C012', 'NY', 'PIT', '1934', '2486', 'SMTWTFS');
insert into Flight values ('73', '004', 'C013', 'PIT', 'BOS', '1349', '1577', 'SMTWTFS');
insert into Flight values ('74', '005', 'C014', 'BOS', 'CHI', '1486', '1802', 'SMTWTFS');
insert into Flight values ('75', '006', 'C015', 'CHI', 'LA', '355', '795', 'SMTWTFS');
insert into Flight values ('76', '007', 'C016', 'LA', 'MIL', '1395', '2194', 'SMTWTFS');
insert into Flight values ('77', '008', 'C017', 'MIL', 'NY', '926', '1210', 'SMTWTFS');
insert into Flight values ('78', '009', 'C018', 'NY', 'PIT', '2110', '2461', 'SMTWTFS');
insert into Flight values ('79', '010', 'C019', 'PIT', 'BOS', '1759', '2068', 'SMTWTFS');
insert into Flight values ('80', '001', 'C020', 'BOS', 'CHI', '1214', '1446', 'SMTWTFS');
insert into Flight values ('81', '002', 'C021', 'CHI', 'LA', '427', '983', 'SMTWTFS');
insert into Flight values ('82', '003', 'C022', 'LA', 'MIL', '1939', '2324', 'SMTWTFS');
insert into Flight values ('83', '004', 'C023', 'MIL', 'NY', '569', '1239', 'SMTWTFS');
insert into Flight values ('84', '005', 'C024', 'NY', 'PIT', '1591', '2034', 'SMTWTFS');
insert into Flight values ('85', '006', 'C025', 'PIT', 'BOS', '2168', '2599', 'SMTWTFS');
insert into Flight values ('86', '007', 'C026', 'BOS', 'CHI', '198', '718', 'SMTWTFS');
insert into Flight values ('87', '008', 'C027', 'CHI', 'LA', '1385', '1503', 'SMTWTFS');
insert into Flight values ('88', '009', 'C028', 'LA', 'MIL', '570', '1093', 'SMTWTFS');
insert into Flight values ('89', '010', 'C029', 'MIL', 'NY', '1332', '1594', 'SMTWTFS');
insert into Flight values ('90', '001', 'C00', 'NY', 'PIT', '346', '810', 'SMTWTFS');
insert into Flight values ('91', '002', 'C01', 'PIT', 'BOS', '1388', '1988', 'SMTWTFS');
insert into Flight values ('92', '003', 'C02', 'BOS', 'CHI', '235', '912', 'SMTWTFS');
insert into Flight values ('93', '004', 'C03', 'CHI', 'LA', '2028', '2271', 'SMTWTFS');
insert into Flight values ('94', '005', 'C04', 'LA', 'MIL', '1017', '1534', 'SMTWTFS');
insert into Flight values ('95', '006', 'C05', 'MIL', 'NY', '177', '534', 'SMTWTFS');
insert into Flight values ('96', '007', 'C06', 'NY', 'PIT', '679', '793', 'SMTWTFS');
insert into Flight values ('97', '008', 'C07', 'PIT', 'BOS', '1482', '2125', 'SMTWTFS');
insert into Flight values ('98', '009', 'C08', 'BOS', 'CHI', '1656', '1787', 'SMTWTFS');
insert into Flight values ('99', '010', 'C09', 'CHI', 'LA', '1424', '2187', 'SMTWTFS');


--Reservation Detail sample data

insert into Reservation_detail values ('56807', '0', '6-oct-2017', 1);
insert into Reservation_detail values ('45666', '1', '1-aug-2017', 1);
insert into Reservation_detail values ('25292', '2', '19-oct-2017', 1);
insert into Reservation_detail values ('54271', '3', '15-nov-2017', 1);
insert into Reservation_detail values ('91698', '4', '17-aug-2017', 1);
insert into Reservation_detail values ('65963', '5', '10-feb-2017', 1);
insert into Reservation_detail values ('92362', '6', '3-feb-2017', 1);
insert into Reservation_detail values ('71670', '7', '23-oct-2017', 1);
insert into Reservation_detail values ('15755', '8', '24-sep-2017', 1);
insert into Reservation_detail values ('94186', '9', '16-oct-2017', 1);
insert into Reservation_detail values ('10515', '10', '4-nov-2017', 1);
insert into Reservation_detail values ('17565', '11', '18-may-2017', 1);
insert into Reservation_detail values ('81693', '12', '3-dec-2017', 1);
insert into Reservation_detail values ('19688', '13', '19-dec-2017', 1);
insert into Reservation_detail values ('34620', '14', '14-may-2017', 1);
insert into Reservation_detail values ('40951', '15', '20-apr-2017', 1);
insert into Reservation_detail values ('46023', '16', '26-oct-2017', 1);
insert into Reservation_detail values ('98666', '17', '4-dec-2017', 1);
insert into Reservation_detail values ('18042', '18', '25-dec-2017', 1);
insert into Reservation_detail values ('16915', '19', '17-oct-2017', 1);
insert into Reservation_detail values ('94298', '20', '19-nov-2017', 1);
insert into Reservation_detail values ('35689', '21', '11-jun-2017', 1);
insert into Reservation_detail values ('89766', '22', '5-oct-2017', 1);
insert into Reservation_detail values ('33408', '23', '27-dec-2017', 1);
insert into Reservation_detail values ('74937', '24', '28-aug-2017', 1);
insert into Reservation_detail values ('15292', '25', '16-jun-2017', 1);
insert into Reservation_detail values ('56198', '26', '13-jul-2017', 1);
insert into Reservation_detail values ('35456', '27', '12-sep-2017', 1);
insert into Reservation_detail values ('93016', '28', '12-oct-2017', 1);
insert into Reservation_detail values ('27133', '29', '4-sep-2017', 1);
insert into Reservation_detail values ('49354', '30', '15-mar-2017', 1);
insert into Reservation_detail values ('28634', '31', '20-mar-2017', 1);
insert into Reservation_detail values ('42957', '32', '12-aug-2017', 1);
insert into Reservation_detail values ('26053', '33', '4-jan-2017', 1);
insert into Reservation_detail values ('64710', '34', '6-jun-2017', 1);
insert into Reservation_detail values ('61862', '35', '12-nov-2017', 1);
insert into Reservation_detail values ('69028', '36', '12-oct-2017', 1);
insert into Reservation_detail values ('53185', '37', '1-nov-2017', 1);
insert into Reservation_detail values ('69178', '38', '12-aug-2017', 1);
insert into Reservation_detail values ('75108', '39', '8-jan-2017', 1);
insert into Reservation_detail values ('89254', '40', '26-apr-2017', 1);
insert into Reservation_detail values ('37686', '41', '27-jul-2017', 1);
insert into Reservation_detail values ('83652', '42', '15-nov-2017', 1);
insert into Reservation_detail values ('50248', '43', '26-feb-2017', 1);
insert into Reservation_detail values ('25275', '44', '14-nov-2017', 1);
insert into Reservation_detail values ('41979', '45', '19-dec-2017', 1);
insert into Reservation_detail values ('38451', '46', '8-nov-2017', 1);
insert into Reservation_detail values ('58041', '47', '10-feb-2017', 1);
insert into Reservation_detail values ('60030', '48', '15-feb-2017', 1);
insert into Reservation_detail values ('54120', '49', '15-apr-2017', 1);
insert into Reservation_detail values ('68524', '50', '13-nov-2017', 1);
insert into Reservation_detail values ('56339', '51', '14-jan-2017', 1);
insert into Reservation_detail values ('66161', '52', '3-mar-2017', 1);
insert into Reservation_detail values ('99610', '53', '9-apr-2017', 1);
insert into Reservation_detail values ('20637', '54', '9-oct-2017', 1);
insert into Reservation_detail values ('52959', '55', '12-jul-2017', 1);
insert into Reservation_detail values ('21838', '56', '9-feb-2017', 1);
insert into Reservation_detail values ('45677', '57', '18-jul-2017', 1);
insert into Reservation_detail values ('90433', '58', '1-nov-2017', 1);
insert into Reservation_detail values ('35849', '59', '1-may-2017', 1);
insert into Reservation_detail values ('18055', '60', '6-apr-2017', 1);
insert into Reservation_detail values ('43252', '61', '25-oct-2017', 1);
insert into Reservation_detail values ('28259', '62', '10-sep-2017', 1);
insert into Reservation_detail values ('83808', '63', '13-sep-2017', 1);
insert into Reservation_detail values ('39961', '64', '23-may-2017', 1);
insert into Reservation_detail values ('54588', '65', '27-jun-2017', 1);
insert into Reservation_detail values ('50785', '66', '7-jul-2017', 1);
insert into Reservation_detail values ('31868', '67', '8-sep-2017', 1);
insert into Reservation_detail values ('97803', '68', '26-feb-2017', 1);
insert into Reservation_detail values ('49814', '69', '13-jan-2017', 1);
insert into Reservation_detail values ('96368', '70', '4-jul-2017', 1);
insert into Reservation_detail values ('34903', '71', '28-dec-2017', 1);
insert into Reservation_detail values ('66102', '72', '8-jun-2017', 1);
insert into Reservation_detail values ('52310', '73', '9-jul-2017', 1);
insert into Reservation_detail values ('78532', '74', '13-dec-2017', 1);
insert into Reservation_detail values ('66194', '75', '12-jul-2017', 1);
insert into Reservation_detail values ('88194', '76', '6-may-2017', 1);
insert into Reservation_detail values ('80754', '77', '25-feb-2017', 1);
insert into Reservation_detail values ('46525', '78', '10-sep-2017', 1);
insert into Reservation_detail values ('25101', '79', '23-apr-2017', 1);
insert into Reservation_detail values ('64055', '80', '6-nov-2017', 1);
insert into Reservation_detail values ('77027', '81', '15-aug-2017', 1);
insert into Reservation_detail values ('61258', '82', '4-mar-2017', 1);
insert into Reservation_detail values ('52264', '83', '9-dec-2017', 1);
insert into Reservation_detail values ('74707', '84', '25-sep-2017', 1);
insert into Reservation_detail values ('77164', '85', '17-aug-2017', 1);
insert into Reservation_detail values ('92060', '86', '23-dec-2017', 1);
insert into Reservation_detail values ('29591', '87', '8-jul-2017', 1);
insert into Reservation_detail values ('44447', '88', '16-jul-2017', 1);
insert into Reservation_detail values ('64130', '89', '3-nov-2017', 1);
insert into Reservation_detail values ('28287', '90', '28-dec-2017', 1);
insert into Reservation_detail values ('68484', '91', '24-jul-2017', 1);
insert into Reservation_detail values ('91286', '92', '17-jul-2017', 1);
insert into Reservation_detail values ('28558', '93', '15-nov-2017', 1);
insert into Reservation_detail values ('27740', '94', '18-nov-2017', 1);
insert into Reservation_detail values ('98130', '95', '23-may-2017', 1);
insert into Reservation_detail values ('21340', '96', '15-nov-2017', 1);
insert into Reservation_detail values ('72870', '97', '23-nov-2017', 1);
insert into Reservation_detail values ('29631', '98', '26-jan-2017', 1);
insert into Reservation_detail values ('11288', '99', '28-mar-2017', 1);
insert into Reservation_detail values ('99271', '0', '1-sep-2017', 1);
insert into Reservation_detail values ('87992', '1', '10-nov-2017', 1);
insert into Reservation_detail values ('41377', '2', '26-sep-2017', 1);
insert into Reservation_detail values ('52519', '3', '21-feb-2017', 1);
insert into Reservation_detail values ('46404', '4', '13-jan-2017', 1);
insert into Reservation_detail values ('45904', '5', '22-aug-2017', 1);
insert into Reservation_detail values ('59687', '6', '19-nov-2017', 1);
insert into Reservation_detail values ('81394', '7', '28-jan-2017', 1);
insert into Reservation_detail values ('66828', '8', '13-apr-2017', 1);
insert into Reservation_detail values ('44195', '9', '12-may-2017', 1);
insert into Reservation_detail values ('11027', '10', '18-aug-2017', 1);
insert into Reservation_detail values ('72668', '11', '6-aug-2017', 1);
insert into Reservation_detail values ('49302', '12', '9-aug-2017', 1);
insert into Reservation_detail values ('68858', '13', '2-may-2017', 1);
insert into Reservation_detail values ('38596', '14', '27-may-2017', 1);
insert into Reservation_detail values ('84481', '15', '11-oct-2017', 1);
insert into Reservation_detail values ('33071', '16', '24-aug-2017', 1);
insert into Reservation_detail values ('81719', '17', '20-jul-2017', 1);
insert into Reservation_detail values ('34345', '18', '27-oct-2017', 1);
insert into Reservation_detail values ('79605', '19', '1-may-2017', 1);
insert into Reservation_detail values ('89809', '20', '3-jun-2017', 1);
insert into Reservation_detail values ('86086', '21', '17-jul-2017', 1);
insert into Reservation_detail values ('14690', '22', '20-jul-2017', 1);
insert into Reservation_detail values ('95565', '23', '9-oct-2017', 1);
insert into Reservation_detail values ('11929', '24', '4-apr-2017', 1);
insert into Reservation_detail values ('16766', '25', '8-may-2017', 1);
insert into Reservation_detail values ('10659', '26', '22-jan-2017', 1);
insert into Reservation_detail values ('20800', '27', '15-oct-2017', 1);
insert into Reservation_detail values ('58027', '28', '20-apr-2017', 1);
insert into Reservation_detail values ('76535', '29', '11-dec-2017', 1);
insert into Reservation_detail values ('60787', '30', '23-mar-2017', 1);
insert into Reservation_detail values ('72395', '31', '10-jan-2017', 1);
insert into Reservation_detail values ('31811', '32', '21-dec-2017', 1);
insert into Reservation_detail values ('49123', '33', '14-mar-2017', 1);
insert into Reservation_detail values ('57625', '34', '19-may-2017', 1);
insert into Reservation_detail values ('91554', '35', '26-may-2017', 1);
insert into Reservation_detail values ('83859', '36', '1-oct-2017', 1);
insert into Reservation_detail values ('58618', '37', '25-mar-2017', 1);
insert into Reservation_detail values ('31949', '38', '21-dec-2017', 1);
insert into Reservation_detail values ('37838', '39', '11-jan-2017', 1);
insert into Reservation_detail values ('74197', '40', '12-mar-2017', 1);
insert into Reservation_detail values ('99148', '41', '10-mar-2017', 1);
insert into Reservation_detail values ('10049', '42', '27-jan-2017', 1);
insert into Reservation_detail values ('57003', '43', '6-jul-2017', 1);
insert into Reservation_detail values ('82913', '44', '25-mar-2017', 1);
insert into Reservation_detail values ('22378', '45', '19-mar-2017', 1);
insert into Reservation_detail values ('26470', '46', '4-jan-2017', 1);
insert into Reservation_detail values ('71927', '47', '19-sep-2017', 1);
insert into Reservation_detail values ('30269', '48', '7-jan-2017', 1);
insert into Reservation_detail values ('68955', '49', '14-aug-2017', 1);
insert into Reservation_detail values ('32774', '50', '23-mar-2017', 1);
insert into Reservation_detail values ('72834', '51', '27-apr-2017', 1);
insert into Reservation_detail values ('89440', '52', '27-aug-2017', 1);
insert into Reservation_detail values ('70538', '53', '6-nov-2017', 1);
insert into Reservation_detail values ('12172', '54', '20-feb-2017', 1);
insert into Reservation_detail values ('74027', '55', '9-feb-2017', 1);
insert into Reservation_detail values ('45141', '56', '9-mar-2017', 1);
insert into Reservation_detail values ('70156', '57', '11-mar-2017', 1);
insert into Reservation_detail values ('26788', '58', '7-mar-2017', 1);
insert into Reservation_detail values ('59644', '59', '6-may-2017', 1);
insert into Reservation_detail values ('63593', '60', '23-nov-2017', 1);
insert into Reservation_detail values ('82911', '61', '9-jul-2017', 1);
insert into Reservation_detail values ('90338', '62', '2-dec-2017', 1);
insert into Reservation_detail values ('65443', '63', '18-apr-2017', 1);
insert into Reservation_detail values ('57613', '64', '23-feb-2017', 1);
insert into Reservation_detail values ('76032', '65', '5-may-2017', 1);
insert into Reservation_detail values ('75765', '66', '23-may-2017', 1);
insert into Reservation_detail values ('84018', '67', '8-apr-2017', 1);
insert into Reservation_detail values ('62956', '68', '11-dec-2017', 1);
insert into Reservation_detail values ('88108', '69', '28-aug-2017', 1);
insert into Reservation_detail values ('95429', '70', '16-sep-2017', 1);
insert into Reservation_detail values ('43618', '71', '22-aug-2017', 1);
insert into Reservation_detail values ('86600', '72', '12-mar-2017', 1);
insert into Reservation_detail values ('89647', '73', '8-aug-2017', 1);
insert into Reservation_detail values ('28815', '74', '5-feb-2017', 1);
insert into Reservation_detail values ('45600', '75', '22-dec-2017', 1);
insert into Reservation_detail values ('53845', '76', '28-sep-2017', 1);
insert into Reservation_detail values ('75009', '77', '26-jan-2017', 1);
insert into Reservation_detail values ('24104', '78', '12-nov-2017', 1);
insert into Reservation_detail values ('49230', '79', '23-jul-2017', 1);
insert into Reservation_detail values ('88985', '80', '15-jan-2017', 1);
insert into Reservation_detail values ('58340', '81', '16-mar-2017', 1);
insert into Reservation_detail values ('41148', '82', '8-sep-2017', 1);
insert into Reservation_detail values ('60529', '83', '19-sep-2017', 1);
insert into Reservation_detail values ('79632', '84', '21-nov-2017', 1);
insert into Reservation_detail values ('52876', '85', '3-nov-2017', 1);
insert into Reservation_detail values ('23705', '86', '28-feb-2017', 1);
insert into Reservation_detail values ('84678', '87', '10-mar-2017', 1);
insert into Reservation_detail values ('44303', '88', '12-dec-2017', 1);
insert into Reservation_detail values ('58195', '89', '21-may-2017', 1);
insert into Reservation_detail values ('74502', '90', '6-jan-2017', 1);
insert into Reservation_detail values ('13991', '91', '3-oct-2017', 1);
insert into Reservation_detail values ('77365', '92', '21-jan-2017', 1);
insert into Reservation_detail values ('99128', '93', '14-may-2017', 1);
insert into Reservation_detail values ('63744', '94', '13-oct-2017', 1);
insert into Reservation_detail values ('95315', '95', '5-feb-2017', 1);
insert into Reservation_detail values ('57618', '96', '6-jan-2017', 1);
insert into Reservation_detail values ('73718', '97', '9-jun-2017', 1);
insert into Reservation_detail values ('96558', '98', '13-apr-2017', 1);
insert into Reservation_detail values ('90534', '99', '7-aug-2017', 1);
insert into Reservation_detail values ('24886', '0', '15-jul-2017', 1);
insert into Reservation_detail values ('52329', '1', '18-jan-2017', 1);
insert into Reservation_detail values ('23856', '2', '13-nov-2017', 1);
insert into Reservation_detail values ('32060', '3', '19-aug-2017', 1);
insert into Reservation_detail values ('68187', '4', '20-jul-2017', 1);
insert into Reservation_detail values ('82510', '5', '22-oct-2017', 1);
insert into Reservation_detail values ('57437', '6', '17-jan-2017', 1);
insert into Reservation_detail values ('66033', '7', '10-sep-2017', 1);
insert into Reservation_detail values ('38838', '8', '6-apr-2017', 1);
insert into Reservation_detail values ('96111', '9', '24-may-2017', 1);
insert into Reservation_detail values ('38143', '10', '4-may-2017', 1);
insert into Reservation_detail values ('44849', '11', '18-mar-2017', 1);
insert into Reservation_detail values ('50444', '12', '13-jul-2017', 1);
insert into Reservation_detail values ('89674', '13', '4-dec-2017', 1);
insert into Reservation_detail values ('55914', '14', '16-may-2017', 1);
insert into Reservation_detail values ('30190', '15', '6-apr-2017', 1);
insert into Reservation_detail values ('27088', '16', '10-apr-2017', 1);
insert into Reservation_detail values ('11889', '17', '1-dec-2017', 1);
insert into Reservation_detail values ('68624', '18', '6-jul-2017', 1);
insert into Reservation_detail values ('76318', '19', '17-mar-2017', 1);
insert into Reservation_detail values ('33803', '20', '3-nov-2017', 1);
insert into Reservation_detail values ('88743', '21', '24-apr-2017', 1);
insert into Reservation_detail values ('98185', '22', '24-mar-2017', 1);
insert into Reservation_detail values ('52600', '23', '8-jun-2017', 1);
insert into Reservation_detail values ('61485', '24', '7-mar-2017', 1);
insert into Reservation_detail values ('19931', '25', '7-oct-2017', 1);
insert into Reservation_detail values ('78315', '26', '1-dec-2017', 1);
insert into Reservation_detail values ('67330', '27', '19-apr-2017', 1);
insert into Reservation_detail values ('62231', '28', '18-nov-2017', 1);
insert into Reservation_detail values ('58474', '29', '9-jul-2017', 1);
insert into Reservation_detail values ('52023', '30', '6-aug-2017', 1);
insert into Reservation_detail values ('74072', '31', '14-jul-2017', 1);
insert into Reservation_detail values ('66362', '32', '3-oct-2017', 1);
insert into Reservation_detail values ('63007', '33', '14-nov-2017', 1);
insert into Reservation_detail values ('63082', '34', '9-jan-2017', 1);
insert into Reservation_detail values ('59098', '35', '8-apr-2017', 1);
insert into Reservation_detail values ('70878', '36', '25-sep-2017', 1);
insert into Reservation_detail values ('10151', '37', '11-feb-2017', 1);
insert into Reservation_detail values ('91012', '38', '10-dec-2017', 1);
insert into Reservation_detail values ('94669', '39', '11-mar-2017', 1);
insert into Reservation_detail values ('60765', '40', '5-dec-2017', 1);
insert into Reservation_detail values ('64761', '41', '20-feb-2017', 1);
insert into Reservation_detail values ('86734', '42', '20-mar-2017', 1);
insert into Reservation_detail values ('45167', '43', '16-oct-2017', 1);
insert into Reservation_detail values ('51183', '44', '24-mar-2017', 1);
insert into Reservation_detail values ('27928', '45', '17-aug-2017', 1);
insert into Reservation_detail values ('56149', '46', '28-sep-2017', 1);
insert into Reservation_detail values ('58706', '47', '25-feb-2017', 1);
insert into Reservation_detail values ('21308', '48', '18-sep-2017', 1);
insert into Reservation_detail values ('45951', '49', '23-aug-2017', 1);
insert into Reservation_detail values ('80808', '50', '24-nov-2017', 1);
insert into Reservation_detail values ('71736', '51', '20-dec-2017', 1);
insert into Reservation_detail values ('36099', '52', '7-sep-2017', 1);
insert into Reservation_detail values ('46788', '53', '7-sep-2017', 1);
insert into Reservation_detail values ('55901', '54', '14-apr-2017', 1);
insert into Reservation_detail values ('94451', '55', '13-aug-2017', 1);
insert into Reservation_detail values ('82838', '56', '27-oct-2017', 1);
insert into Reservation_detail values ('41767', '57', '3-jun-2017', 1);
insert into Reservation_detail values ('62368', '58', '19-may-2017', 1);
insert into Reservation_detail values ('25893', '59', '11-nov-2017', 1);
insert into Reservation_detail values ('20912', '60', '1-nov-2017', 1);
insert into Reservation_detail values ('23701', '61', '22-jan-2017', 1);
insert into Reservation_detail values ('75724', '62', '5-dec-2017', 1);
insert into Reservation_detail values ('69408', '63', '27-apr-2017', 1);
insert into Reservation_detail values ('12402', '64', '23-jul-2017', 1);
insert into Reservation_detail values ('21298', '65', '22-apr-2017', 1);
insert into Reservation_detail values ('84562', '66', '3-may-2017', 1);
insert into Reservation_detail values ('18080', '67', '16-jan-2017', 1);
insert into Reservation_detail values ('33419', '68', '4-jul-2017', 1);
insert into Reservation_detail values ('12146', '69', '1-sep-2017', 1);
insert into Reservation_detail values ('68999', '70', '11-mar-2017', 1);
insert into Reservation_detail values ('79260', '71', '21-jun-2017', 1);
insert into Reservation_detail values ('52563', '72', '14-jan-2017', 1);
insert into Reservation_detail values ('27288', '73', '1-feb-2017', 1);
insert into Reservation_detail values ('49917', '74', '7-jan-2017', 1);
insert into Reservation_detail values ('90298', '75', '12-may-2017', 1);
insert into Reservation_detail values ('75869', '76', '17-nov-2017', 1);
insert into Reservation_detail values ('34703', '77', '9-mar-2017', 1);
insert into Reservation_detail values ('19463', '78', '7-jan-2017', 1);
insert into Reservation_detail values ('39301', '79', '28-jul-2017', 1);
insert into Reservation_detail values ('83148', '80', '9-jun-2017', 1);
insert into Reservation_detail values ('15300', '81', '24-may-2017', 1);
insert into Reservation_detail values ('45814', '82', '19-aug-2017', 1);
insert into Reservation_detail values ('77533', '83', '28-jul-2017', 1);
insert into Reservation_detail values ('50326', '84', '2-mar-2017', 1);
insert into Reservation_detail values ('43905', '85', '24-jul-2017', 1);
insert into Reservation_detail values ('53989', '86', '9-jul-2017', 1);
insert into Reservation_detail values ('77075', '87', '19-aug-2017', 1);
insert into Reservation_detail values ('71484', '88', '15-aug-2017', 1);
insert into Reservation_detail values ('35909', '89', '4-sep-2017', 1);
insert into Reservation_detail values ('55579', '90', '15-aug-2017', 1);
insert into Reservation_detail values ('30143', '91', '3-jul-2017', 1);
insert into Reservation_detail values ('47783', '92', '5-jun-2017', 1);
insert into Reservation_detail values ('22892', '93', '12-nov-2017', 1);
insert into Reservation_detail values ('47221', '94', '22-feb-2017', 1);
insert into Reservation_detail values ('13378', '95', '12-nov-2017', 1);
insert into Reservation_detail values ('11690', '96', '20-jan-2017', 1);
insert into Reservation_detail values ('88346', '97', '12-jan-2017', 1);
insert into Reservation_detail values ('60823', '98', '15-nov-2017', 1);
insert into Reservation_detail values ('16514', '99', '27-mar-2017', 1);
insert into Reservation_detail values ('68013', '0', '1-feb-2017', 1);
insert into Reservation_detail values ('73017', '1', '2-feb-2017', 1);
insert into Reservation_detail values ('73209', '2', '5-feb-2017', 1);
insert into Reservation_detail values ('12783', '3', '25-may-2017', 1);
insert into Reservation_detail values ('42332', '4', '11-sep-2017', 1);
insert into Reservation_detail values ('47323', '5', '9-nov-2017', 1);
insert into Reservation_detail values ('63553', '6', '9-jan-2017', 1);
insert into Reservation_detail values ('68503', '7', '7-jul-2017', 1);
insert into Reservation_detail values ('67546', '8', '9-may-2017', 1);
insert into Reservation_detail values ('68324', '9', '14-nov-2017', 1);
insert into Reservation_detail values ('65859', '10', '27-jul-2017', 1);
insert into Reservation_detail values ('31428', '11', '25-dec-2017', 1);
insert into Reservation_detail values ('15256', '12', '1-may-2017', 1);
insert into Reservation_detail values ('47340', '13', '28-jan-2017', 1);
insert into Reservation_detail values ('27203', '14', '3-feb-2017', 1);
insert into Reservation_detail values ('74046', '15', '21-apr-2017', 1);
insert into Reservation_detail values ('51512', '16', '1-nov-2017', 1);
insert into Reservation_detail values ('72072', '17', '7-may-2017', 1);
insert into Reservation_detail values ('32461', '18', '5-jul-2017', 1);
insert into Reservation_detail values ('41853', '19', '28-oct-2017', 1);
insert into Reservation_detail values ('59550', '20', '23-feb-2017', 1);
insert into Reservation_detail values ('96989', '21', '11-jul-2017', 1);
insert into Reservation_detail values ('55517', '22', '7-dec-2017', 1);
insert into Reservation_detail values ('92765', '23', '8-sep-2017', 1);
insert into Reservation_detail values ('84506', '24', '17-feb-2017', 1);
insert into Reservation_detail values ('24503', '25', '8-nov-2017', 1);
insert into Reservation_detail values ('82368', '26', '11-nov-2017', 1);
insert into Reservation_detail values ('37807', '27', '15-mar-2017', 1);
insert into Reservation_detail values ('55509', '28', '21-apr-2017', 1);
insert into Reservation_detail values ('54952', '29', '20-mar-2017', 1);
insert into Reservation_detail values ('93897', '30', '14-sep-2017', 1);
insert into Reservation_detail values ('89493', '31', '25-dec-2017', 1);
insert into Reservation_detail values ('75323', '32', '27-jan-2017', 1);
insert into Reservation_detail values ('14286', '33', '6-may-2017', 1);
insert into Reservation_detail values ('46718', '34', '2-sep-2017', 1);
insert into Reservation_detail values ('93694', '35', '10-jul-2017', 1);
insert into Reservation_detail values ('83337', '36', '6-jan-2017', 1);
insert into Reservation_detail values ('34362', '37', '19-aug-2017', 1);
insert into Reservation_detail values ('48795', '38', '22-jan-2017', 1);
insert into Reservation_detail values ('97245', '39', '6-jul-2017', 1);
insert into Reservation_detail values ('55483', '40', '16-aug-2017', 1);
insert into Reservation_detail values ('86891', '41', '11-jan-2017', 1);
insert into Reservation_detail values ('46926', '42', '12-apr-2017', 1);
insert into Reservation_detail values ('11624', '43', '14-apr-2017', 1);
insert into Reservation_detail values ('54864', '44', '1-jan-2017', 1);
insert into Reservation_detail values ('70255', '45', '2-feb-2017', 1);
insert into Reservation_detail values ('77273', '46', '1-nov-2017', 1);
insert into Reservation_detail values ('48529', '47', '13-apr-2017', 1);
insert into Reservation_detail values ('38421', '48', '20-oct-2017', 1);
insert into Reservation_detail values ('79031', '49', '15-jul-2017', 1);


--Price sample data

insert into Price values ('NY', 'PIT', '1', 166, 83);
insert into Price values ('PIT', 'BOS', '2', 353, 176);
insert into Price values ('BOS', 'CHI', '3', 175, 87);
insert into Price values ('CHI', 'LA', '4', 844, 422);
insert into Price values ('LA', 'NY', '5', 400, 200);
insert into Price values ('NY', 'PIT', '6', 223, 111);
insert into Price values ('PIT', 'BOS', '7', 901, 450);
insert into Price values ('BOS', 'CHI', '8', 921, 460);
insert into Price values ('CHI', 'LA', '9', 577, 288);
insert into Price values ('LA', 'NY', '10', 970, 485);
insert into Price values ('NY', 'PIT', '1', 712, 356);
insert into Price values ('PIT', 'BOS', '2', 485, 242);
insert into Price values ('BOS', 'CHI', '3', 622, 311);
insert into Price values ('CHI', 'LA', '4', 146, 73);
insert into Price values ('LA', 'NY', '5', 991, 495);
insert into Price values ('NY', 'PIT', '6', 748, 374);
insert into Price values ('PIT', 'BOS', '7', 63, 31);
insert into Price values ('BOS', 'CHI', '8', 335, 167);
insert into Price values ('CHI', 'LA', '9', 809, 404);
insert into Price values ('LA', 'NY', '10', 619, 309);
insert into Price values ('NY', 'PIT', '1', 323, 161);
insert into Price values ('PIT', 'BOS', '2', 835, 417);
insert into Price values ('BOS', 'CHI', '3', 483, 241);
insert into Price values ('CHI', 'LA', '4', 552, 276);
insert into Price values ('LA', 'NY', '5', 518, 259);
insert into Price values ('NY', 'PIT', '6', 854, 427);
insert into Price values ('PIT', 'BOS', '7', 307, 153);
insert into Price values ('BOS', 'CHI', '8', 112, 56);
insert into Price values ('CHI', 'LA', '9', 500, 250);
insert into Price values ('LA', 'NY', '10', 153, 76);
insert into Price values ('NY', 'PIT', '1', 266, 133);
insert into Price values ('PIT', 'BOS', '2', 777, 388);
insert into Price values ('BOS', 'CHI', '3', 751, 375);
insert into Price values ('CHI', 'LA', '4', 514, 257);
insert into Price values ('LA', 'NY', '5', 996, 498);
insert into Price values ('NY', 'PIT', '6', 518, 259);
insert into Price values ('PIT', 'BOS', '7', 369, 184);
insert into Price values ('BOS', 'CHI', '8', 698, 349);
insert into Price values ('CHI', 'LA', '9', 230, 115);
insert into Price values ('LA', 'NY', '10', 374, 187);
insert into Price values ('NY', 'PIT', '1', 838, 419);
insert into Price values ('PIT', 'BOS', '2', 424, 212);
insert into Price values ('BOS', 'CHI', '3', 216, 108);
insert into Price values ('CHI', 'LA', '4', 150, 75);
insert into Price values ('LA', 'NY', '5', 932, 466);
insert into Price values ('NY', 'PIT', '6', 190, 95);
insert into Price values ('PIT', 'BOS', '7', 164, 82);
insert into Price values ('BOS', 'CHI', '8', 863, 431);
insert into Price values ('CHI', 'LA', '9', 185, 92);
insert into Price values ('LA', 'NY', '10', 134, 67);
insert into Price values ('NY', 'PIT', '1', 105, 52);
insert into Price values ('PIT', 'BOS', '2', 638, 319);
insert into Price values ('BOS', 'CHI', '3', 53, 26);
insert into Price values ('CHI', 'LA', '4', 657, 328);
insert into Price values ('LA', 'NY', '5', 867, 433);
insert into Price values ('NY', 'PIT', '6', 773, 386);
insert into Price values ('PIT', 'BOS', '7', 792, 396);
insert into Price values ('BOS', 'CHI', '8', 550, 275);
insert into Price values ('CHI', 'LA', '9', 376, 188);
insert into Price values ('LA', 'NY', '10', 496, 248);
insert into Price values ('NY', 'PIT', '1', 178, 89);
insert into Price values ('PIT', 'BOS', '2', 495, 247);
insert into Price values ('BOS', 'CHI', '3', 763, 381);
insert into Price values ('CHI', 'LA', '4', 993, 496);
insert into Price values ('LA', 'NY', '5', 123, 61);
insert into Price values ('NY', 'PIT', '6', 948, 474);
insert into Price values ('PIT', 'BOS', '7', 291, 145);
insert into Price values ('BOS', 'CHI', '8', 534, 267);
insert into Price values ('CHI', 'LA', '9', 203, 101);
insert into Price values ('LA', 'NY', '10', 338, 169);
insert into Price values ('NY', 'PIT', '1', 71, 35);
insert into Price values ('PIT', 'BOS', '2', 147, 73);
insert into Price values ('BOS', 'CHI', '3', 166, 83);
insert into Price values ('CHI', 'LA', '4', 882, 441);
insert into Price values ('LA', 'NY', '5', 564, 282);
insert into Price values ('NY', 'PIT', '6', 803, 401);
insert into Price values ('PIT', 'BOS', '7', 617, 308);
insert into Price values ('BOS', 'CHI', '8', 468, 234);
insert into Price values ('CHI', 'LA', '9', 867, 433);
insert into Price values ('LA', 'NY', '10', 557, 278);
insert into Price values ('NY', 'PIT', '1', 660, 330);
insert into Price values ('PIT', 'BOS', '2', 722, 361);
insert into Price values ('BOS', 'CHI', '3', 200, 100);
insert into Price values ('CHI', 'LA', '4', 798, 399);
insert into Price values ('LA', 'NY', '5', 119, 59);
insert into Price values ('NY', 'PIT', '6', 594, 297);
insert into Price values ('PIT', 'BOS', '7', 139, 69);
insert into Price values ('BOS', 'CHI', '8', 220, 110);
insert into Price values ('CHI', 'LA', '9', 250, 125);
insert into Price values ('LA', 'NY', '10', 764, 382);
insert into Price values ('NY', 'PIT', '1', 330, 165);
insert into Price values ('PIT', 'BOS', '2', 441, 220);
insert into Price values ('BOS', 'CHI', '3', 824, 412);
insert into Price values ('CHI', 'LA', '4', 363, 181);
insert into Price values ('LA', 'NY', '5', 519, 259);
insert into Price values ('NY', 'PIT', '6', 677, 338);
insert into Price values ('PIT', 'BOS', '7', 119, 59);
insert into Price values ('BOS', 'CHI', '8', 93, 46);
insert into Price values ('CHI', 'LA', '9', 869, 434);
insert into Price values ('LA', 'NY', '10', 892, 446);
insert into Price values ('NY', 'PIT', '1', 912, 456);
insert into Price values ('PIT', 'BOS', '2', 705, 352);
insert into Price values ('BOS', 'CHI', '3', 135, 67);
insert into Price values ('CHI', 'LA', '4', 355, 177);
insert into Price values ('LA', 'NY', '5', 427, 213);
insert into Price values ('NY', 'PIT', '6', 724, 362);
insert into Price values ('PIT', 'BOS', '7', 947, 473);
insert into Price values ('BOS', 'CHI', '8', 222, 111);
insert into Price values ('CHI', 'LA', '9', 410, 205);
insert into Price values ('LA', 'NY', '10', 515, 257);
insert into Price values ('NY', 'PIT', '1', 147, 73);
insert into Price values ('PIT', 'BOS', '2', 768, 384);
insert into Price values ('BOS', 'CHI', '3', 676, 338);
insert into Price values ('CHI', 'LA', '4', 811, 405);
insert into Price values ('LA', 'NY', '5', 701, 350);
insert into Price values ('NY', 'PIT', '6', 147, 73);
insert into Price values ('PIT', 'BOS', '7', 634, 317);
insert into Price values ('BOS', 'CHI', '8', 807, 403);
insert into Price values ('CHI', 'LA', '9', 263, 131);
insert into Price values ('LA', 'NY', '10', 203, 101);
insert into Price values ('NY', 'PIT', '1', 832, 416);
insert into Price values ('PIT', 'BOS', '2', 933, 466);
insert into Price values ('BOS', 'CHI', '3', 611, 305);
insert into Price values ('CHI', 'LA', '4', 943, 471);
insert into Price values ('LA', 'NY', '5', 650, 325);
insert into Price values ('NY', 'PIT', '6', 689, 344);
insert into Price values ('PIT', 'BOS', '7', 77, 38);
insert into Price values ('BOS', 'CHI', '8', 442, 221);
insert into Price values ('CHI', 'LA', '9', 389, 194);
insert into Price values ('LA', 'NY', '10', 516, 258);
insert into Price values ('NY', 'PIT', '1', 676, 338);
insert into Price values ('PIT', 'BOS', '2', 914, 457);
insert into Price values ('BOS', 'CHI', '3', 908, 454);
insert into Price values ('CHI', 'LA', '4', 541, 270);
insert into Price values ('LA', 'NY', '5', 546, 273);
insert into Price values ('NY', 'PIT', '6', 327, 163);
insert into Price values ('PIT', 'BOS', '7', 999, 499);
insert into Price values ('BOS', 'CHI', '8', 436, 218);
insert into Price values ('CHI', 'LA', '9', 784, 392);
insert into Price values ('LA', 'NY', '10', 918, 459);
insert into Price values ('NY', 'PIT', '1', 999, 499);
insert into Price values ('PIT', 'BOS', '2', 807, 403);
insert into Price values ('BOS', 'CHI', '3', 856, 428);
insert into Price values ('CHI', 'LA', '4', 450, 225);
insert into Price values ('LA', 'NY', '5', 493, 246);
insert into Price values ('NY', 'PIT', '6', 661, 330);
insert into Price values ('PIT', 'BOS', '7', 232, 116);
insert into Price values ('BOS', 'CHI', '8', 405, 202);
insert into Price values ('CHI', 'LA', '9', 147, 73);
insert into Price values ('LA', 'NY', '10', 908, 454);
