--Customer sample data

insert into Customer values ('624232974','Mr','Jim','Johnson', '3358801979669397','1-sep-2017','Main', 'Pittsburgh', 'PA', '4791756860', 'Jim.Johnson@gmail.com', NULL);
insert into Customer values ('677025460','Mrs','John','Smith', '4220451373242045','1-sep-2018','Church', 'New York', 'NY', '4889043201', 'John.Smith@gmail.com', NULL);
insert into Customer values ('524739414','Ms','Janet','Jones', '2109673091418997','1-sep-2019','Washington', 'Boston', 'MA', '3726723535', 'Janet.Jones@gmail.com', NULL);
insert into Customer values ('457759841','Mr','Greg','Hardy', '3718051236012228','1-sep-2017','Jefferson', 'Chicago', 'IL', '7645946241', 'Greg.Hardy@gmail.com', NULL);
insert into Customer values ('445074332','Mrs','James','Ward', '3928098013312273','1-sep-2018','Fifth', 'Pittsburgh', 'PA', '8711724474', 'James.Ward@gmail.com', NULL);
insert into Customer values ('803017054','Ms','Bill','Johnston', '8635946575143213','1-sep-2019','Forbes', 'New York', 'NY', '8395475616', 'Bill.Johnston@gmail.com', NULL);
insert into Customer values ('992545223','Mr','William','Sullivan', '3538250074366849','1-sep-2017','Main', 'Boston', 'MA', '4710771006', 'William.Sullivan@gmail.com', NULL);
insert into Customer values ('923733507','Mrs','Albert','Crosby', '4476363981148083','1-sep-2018','Church', 'Chicago', 'IL', '9538552384', 'Albert.Crosby@gmail.com', NULL);
insert into Customer values ('634731897','Ms','Jacob','Malkin', '5222615977861821','1-sep-2019','Washington', 'Pittsburgh', 'PA', '3887097934', 'Jacob.Malkin@gmail.com', NULL);
insert into Customer values ('228871932','Mr','Marge','Peters', '3445275282080006','1-sep-2017','Jefferson', 'New York', 'NY', '5058195766', 'Marge.Peters@gmail.com', NULL);
insert into Customer values ('353042130','Mrs','Anita','Palmer', '6792054295044259','1-sep-2018','Fifth', 'Boston', 'MA', '5494457264', 'Anita.Palmer@gmail.com', NULL);
insert into Customer values ('229389761','Ms','Rachel','Woods', '3700545935488747','1-sep-2019','Forbes', 'Chicago', 'IL', '4613923847', 'Rachel.Woods@gmail.com', NULL);
insert into Customer values ('257103883','Mr','Ashley','Nicholson', '8060631135261039','1-sep-2017','Main', 'Pittsburgh', 'PA', '5161138336', 'Ashley.Nicholson@gmail.com', NULL);
insert into Customer values ('530591807','Mrs','Tammy','Bates', '5181851338879982','1-sep-2018','Church', 'New York', 'NY', '2968887573', 'Tammy.Bates@gmail.com', NULL);
insert into Customer values ('857548789','Ms','Paul','Williams', '3285653608025720','1-sep-2019','Washington', 'Boston', 'MA', '4031989777', 'Paul.Williams@gmail.com', NULL);
insert into Customer values ('640545725','Mr','Justin','Taylor', '6205081623718488','1-sep-2017','Jefferson', 'Chicago', 'IL', '9773181324', 'Justin.Taylor@gmail.com', NULL);
insert into Customer values ('165457102','Mrs','Frank','Burns', '6798664442136733','1-sep-2018','Fifth', 'Pittsburgh', 'PA', '6183098423', 'Frank.Burns@gmail.com', NULL);
insert into Customer values ('742401836','Ms','Eric','Brown', '2691832435794717','1-sep-2019','Forbes', 'New York', 'NY', '1493904578', 'Eric.Brown@gmail.com', NULL);
insert into Customer values ('783874433','Mr','Bryce','Miller', '5673921883966251','1-sep-2017','Main', 'Boston', 'MA', '7291642538', 'Bryce.Miller@gmail.com', NULL);
insert into Customer values ('190513685','Mrs','Adam','Davis', '2626691371620653','1-sep-2018','Church', 'Chicago', 'IL', '6878022691', 'Adam.Davis@gmail.com', NULL);
insert into Customer values ('657054155','Ms','Jenna','Jackson', '3786297252366086','1-sep-2019','Washington', 'Pittsburgh', 'PA', '8922266046', 'Jenna.Jackson@gmail.com', NULL);
insert into Customer values ('106992432','Mr','Abby','Thompson', '9312138662876885','1-sep-2017','Jefferson', 'New York', 'NY', '8594483144', 'Abby.Thompson@gmail.com', NULL);
insert into Customer values ('397092052','Mrs','Jesse','Johnson', '7838898576806587','1-sep-2018','Fifth', 'Boston', 'MA', '4231897531', 'Jesse.Johnson@gmail.com', NULL);
insert into Customer values ('493954437','Ms','Jessica','Smith', '8050744130963363','1-sep-2019','Forbes', 'Chicago', 'IL', '8395195964', 'Jessica.Smith@gmail.com', NULL);
insert into Customer values ('722405831','Mr','Allison','Jones', '9454037811972985','1-sep-2017','Main', 'Pittsburgh', 'PA', '8715590005', 'Allison.Jones@gmail.com', NULL);
insert into Customer values ('695864077','Mrs','Ally','Hardy', '9244865289861661','1-sep-2018','Church', 'New York', 'NY', '6876409990', 'Ally.Hardy@gmail.com', NULL);
insert into Customer values ('305000278','Ms','Lauren','Ward', '4947456770534843','1-sep-2019','Washington', 'Boston', 'MA', '3461992633', 'Lauren.Ward@gmail.com', NULL);
insert into Customer values ('868091734','Mr','Lindsay','Johnston', '4471425460780637','1-sep-2017','Jefferson', 'Chicago', 'IL', '3122511188', 'Lindsay.Johnston@gmail.com', NULL);
insert into Customer values ('159015012','Mrs','Jim','Sullivan', '2903676219838939','1-sep-2018','Fifth', 'Pittsburgh', 'PA', '9088968477', 'Jim.Sullivan@gmail.com', NULL);
insert into Customer values ('634602713','Ms','John','Crosby', '1339031650089684','1-sep-2019','Forbes', 'New York', 'NY', '4626848166', 'John.Crosby@gmail.com', NULL);
insert into Customer values ('126911996','Mr','Janet','Malkin', '9593831401912822','1-sep-2017','Main', 'Boston', 'MA', '9001700776', 'Janet.Malkin@gmail.com', NULL);
insert into Customer values ('529677437','Mrs','Greg','Peters', '8553075120745165','1-sep-2018','Church', 'Chicago', 'IL', '3675357964', 'Greg.Peters@gmail.com', NULL);
insert into Customer values ('370365507','Ms','James','Palmer', '1940425275685144','1-sep-2019','Washington', 'Pittsburgh', 'PA', '6494908590', 'James.Palmer@gmail.com', NULL);
insert into Customer values ('739637200','Mr','Bill','Woods', '5609708285641830','1-sep-2017','Jefferson', 'New York', 'NY', '4027786732', 'Bill.Woods@gmail.com', NULL);
insert into Customer values ('330088771','Mrs','William','Nicholson', '3179601251883061','1-sep-2018','Fifth', 'Boston', 'MA', '1015913454', 'William.Nicholson@gmail.com', NULL);
insert into Customer values ('627333796','Ms','Albert','Bates', '1698254256274417','1-sep-2019','Forbes', 'Chicago', 'IL', '5263261986', 'Albert.Bates@gmail.com', NULL);
insert into Customer values ('430929799','Mr','Jacob','Williams', '6444499536882398','1-sep-2017','Main', 'Pittsburgh', 'PA', '5863691720', 'Jacob.Williams@gmail.com', NULL);
insert into Customer values ('190186442','Mrs','Marge','Taylor', '2427289756522470','1-sep-2018','Church', 'New York', 'NY', '2326971461', 'Marge.Taylor@gmail.com', NULL);
insert into Customer values ('887175441','Ms','Anita','Burns', '7393826518261702','1-sep-2019','Washington', 'Boston', 'MA', '1015767892', 'Anita.Burns@gmail.com', NULL);
insert into Customer values ('108665694','Mr','Rachel','Brown', '8309036040656096','1-sep-2017','Jefferson', 'Chicago', 'IL', '7837216783', 'Rachel.Brown@gmail.com', NULL);
insert into Customer values ('277094925','Mrs','Ashley','Miller', '8108275939196756','1-sep-2018','Fifth', 'Pittsburgh', 'PA', '9660997670', 'Ashley.Miller@gmail.com', NULL);
insert into Customer values ('582880470','Ms','Tammy','Davis', '5000336236314280','1-sep-2019','Forbes', 'New York', 'NY', '6538005934', 'Tammy.Davis@gmail.com', NULL);
insert into Customer values ('560842393','Mr','Paul','Jackson', '4640472283864362','1-sep-2017','Main', 'Boston', 'MA', '4157845432', 'Paul.Jackson@gmail.com', NULL);
insert into Customer values ('197912678','Mrs','Justin','Thompson', '1696571314841978','1-sep-2018','Church', 'Chicago', 'IL', '8169593961', 'Justin.Thompson@gmail.com', NULL);
insert into Customer values ('734163985','Ms','Frank','Johnson', '1557027287688234','1-sep-2019','Washington', 'Pittsburgh', 'PA', '4157117640', 'Frank.Johnson@gmail.com', NULL);
insert into Customer values ('970201805','Mr','Eric','Smith', '3483993893857081','1-sep-2017','Jefferson', 'New York', 'NY', '8641691682', 'Eric.Smith@gmail.com', NULL);
insert into Customer values ('231881524','Mrs','Bryce','Jones', '3556406681576961','1-sep-2018','Fifth', 'Boston', 'MA', '6558221514', 'Bryce.Jones@gmail.com', NULL);
insert into Customer values ('189303489','Ms','Adam','Hardy', '6477076126481104','1-sep-2019','Forbes', 'Chicago', 'IL', '8051174966', 'Adam.Hardy@gmail.com', NULL);
insert into Customer values ('433569266','Mr','Jenna','Ward', '7815438778577758','1-sep-2017','Main', 'Pittsburgh', 'PA', '5603045871', 'Jenna.Ward@gmail.com', NULL);
insert into Customer values ('208642381','Mrs','Abby','Johnston', '3458710178612567','1-sep-2018','Church', 'New York', 'NY', '5663066592', 'Abby.Johnston@gmail.com', NULL);
insert into Customer values ('195229156','Ms','Jesse','Sullivan', '1596118179665631','1-sep-2019','Washington', 'Boston', 'MA', '7089361159', 'Jesse.Sullivan@gmail.com', NULL);
insert into Customer values ('329403078','Mr','Jessica','Crosby', '5581449961265851','1-sep-2017','Jefferson', 'Chicago', 'IL', '1596845874', 'Jessica.Crosby@gmail.com', NULL);
insert into Customer values ('413425019','Mrs','Allison','Malkin', '6399148880416279','1-sep-2018','Fifth', 'Pittsburgh', 'PA', '2770946392', 'Allison.Malkin@gmail.com', NULL);
insert into Customer values ('105956093','Ms','Ally','Peters', '4668543811599268','1-sep-2019','Forbes', 'New York', 'NY', '5534986543', 'Ally.Peters@gmail.com', NULL);
insert into Customer values ('746271532','Mr','Lauren','Palmer', '6517665403494681','1-sep-2017','Main', 'Boston', 'MA', '9485662528', 'Lauren.Palmer@gmail.com', NULL);
insert into Customer values ('714197446','Mrs','Lindsay','Woods', '8251175712486152','1-sep-2018','Church', 'Chicago', 'IL', '2159375632', 'Lindsay.Woods@gmail.com', NULL);
insert into Customer values ('424596512','Ms','Jim','Nicholson', '4789536437638209','1-sep-2019','Washington', 'Pittsburgh', 'PA', '6096747475', 'Jim.Nicholson@gmail.com', NULL);
insert into Customer values ('164746144','Mr','John','Bates', '6232041363344251','1-sep-2017','Jefferson', 'New York', 'NY', '9656249005', 'John.Bates@gmail.com', NULL);
insert into Customer values ('488492716','Mrs','Janet','Williams', '3395791557540542','1-sep-2018','Fifth', 'Boston', 'MA', '6687580544', 'Janet.Williams@gmail.com', NULL);
insert into Customer values ('655745282','Ms','Greg','Taylor', '3118148856457907','1-sep-2019','Forbes', 'Chicago', 'IL', '2037321612', 'Greg.Taylor@gmail.com', NULL);
insert into Customer values ('138876694','Mr','James','Burns', '4357782947533610','1-sep-2017','Main', 'Pittsburgh', 'PA', '2184696171', 'James.Burns@gmail.com', NULL);
insert into Customer values ('386909485','Mrs','Bill','Brown', '2277617225983878','1-sep-2018','Church', 'New York', 'NY', '1385213280', 'Bill.Brown@gmail.com', NULL);
insert into Customer values ('105218560','Ms','William','Miller', '5586651063959506','1-sep-2019','Washington', 'Boston', 'MA', '6250532666', 'William.Miller@gmail.com', NULL);
insert into Customer values ('668997537','Mr','Albert','Davis', '5628719679150428','1-sep-2017','Jefferson', 'Chicago', 'IL', '4725438953', 'Albert.Davis@gmail.com', NULL);
insert into Customer values ('640301343','Mrs','Jacob','Jackson', '1442739596255558','1-sep-2018','Fifth', 'Pittsburgh', 'PA', '1266924192', 'Jacob.Jackson@gmail.com', NULL);
insert into Customer values ('273981637','Ms','Marge','Thompson', '9157081475065587','1-sep-2019','Forbes', 'New York', 'NY', '4857258603', 'Marge.Thompson@gmail.com', NULL);
insert into Customer values ('172026791','Mr','Anita','Johnson', '3067383824175903','1-sep-2017','Main', 'Boston', 'MA', '7590493071', 'Anita.Johnson@gmail.com', NULL);
insert into Customer values ('971602507','Mrs','Rachel','Smith', '3842432067120287','1-sep-2018','Church', 'Chicago', 'IL', '4775974937', 'Rachel.Smith@gmail.com', NULL);
insert into Customer values ('480175349','Ms','Ashley','Jones', '8192028096663368','1-sep-2019','Washington', 'Pittsburgh', 'PA', '3943483714', 'Ashley.Jones@gmail.com', NULL);
insert into Customer values ('916370125','Mr','Tammy','Hardy', '9459475974824451','1-sep-2017','Jefferson', 'New York', 'NY', '5819273839', 'Tammy.Hardy@gmail.com', NULL);
insert into Customer values ('502743379','Mrs','Paul','Ward', '2578547696054149','1-sep-2018','Fifth', 'Boston', 'MA', '9766060691', 'Paul.Ward@gmail.com', NULL);
insert into Customer values ('284623571','Ms','Justin','Johnston', '3735140937947948','1-sep-2019','Forbes', 'Chicago', 'IL', '2455045005', 'Justin.Johnston@gmail.com', NULL);
insert into Customer values ('631328022','Mr','Frank','Sullivan', '4165690556381378','1-sep-2017','Main', 'Pittsburgh', 'PA', '3198098058', 'Frank.Sullivan@gmail.com', NULL);
insert into Customer values ('540184064','Mrs','Eric','Crosby', '7795060930154692','1-sep-2018','Church', 'New York', 'NY', '2901343783', 'Eric.Crosby@gmail.com', NULL);
insert into Customer values ('323680141','Ms','Bryce','Malkin', '9491402121403855','1-sep-2019','Washington', 'Boston', 'MA', '6790996609', 'Bryce.Malkin@gmail.com', NULL);
insert into Customer values ('674149213','Mr','Adam','Peters', '9462520808378409','1-sep-2017','Jefferson', 'Chicago', 'IL', '8565479433', 'Adam.Peters@gmail.com', NULL);
insert into Customer values ('940766408','Mrs','Jenna','Palmer', '8741491193680670','1-sep-2018','Fifth', 'Pittsburgh', 'PA', '7789160033', 'Jenna.Palmer@gmail.com', NULL);
insert into Customer values ('418582222','Ms','Abby','Woods', '2642208963862237','1-sep-2019','Forbes', 'New York', 'NY', '6341970693', 'Abby.Woods@gmail.com', NULL);
insert into Customer values ('237067252','Mr','Jesse','Nicholson', '3036537188076528','1-sep-2017','Main', 'Boston', 'MA', '7874368721', 'Jesse.Nicholson@gmail.com', NULL);
insert into Customer values ('300538932','Mrs','Jessica','Bates', '6641583850544024','1-sep-2018','Church', 'Chicago', 'IL', '2958864297', 'Jessica.Bates@gmail.com', NULL);
insert into Customer values ('376130591','Ms','Allison','Williams', '4783392931728247','1-sep-2019','Washington', 'Pittsburgh', 'PA', '6308606954', 'Allison.Williams@gmail.com', NULL);
insert into Customer values ('219275716','Mr','Ally','Taylor', '9899289240546080','1-sep-2017','Jefferson', 'New York', 'NY', '5545959554', 'Ally.Taylor@gmail.com', NULL);
insert into Customer values ('837150694','Mrs','Lauren','Burns', '6450133935412302','1-sep-2018','Fifth', 'Boston', 'MA', '1119068433', 'Lauren.Burns@gmail.com', NULL);
insert into Customer values ('737646286','Ms','Lindsay','Brown', '5703763723342989','1-sep-2019','Forbes', 'Chicago', 'IL', '6670058699', 'Lindsay.Brown@gmail.com', NULL);
insert into Customer values ('279371424','Mr','Jim','Miller', '5467913325014909','1-sep-2017','Main', 'Pittsburgh', 'PA', '3913991977', 'Jim.Miller@gmail.com', NULL);
insert into Customer values ('968044956','Mrs','John','Davis', '5804646421849260','1-sep-2018','Church', 'New York', 'NY', '7271410823', 'John.Davis@gmail.com', NULL);
insert into Customer values ('212457181','Ms','Janet','Jackson', '2705779340212706','1-sep-2019','Washington', 'Boston', 'MA', '5640856343', 'Janet.Jackson@gmail.com', NULL);
insert into Customer values ('449236839','Mr','Greg','Thompson', '5411390443027017','1-sep-2017','Jefferson', 'Chicago', 'IL', '5237460404', 'Greg.Thompson@gmail.com', NULL);
insert into Customer values ('906324113','Mrs','James','Johnson', '4853897078222092','1-sep-2018','Fifth', 'Pittsburgh', 'PA', '5161391148', 'James.Johnson@gmail.com', NULL);
insert into Customer values ('374042997','Ms','Bill','Smith', '9422371783306965','1-sep-2019','Forbes', 'New York', 'NY', '3957132628', 'Bill.Smith@gmail.com', NULL);
insert into Customer values ('604010662','Mr','William','Jones', '2937047724927073','1-sep-2017','Main', 'Boston', 'MA', '5203063786', 'William.Jones@gmail.com', NULL);
insert into Customer values ('390943692','Mrs','Albert','Hardy', '5115339349539326','1-sep-2018','Church', 'Chicago', 'IL', '3663355431', 'Albert.Hardy@gmail.com', NULL);
insert into Customer values ('383298703','Ms','Jacob','Ward', '5586331270524991','1-sep-2019','Washington', 'Pittsburgh', 'PA', '6200787494', 'Jacob.Ward@gmail.com', NULL);
insert into Customer values ('190059577','Mr','Marge','Johnston', '4973496447399954','1-sep-2017','Jefferson', 'New York', 'NY', '8070520579', 'Marge.Johnston@gmail.com', NULL);
insert into Customer values ('993099797','Mrs','Anita','Sullivan', '4946083210823029','1-sep-2018','Fifth', 'Boston', 'MA', '7327456067', 'Anita.Sullivan@gmail.com', NULL);
insert into Customer values ('867017959','Ms','Rachel','Crosby', '4954549622708531','1-sep-2019','Forbes', 'Chicago', 'IL', '3185435915', 'Rachel.Crosby@gmail.com', NULL);
insert into Customer values ('194089089','Mr','Ashley','Malkin', '4167564940863137','1-sep-2017','Main', 'Pittsburgh', 'PA', '9081568670', 'Ashley.Malkin@gmail.com', NULL);
insert into Customer values ('723015775','Mrs','Tammy','Peters', '7224107395503754','1-sep-2018','Church', 'New York', 'NY', '4115266999', 'Tammy.Peters@gmail.com', NULL);
insert into Customer values ('116122755','Ms','Paul','Palmer', '8130284002980981','1-sep-2019','Washington', 'Boston', 'MA', '3157545668', 'Paul.Palmer@gmail.com', NULL);
insert into Customer values ('395325672','Mr','Justin','Woods', '9433504180906555','1-sep-2017','Jefferson', 'Chicago', 'IL', '3111295020', 'Justin.Woods@gmail.com', NULL);
insert into Customer values ('853454812','Mrs','Frank','Nicholson', '4305058577367767','1-sep-2018','Fifth', 'Pittsburgh', 'PA', '6487566287', 'Frank.Nicholson@gmail.com', NULL);
insert into Customer values ('955999274','Ms','Eric','Bates', '5958440431726579','1-sep-2019','Forbes', 'New York', 'NY', '2953961712', 'Eric.Bates@gmail.com', NULL);
insert into Customer values ('270582777','Mr','Bryce','Williams', '7271785331975860','1-sep-2017','Main', 'Boston', 'MA', '7025778101', 'Bryce.Williams@gmail.com', NULL);
insert into Customer values ('140881511','Mrs','Adam','Taylor', '3694721136684770','1-sep-2018','Church', 'Chicago', 'IL', '7860132557', 'Adam.Taylor@gmail.com', NULL);
insert into Customer values ('667804203','Ms','Jenna','Burns', '8295905764478831','1-sep-2019','Washington', 'Pittsburgh', 'PA', '5752668883', 'Jenna.Burns@gmail.com', NULL);
insert into Customer values ('319395070','Mr','Abby','Brown', '7759773543872359','1-sep-2017','Jefferson', 'New York', 'NY', '2133516796', 'Abby.Brown@gmail.com', NULL);
insert into Customer values ('610724605','Mrs','Jesse','Miller', '6551764938186259','1-sep-2018','Fifth', 'Boston', 'MA', '6223765866', 'Jesse.Miller@gmail.com', NULL);
insert into Customer values ('486936010','Ms','Jessica','Davis', '5942810190288992','1-sep-2019','Forbes', 'Chicago', 'IL', '1945991319', 'Jessica.Davis@gmail.com', NULL);
insert into Customer values ('427635211','Mr','Allison','Jackson', '6246799316742622','1-sep-2017','Main', 'Pittsburgh', 'PA', '5313723217', 'Allison.Jackson@gmail.com', NULL);
insert into Customer values ('367763700','Mrs','Ally','Thompson', '6605578895155060','1-sep-2018','Church', 'New York', 'NY', '8465885461', 'Ally.Thompson@gmail.com', NULL);
insert into Customer values ('240354782','Ms','Lauren','Johnson', '7479596204758272','1-sep-2019','Washington', 'Boston', 'MA', '1470778129', 'Lauren.Johnson@gmail.com', NULL);
insert into Customer values ('210503246','Mr','Lindsay','Smith', '3079145868531019','1-sep-2017','Jefferson', 'Chicago', 'IL', '2203400550', 'Lindsay.Smith@gmail.com', NULL);
insert into Customer values ('587743381','Mrs','Jim','Jones', '3231911201117959','1-sep-2018','Fifth', 'Pittsburgh', 'PA', '6486429789', 'Jim.Jones@gmail.com', NULL);
insert into Customer values ('767583161','Ms','John','Hardy', '7066186593494900','1-sep-2019','Forbes', 'New York', 'NY', '7117421381', 'John.Hardy@gmail.com', NULL);
insert into Customer values ('993586795','Mr','Janet','Ward', '8403223720407786','1-sep-2017','Main', 'Boston', 'MA', '4732737996', 'Janet.Ward@gmail.com', NULL);
insert into Customer values ('964070864','Mrs','Greg','Johnston', '5238473580796032','1-sep-2018','Church', 'Chicago', 'IL', '2062567923', 'Greg.Johnston@gmail.com', NULL);
insert into Customer values ('980609230','Ms','James','Sullivan', '3919648701730064','1-sep-2019','Washington', 'Pittsburgh', 'PA', '7510521342', 'James.Sullivan@gmail.com', NULL);
insert into Customer values ('541226946','Mr','Bill','Crosby', '2902759854457084','1-sep-2017','Jefferson', 'New York', 'NY', '5057393024', 'Bill.Crosby@gmail.com', NULL);
insert into Customer values ('354457922','Mrs','William','Malkin', '8669913383596161','1-sep-2018','Fifth', 'Boston', 'MA', '4133708713', 'William.Malkin@gmail.com', NULL);
insert into Customer values ('132320203','Ms','Albert','Peters', '5647597687079544','1-sep-2019','Forbes', 'Chicago', 'IL', '3611041372', 'Albert.Peters@gmail.com', NULL);
insert into Customer values ('484306412','Mr','Jacob','Palmer', '6845231571477798','1-sep-2017','Main', 'Pittsburgh', 'PA', '1948133242', 'Jacob.Palmer@gmail.com', NULL);
insert into Customer values ('118482519','Mrs','Marge','Woods', '5140523974669733','1-sep-2018','Church', 'New York', 'NY', '5616193115', 'Marge.Woods@gmail.com', NULL);
insert into Customer values ('858940947','Ms','Anita','Nicholson', '8300039675962347','1-sep-2019','Washington', 'Boston', 'MA', '1099645567', 'Anita.Nicholson@gmail.com', NULL);
insert into Customer values ('536598137','Mr','Rachel','Bates', '7539768105918503','1-sep-2017','Jefferson', 'Chicago', 'IL', '6639985811', 'Rachel.Bates@gmail.com', NULL);
insert into Customer values ('324357103','Mrs','Ashley','Williams', '7661606152702859','1-sep-2018','Fifth', 'Pittsburgh', 'PA', '5538092495', 'Ashley.Williams@gmail.com', NULL);
insert into Customer values ('712941878','Ms','Tammy','Taylor', '8097421948531712','1-sep-2019','Forbes', 'New York', 'NY', '7692819879', 'Tammy.Taylor@gmail.com', NULL);
insert into Customer values ('213520059','Mr','Paul','Burns', '7226940192259278','1-sep-2017','Main', 'Boston', 'MA', '1208996297', 'Paul.Burns@gmail.com', NULL);
insert into Customer values ('794871376','Mrs','Justin','Brown', '1691329194976715','1-sep-2018','Church', 'Chicago', 'IL', '8112997785', 'Justin.Brown@gmail.com', NULL);
insert into Customer values ('317462148','Ms','Frank','Miller', '1610092636248971','1-sep-2019','Washington', 'Pittsburgh', 'PA', '6119020237', 'Frank.Miller@gmail.com', NULL);
insert into Customer values ('327167759','Mr','Eric','Davis', '3732264691858846','1-sep-2017','Jefferson', 'New York', 'NY', '8894744275', 'Eric.Davis@gmail.com', NULL);
insert into Customer values ('287363452','Mrs','Bryce','Jackson', '5621402960052550','1-sep-2018','Fifth', 'Boston', 'MA', '3249986488', 'Bryce.Jackson@gmail.com', NULL);
insert into Customer values ('962969149','Ms','Adam','Thompson', '8903313625576011','1-sep-2019','Forbes', 'Chicago', 'IL', '2113375154', 'Adam.Thompson@gmail.com', NULL);
insert into Customer values ('192283497','Mr','Jenna','Johnson', '2064731134269742','1-sep-2017','Main', 'Pittsburgh', 'PA', '7270424632', 'Jenna.Johnson@gmail.com', NULL);
insert into Customer values ('879107586','Mrs','Abby','Smith', '1072902026106429','1-sep-2018','Church', 'New York', 'NY', '3491547210', 'Abby.Smith@gmail.com', NULL);
insert into Customer values ('282087935','Ms','Jesse','Jones', '4502149694456224','1-sep-2019','Washington', 'Boston', 'MA', '6669401266', 'Jesse.Jones@gmail.com', NULL);
insert into Customer values ('537265726','Mr','Jessica','Hardy', '6500118067658376','1-sep-2017','Jefferson', 'Chicago', 'IL', '5270648798', 'Jessica.Hardy@gmail.com', NULL);
insert into Customer values ('630262244','Mrs','Allison','Ward', '4923818269623897','1-sep-2018','Fifth', 'Pittsburgh', 'PA', '6092853660', 'Allison.Ward@gmail.com', NULL);
insert into Customer values ('479173193','Ms','Ally','Johnston', '3948176148998181','1-sep-2019','Forbes', 'New York', 'NY', '3183539764', 'Ally.Johnston@gmail.com', NULL);
insert into Customer values ('968834760','Mr','Lauren','Sullivan', '2889584580074053','1-sep-2017','Main', 'Boston', 'MA', '7819126952', 'Lauren.Sullivan@gmail.com', NULL);
insert into Customer values ('213631590','Mrs','Lindsay','Crosby', '5987393576941492','1-sep-2018','Church', 'Chicago', 'IL', '1442443251', 'Lindsay.Crosby@gmail.com', NULL);
insert into Customer values ('972299425','Ms','Jim','Malkin', '8013168482985546','1-sep-2019','Washington', 'Pittsburgh', 'PA', '2227759041', 'Jim.Malkin@gmail.com', NULL);
insert into Customer values ('565916300','Mr','John','Peters', '2448674168853308','1-sep-2017','Jefferson', 'New York', 'NY', '4543539555', 'John.Peters@gmail.com', NULL);
insert into Customer values ('370795132','Mrs','Janet','Palmer', '1562528620394182','1-sep-2018','Fifth', 'Boston', 'MA', '4636039960', 'Janet.Palmer@gmail.com', NULL);
insert into Customer values ('769339823','Ms','Greg','Woods', '2328812332533565','1-sep-2019','Forbes', 'Chicago', 'IL', '2201292043', 'Greg.Woods@gmail.com', NULL);
insert into Customer values ('960674541','Mr','James','Nicholson', '6747352494348162','1-sep-2017','Main', 'Pittsburgh', 'PA', '2020874005', 'James.Nicholson@gmail.com', NULL);
insert into Customer values ('808719169','Mrs','Bill','Bates', '3265091692631560','1-sep-2018','Church', 'New York', 'NY', '5352286296', 'Bill.Bates@gmail.com', NULL);
insert into Customer values ('531656208','Ms','William','Williams', '5694741322062653','1-sep-2019','Washington', 'Boston', 'MA', '5395058502', 'William.Williams@gmail.com', NULL);
insert into Customer values ('567726363','Mr','Albert','Taylor', '2641692366955694','1-sep-2017','Jefferson', 'Chicago', 'IL', '7785051084', 'Albert.Taylor@gmail.com', NULL);
insert into Customer values ('758432778','Mrs','Jacob','Burns', '7378618349146814','1-sep-2018','Fifth', 'Pittsburgh', 'PA', '1151903887', 'Jacob.Burns@gmail.com', NULL);
insert into Customer values ('952359130','Ms','Marge','Brown', '1975256434799602','1-sep-2019','Forbes', 'New York', 'NY', '3260191834', 'Marge.Brown@gmail.com', NULL);
insert into Customer values ('128264479','Mr','Anita','Miller', '7761148105461876','1-sep-2017','Main', 'Boston', 'MA', '9110854970', 'Anita.Miller@gmail.com', NULL);
insert into Customer values ('264447768','Mrs','Rachel','Davis', '9949549720510483','1-sep-2018','Church', 'Chicago', 'IL', '6109755568', 'Rachel.Davis@gmail.com', NULL);
insert into Customer values ('568183908','Ms','Ashley','Jackson', '3075087591858131','1-sep-2019','Washington', 'Pittsburgh', 'PA', '8125761843', 'Ashley.Jackson@gmail.com', NULL);
insert into Customer values ('856136564','Mr','Tammy','Thompson', '2184309854833244','1-sep-2017','Jefferson', 'New York', 'NY', '9357698786', 'Tammy.Thompson@gmail.com', NULL);
insert into Customer values ('264784868','Mrs','Paul','Johnson', '7225629384492155','1-sep-2018','Fifth', 'Boston', 'MA', '3591407164', 'Paul.Johnson@gmail.com', NULL);
insert into Customer values ('319276519','Ms','Justin','Smith', '6768637405935906','1-sep-2019','Forbes', 'Chicago', 'IL', '1706300856', 'Justin.Smith@gmail.com', NULL);
insert into Customer values ('401063738','Mr','Frank','Jones', '7446587738501192','1-sep-2017','Main', 'Pittsburgh', 'PA', '6579150671', 'Frank.Jones@gmail.com', NULL);
insert into Customer values ('949321162','Mrs','Eric','Hardy', '7070916391081866','1-sep-2018','Church', 'New York', 'NY', '4770031769', 'Eric.Hardy@gmail.com', NULL);
insert into Customer values ('680592755','Ms','Bryce','Ward', '5143665141231720','1-sep-2019','Washington', 'Boston', 'MA', '8245093553', 'Bryce.Ward@gmail.com', NULL);
insert into Customer values ('345633258','Mr','Adam','Johnston', '4209212193965988','1-sep-2017','Jefferson', 'Chicago', 'IL', '2896766441', 'Adam.Johnston@gmail.com', NULL);
insert into Customer values ('332198483','Mrs','Jenna','Sullivan', '1300249391017478','1-sep-2018','Fifth', 'Pittsburgh', 'PA', '5586993121', 'Jenna.Sullivan@gmail.com', NULL);
insert into Customer values ('328102073','Ms','Abby','Crosby', '1482786326526602','1-sep-2019','Forbes', 'New York', 'NY', '4892176120', 'Abby.Crosby@gmail.com', NULL);
insert into Customer values ('181144902','Mr','Jesse','Malkin', '8402684155597789','1-sep-2017','Main', 'Boston', 'MA', '9985760334', 'Jesse.Malkin@gmail.com', NULL);
insert into Customer values ('987312002','Mrs','Jessica','Peters', '8147807543227810','1-sep-2018','Church', 'Chicago', 'IL', '9660929310', 'Jessica.Peters@gmail.com', NULL);
insert into Customer values ('634127952','Ms','Allison','Palmer', '9502471744797849','1-sep-2019','Washington', 'Pittsburgh', 'PA', '2428275618', 'Allison.Palmer@gmail.com', NULL);
insert into Customer values ('972209726','Mr','Ally','Woods', '6425235763405053','1-sep-2017','Jefferson', 'New York', 'NY', '9114414966', 'Ally.Woods@gmail.com', NULL);
insert into Customer values ('299094360','Mrs','Lauren','Nicholson', '4644800443018374','1-sep-2018','Fifth', 'Boston', 'MA', '5963283708', 'Lauren.Nicholson@gmail.com', NULL);
insert into Customer values ('628307397','Ms','Lindsay','Bates', '9124383853249385','1-sep-2019','Forbes', 'Chicago', 'IL', '5113011543', 'Lindsay.Bates@gmail.com', NULL);
insert into Customer values ('217546399','Mr','Jim','Williams', '6247422849062733','1-sep-2017','Main', 'Pittsburgh', 'PA', '5747316734', 'Jim.Williams@gmail.com', NULL);
insert into Customer values ('873684917','Mrs','John','Taylor', '5358171689137471','1-sep-2018','Church', 'New York', 'NY', '1246929753', 'John.Taylor@gmail.com', NULL);
insert into Customer values ('799389578','Ms','Janet','Burns', '4435105076024944','1-sep-2019','Washington', 'Boston', 'MA', '2404148490', 'Janet.Burns@gmail.com', NULL);
insert into Customer values ('322832458','Mr','Greg','Brown', '9499164573996436','1-sep-2017','Jefferson', 'Chicago', 'IL', '7408230287', 'Greg.Brown@gmail.com', NULL);
insert into Customer values ('959269016','Mrs','James','Miller', '2349166988034983','1-sep-2018','Fifth', 'Pittsburgh', 'PA', '1875424334', 'James.Miller@gmail.com', NULL);
insert into Customer values ('536934445','Ms','Bill','Davis', '3784001976707385','1-sep-2019','Forbes', 'New York', 'NY', '5815178366', 'Bill.Davis@gmail.com', NULL);
insert into Customer values ('344684465','Mr','William','Jackson', '8535901979157994','1-sep-2017','Main', 'Boston', 'MA', '3122275323', 'William.Jackson@gmail.com', NULL);
insert into Customer values ('944033088','Mrs','Albert','Thompson', '2990556421234071','1-sep-2018','Church', 'Chicago', 'IL', '3319617370', 'Albert.Thompson@gmail.com', NULL);
insert into Customer values ('130224068','Ms','Jacob','Johnson', '8177188198576459','1-sep-2019','Washington', 'Pittsburgh', 'PA', '6500603299', 'Jacob.Johnson@gmail.com', NULL);
insert into Customer values ('482786371','Mr','Marge','Smith', '7772039701737177','1-sep-2017','Jefferson', 'New York', 'NY', '9054453897', 'Marge.Smith@gmail.com', NULL);
insert into Customer values ('958064170','Mrs','Anita','Jones', '8812773375009843','1-sep-2018','Fifth', 'Boston', 'MA', '2925227126', 'Anita.Jones@gmail.com', NULL);
insert into Customer values ('500111208','Ms','Rachel','Hardy', '4296430466314522','1-sep-2019','Forbes', 'Chicago', 'IL', '1760171962', 'Rachel.Hardy@gmail.com', NULL);
insert into Customer values ('327978619','Mr','Ashley','Ward', '1672978326591872','1-sep-2017','Main', 'Pittsburgh', 'PA', '4730500168', 'Ashley.Ward@gmail.com', NULL);
insert into Customer values ('578170000','Mrs','Tammy','Johnston', '4386433006031334','1-sep-2018','Church', 'New York', 'NY', '8848085039', 'Tammy.Johnston@gmail.com', NULL);
insert into Customer values ('912949812','Ms','Paul','Sullivan', '9791826742840440','1-sep-2019','Washington', 'Boston', 'MA', '5197981949', 'Paul.Sullivan@gmail.com', NULL);
insert into Customer values ('791495765','Mr','Justin','Crosby', '3228601415659381','1-sep-2017','Jefferson', 'Chicago', 'IL', '1626267989', 'Justin.Crosby@gmail.com', NULL);
insert into Customer values ('818209559','Mrs','Frank','Malkin', '2406129714470608','1-sep-2018','Fifth', 'Pittsburgh', 'PA', '9829438949', 'Frank.Malkin@gmail.com', NULL);
insert into Customer values ('166622372','Ms','Eric','Peters', '4571951270411570','1-sep-2019','Forbes', 'New York', 'NY', '4606307333', 'Eric.Peters@gmail.com', NULL);
insert into Customer values ('525440440','Mr','Bryce','Palmer', '8998107897334367','1-sep-2017','Main', 'Boston', 'MA', '5083052807', 'Bryce.Palmer@gmail.com', NULL);
insert into Customer values ('701845470','Mrs','Adam','Woods', '9323379395737504','1-sep-2018','Church', 'Chicago', 'IL', '2779098433', 'Adam.Woods@gmail.com', NULL);
insert into Customer values ('185878487','Ms','Jenna','Nicholson', '8730074339984817','1-sep-2019','Washington', 'Pittsburgh', 'PA', '7344408095', 'Jenna.Nicholson@gmail.com', NULL);
insert into Customer values ('866130462','Mr','Abby','Bates', '7670302725434459','1-sep-2017','Jefferson', 'New York', 'NY', '1396658260', 'Abby.Bates@gmail.com', NULL);
insert into Customer values ('650946133','Mrs','Jesse','Williams', '9014839080221297','1-sep-2018','Fifth', 'Boston', 'MA', '6293036281', 'Jesse.Williams@gmail.com', NULL);
insert into Customer values ('768722302','Ms','Jessica','Taylor', '1481548631384693','1-sep-2019','Forbes', 'Chicago', 'IL', '4150466382', 'Jessica.Taylor@gmail.com', NULL);
insert into Customer values ('262320691','Mr','Allison','Burns', '8512330730128862','1-sep-2017','Main', 'Pittsburgh', 'PA', '1981434588', 'Allison.Burns@gmail.com', NULL);
insert into Customer values ('162125961','Mrs','Ally','Brown', '4367122248300150','1-sep-2018','Church', 'New York', 'NY', '8464107464', 'Ally.Brown@gmail.com', NULL);
insert into Customer values ('408676539','Ms','Lauren','Miller', '1451586914604415','1-sep-2019','Washington', 'Boston', 'MA', '5044384519', 'Lauren.Miller@gmail.com', NULL);
insert into Customer values ('701708536','Mr','Lindsay','Davis', '5860871899476169','1-sep-2017','Jefferson', 'Chicago', 'IL', '4919506723', 'Lindsay.Davis@gmail.com', NULL);
insert into Customer values ('888631226','Mrs','Jim','Jackson', '1190580776739765','1-sep-2018','Fifth', 'Pittsburgh', 'PA', '3634320982', 'Jim.Jackson@gmail.com', NULL);
insert into Customer values ('645672936','Ms','John','Thompson', '6072262854506314','1-sep-2019','Forbes', 'New York', 'NY', '5912914837', 'John.Thompson@gmail.com', NULL);
insert into Customer values ('147225904','Mr','Janet','Johnson', '4945212325544656','1-sep-2017','Main', 'Boston', 'MA', '7086297980', 'Janet.Johnson@gmail.com', NULL);
insert into Customer values ('674204447','Mrs','Greg','Smith', '6363399483000138','1-sep-2018','Church', 'Chicago', 'IL', '2338194777', 'Greg.Smith@gmail.com', NULL);
insert into Customer values ('963296561','Ms','James','Jones', '3933520050494832','1-sep-2019','Washington', 'Pittsburgh', 'PA', '4751569027', 'James.Jones@gmail.com', NULL);
insert into Customer values ('179922737','Mr','Bill','Hardy', '9427237866422726','1-sep-2017','Jefferson', 'New York', 'NY', '2944637698', 'Bill.Hardy@gmail.com', NULL);
insert into Customer values ('202987691','Mrs','William','Ward', '2858115502881520','1-sep-2018','Fifth', 'Boston', 'MA', '4123953593', 'William.Ward@gmail.com', NULL);
insert into Customer values ('755211567','Ms','Albert','Johnston', '6484231139617855','1-sep-2019','Forbes', 'Chicago', 'IL', '3949225549', 'Albert.Johnston@gmail.com', NULL);
insert into Customer values ('119794422','Mr','Jacob','Sullivan', '4911568619299397','1-sep-2017','Main', 'Pittsburgh', 'PA', '1104103299', 'Jacob.Sullivan@gmail.com', NULL);
insert into Customer values ('288364221','Mrs','Marge','Crosby', '9280777862521591','1-sep-2018','Church', 'New York', 'NY', '6244667073', 'Marge.Crosby@gmail.com', NULL);
insert into Customer values ('386618106','Ms','Anita','Malkin', '3702724033467177','1-sep-2019','Washington', 'Boston', 'MA', '6031404745', 'Anita.Malkin@gmail.com', NULL);
insert into Customer values ('550418609','Mr','Rachel','Peters', '5513275419640088','1-sep-2017','Jefferson', 'Chicago', 'IL', '6606188019', 'Rachel.Peters@gmail.com', NULL);
insert into Customer values ('450211905','Mrs','Ashley','Palmer', '6657679978675485','1-sep-2018','Fifth', 'Pittsburgh', 'PA', '1409446700', 'Ashley.Palmer@gmail.com', NULL);
insert into Customer values ('546518498','Ms','Tammy','Woods', '5876969880292070','1-sep-2019','Forbes', 'New York', 'NY', '5870090255', 'Tammy.Woods@gmail.com', NULL);
insert into Customer values ('350284546','Mr','Paul','Nicholson', '3361845549394385','1-sep-2017','Main', 'Boston', 'MA', '9836281017', 'Paul.Nicholson@gmail.com', NULL);
insert into Customer values ('638576464','Mrs','Justin','Bates', '4331108319924518','1-sep-2018','Church', 'Chicago', 'IL', '5858634166', 'Justin.Bates@gmail.com', NULL);
insert into Customer values ('739127106','Ms','Frank','Williams', '2133704720702240','1-sep-2019','Washington', 'Pittsburgh', 'PA', '9998074354', 'Frank.Williams@gmail.com', NULL);
insert into Customer values ('766253645','Mr','Eric','Taylor', '9452743400457736','1-sep-2017','Jefferson', 'New York', 'NY', '3725633762', 'Eric.Taylor@gmail.com', NULL);
insert into Customer values ('345200671','Mrs','Bryce','Burns', '9002589069781460','1-sep-2018','Fifth', 'Boston', 'MA', '3338571853', 'Bryce.Burns@gmail.com', NULL);
insert into Customer values ('550818352','Ms','Adam','Brown', '7859292011792914','1-sep-2019','Forbes', 'Chicago', 'IL', '8991421668', 'Adam.Brown@gmail.com', NULL);
insert into Customer values ('708921816','Mr','Jenna','Miller', '5140520909272988','1-sep-2017','Main', 'Pittsburgh', 'PA', '3194771035', 'Jenna.Miller@gmail.com', NULL);
insert into Customer values ('382315340','Mrs','Abby','Davis', '3371555822351505','1-sep-2018','Church', 'New York', 'NY', '5657544568', 'Abby.Davis@gmail.com', NULL);
insert into Customer values ('581655876','Ms','Jesse','Jackson', '9171053837287151','1-sep-2019','Washington', 'Boston', 'MA', '8043120937', 'Jesse.Jackson@gmail.com', NULL);
insert into Customer values ('507083534','Mr','Jessica','Thompson', '8277998244514370','1-sep-2017','Jefferson', 'Chicago', 'IL', '1846686493', 'Jessica.Thompson@gmail.com', NULL);
insert into Customer values ('569731005','Mrs','Allison','Johnson', '2589586582457462','1-sep-2018','Fifth', 'Pittsburgh', 'PA', '1579463568', 'Allison.Johnson@gmail.com', NULL);
insert into Customer values ('913245844','Ms','Ally','Smith', '8481287170023807','1-sep-2019','Forbes', 'New York', 'NY', '7220679372', 'Ally.Smith@gmail.com', NULL);
insert into Customer values ('621825554','Mr','Lauren','Jones', '8849379721693547','1-sep-2017','Main', 'Boston', 'MA', '5189113805', 'Lauren.Jones@gmail.com', NULL);
insert into Customer values ('718266735','Mrs','Lindsay','Hardy', '2110210683466932','1-sep-2018','Church', 'Chicago', 'IL', '2902237805', 'Lindsay.Hardy@gmail.com', NULL);
insert into Customer values ('345945464','Ms','Jim','Ward', '4611608591325855','1-sep-2019','Washington', 'Pittsburgh', 'PA', '3988872516', 'Jim.Ward@gmail.com', NULL);
insert into Customer values ('760258020','Mr','John','Johnston', '9139481902561002','1-sep-2017','Jefferson', 'New York', 'NY', '8265476557', 'John.Johnston@gmail.com', NULL);
insert into Customer values ('933330069','Mrs','Janet','Sullivan', '8905856020056125','1-sep-2018','Fifth', 'Boston', 'MA', '7013162304', 'Janet.Sullivan@gmail.com', NULL);
insert into Customer values ('519521106','Ms','Greg','Crosby', '3520191835566537','1-sep-2019','Forbes', 'Chicago', 'IL', '2628920299', 'Greg.Crosby@gmail.com', NULL);
insert into Customer values ('512063832','Mr','James','Malkin', '9014620447235792','1-sep-2017','Main', 'Pittsburgh', 'PA', '8561949972', 'James.Malkin@gmail.com', NULL);
insert into Customer values ('117384301','Mrs','Bill','Peters', '2944069590061132','1-sep-2018','Church', 'New York', 'NY', '7721517174', 'Bill.Peters@gmail.com', NULL);
insert into Customer values ('365513221','Ms','William','Palmer', '6519058233109071','1-sep-2019','Washington', 'Boston', 'MA', '8691011767', 'William.Palmer@gmail.com', NULL);
insert into Customer values ('590159643','Mr','Albert','Woods', '6901104917430436','1-sep-2017','Jefferson', 'Chicago', 'IL', '6685034491', 'Albert.Woods@gmail.com', NULL);
insert into Customer values ('693973662','Mrs','Jacob','Nicholson', '3981520613617011','1-sep-2018','Fifth', 'Pittsburgh', 'PA', '8697363624', 'Jacob.Nicholson@gmail.com', NULL);
insert into Customer values ('686269365','Ms','Marge','Bates', '3846855930233233','1-sep-2019','Forbes', 'New York', 'NY', '7553866859', 'Marge.Bates@gmail.com', NULL);
insert into Customer values ('899470887','Mr','Anita','Williams', '7607968500773031','1-sep-2017','Main', 'Boston', 'MA', '8758125301', 'Anita.Williams@gmail.com', NULL);
insert into Customer values ('674435711','Mrs','Rachel','Taylor', '1655571972213084','1-sep-2018','Church', 'Chicago', 'IL', '7472669524', 'Rachel.Taylor@gmail.com', NULL);
insert into Customer values ('545406359','Ms','Ashley','Burns', '8847006201656303','1-sep-2019','Washington', 'Pittsburgh', 'PA', '5724452981', 'Ashley.Burns@gmail.com', NULL);
insert into Customer values ('186801473','Mr','Tammy','Brown', '1370661760756732','1-sep-2017','Jefferson', 'New York', 'NY', '9511842515', 'Tammy.Brown@gmail.com', NULL);
insert into Customer values ('575205669','Mrs','Paul','Miller', '5608548395762328','1-sep-2018','Fifth', 'Boston', 'MA', '3831170198', 'Paul.Miller@gmail.com', NULL);
insert into Customer values ('660167009','Ms','Justin','Davis', '5534945275477823','1-sep-2019','Forbes', 'Chicago', 'IL', '9181327005', 'Justin.Davis@gmail.com', NULL);
insert into Customer values ('121081532','Mr','Frank','Jackson', '1270446253929270','1-sep-2017','Main', 'Pittsburgh', 'PA', '5927833045', 'Frank.Jackson@gmail.com', NULL);
insert into Customer values ('938399948','Mrs','Eric','Thompson', '3103955706779095','1-sep-2018','Church', 'New York', 'NY', '1613513607', 'Eric.Thompson@gmail.com', NULL);
insert into Customer values ('481499979','Ms','Bryce','Johnson', '5488581962865026','1-sep-2019','Washington', 'Boston', 'MA', '8653128599', 'Bryce.Johnson@gmail.com', NULL);
insert into Customer values ('327933912','Mr','Adam','Smith', '6735884860208511','1-sep-2017','Jefferson', 'Chicago', 'IL', '5153760143', 'Adam.Smith@gmail.com', NULL);
insert into Customer values ('563336479','Mrs','Jenna','Jones', '8171386311457118','1-sep-2018','Fifth', 'Pittsburgh', 'PA', '6787772376', 'Jenna.Jones@gmail.com', NULL);
insert into Customer values ('590142066','Ms','Abby','Hardy', '7977762636185152','1-sep-2019','Forbes', 'New York', 'NY', '4834579802', 'Abby.Hardy@gmail.com', NULL);
insert into Customer values ('151692405','Mr','Jesse','Ward', '1806433614994811','1-sep-2017','Main', 'Boston', 'MA', '9014741794', 'Jesse.Ward@gmail.com', NULL);
insert into Customer values ('326047256','Mrs','Jessica','Johnston', '9762497859014580','1-sep-2018','Church', 'Chicago', 'IL', '7827824340', 'Jessica.Johnston@gmail.com', NULL);
insert into Customer values ('540158655','Ms','Allison','Sullivan', '5907637269136573','1-sep-2019','Washington', 'Pittsburgh', 'PA', '3792416509', 'Allison.Sullivan@gmail.com', NULL);
insert into Customer values ('508036072','Mr','Ally','Crosby', '7377445973094991','1-sep-2017','Jefferson', 'New York', 'NY', '8565312542', 'Ally.Crosby@gmail.com', NULL);


--Reservation sample data

insert into Reservation values ('11282', '624232974', '4832', '3358801979669397', '17-oct-2016', 'Y', 'NY', 'PIT');
insert into Reservation values ('92050', '677025460', '3950', '4220451373242045', '13-jun-2017', 'Y', 'PIT', 'BOS');
insert into Reservation values ('36619', '524739414', '4530', '2109673091418997', '11-feb-2016', 'N', 'BOS', 'CHI');
insert into Reservation values ('45728', '457759841', '396', '3718051236012228', '17-jan-2019', 'Y', 'CHI', 'LA');
insert into Reservation values ('65012', '445074332', '2890', '3928098013312273', '12-nov-2017', 'N', 'LA', 'MIL');
insert into Reservation values ('45724', '803017054', '3548', '8635946575143213', '9-sep-2017', 'Y', 'MIL', 'NY');
insert into Reservation values ('16685', '992545223', '583', '3538250074366849', '25-dec-2017', 'N', 'NY', 'PIT');
insert into Reservation values ('41140', '923733507', '1056', '4476363981148083', '22-apr-2018', 'Y', 'PIT', 'BOS');
insert into Reservation values ('55771', '634731897', '3229', '5222615977861821', '7-jan-2018', 'Y', 'BOS', 'CHI');
insert into Reservation values ('51225', '228871932', '378', '3445275282080006', '4-mar-2019', 'Y', 'CHI', 'LA');
insert into Reservation values ('13906', '353042130', '1716', '6792054295044259', '15-jun-2016', 'N', 'LA', 'MIL');
insert into Reservation values ('71735', '229389761', '1106', '3700545935488747', '3-may-2019', 'Y', 'MIL', 'NY');
insert into Reservation values ('19079', '257103883', '2245', '8060631135261039', '19-mar-2017', 'Y', 'NY', 'PIT');
insert into Reservation values ('83868', '530591807', '3732', '5181851338879982', '21-apr-2017', 'N', 'PIT', 'BOS');
insert into Reservation values ('30336', '857548789', '3015', '3285653608025720', '12-apr-2016', 'N', 'BOS', 'CHI');
insert into Reservation values ('13038', '640545725', '3075', '6205081623718488', '23-nov-2016', 'Y', 'CHI', 'LA');
insert into Reservation values ('76781', '165457102', '3468', '6798664442136733', '27-apr-2018', 'Y', 'LA', 'MIL');
insert into Reservation values ('51755', '742401836', '588', '2691832435794717', '5-feb-2016', 'N', 'MIL', 'NY');
insert into Reservation values ('33107', '783874433', '679', '5673921883966251', '22-jun-2016', 'Y', 'NY', 'PIT');
insert into Reservation values ('50078', '190513685', '950', '2626691371620653', '5-apr-2018', 'N', 'PIT', 'BOS');
insert into Reservation values ('76649', '657054155', '3212', '3786297252366086', '2-aug-2016', 'Y', 'BOS', 'CHI');
insert into Reservation values ('72208', '106992432', '3503', '9312138662876885', '23-nov-2019', 'Y', 'CHI', 'LA');
insert into Reservation values ('98319', '397092052', '2552', '7838898576806587', '28-jun-2018', 'N', 'LA', 'MIL');
insert into Reservation values ('46324', '493954437', '1641', '8050744130963363', '22-may-2017', 'Y', 'MIL', 'NY');
insert into Reservation values ('68145', '722405831', '1766', '9454037811972985', '3-sep-2017', 'N', 'NY', 'PIT');
insert into Reservation values ('23171', '695864077', '3681', '9244865289861661', '21-feb-2016', 'N', 'PIT', 'BOS');
insert into Reservation values ('28831', '305000278', '4900', '4947456770534843', '19-oct-2016', 'Y', 'BOS', 'CHI');
insert into Reservation values ('30708', '868091734', '4282', '4471425460780637', '18-nov-2019', 'N', 'CHI', 'LA');
insert into Reservation values ('26467', '159015012', '1629', '2903676219838939', '8-aug-2018', 'Y', 'LA', 'MIL');
insert into Reservation values ('85907', '634602713', '1917', '1339031650089684', '23-sep-2016', 'N', 'MIL', 'NY');
insert into Reservation values ('17858', '126911996', '4489', '9593831401912822', '4-may-2016', 'N', 'NY', 'PIT');
insert into Reservation values ('10460', '529677437', '2428', '8553075120745165', '28-jun-2017', 'N', 'PIT', 'BOS');
insert into Reservation values ('88268', '370365507', '2448', '1940425275685144', '4-jul-2019', 'Y', 'BOS', 'CHI');
insert into Reservation values ('29736', '739637200', '938', '5609708285641830', '5-oct-2016', 'Y', 'CHI', 'LA');
insert into Reservation values ('99999', '330088771', '502', '3179601251883061', '4-oct-2016', 'N', 'LA', 'MIL');
insert into Reservation values ('29143', '627333796', '2542', '1698254256274417', '6-jul-2019', 'N', 'MIL', 'NY');
insert into Reservation values ('52408', '430929799', '3275', '6444499536882398', '6-sep-2019', 'N', 'NY', 'PIT');
insert into Reservation values ('60896', '190186442', '2683', '2427289756522470', '28-jan-2018', 'Y', 'PIT', 'BOS');
insert into Reservation values ('70290', '887175441', '1359', '7393826518261702', '28-feb-2016', 'Y', 'BOS', 'CHI');
insert into Reservation values ('82394', '108665694', '1920', '8309036040656096', '27-mar-2016', 'Y', 'CHI', 'LA');
insert into Reservation values ('55805', '277094925', '4865', '8108275939196756', '19-aug-2017', 'N', 'LA', 'MIL');
insert into Reservation values ('85953', '582880470', '3869', '5000336236314280', '9-dec-2019', 'Y', 'MIL', 'NY');
insert into Reservation values ('21885', '560842393', '1514', '4640472283864362', '6-dec-2016', 'Y', 'NY', 'PIT');
insert into Reservation values ('77223', '197912678', '3717', '1696571314841978', '18-may-2018', 'N', 'PIT', 'BOS');
insert into Reservation values ('87359', '734163985', '3163', '1557027287688234', '2-jan-2018', 'N', 'BOS', 'CHI');
insert into Reservation values ('62012', '970201805', '1314', '3483993893857081', '23-aug-2016', 'N', 'CHI', 'LA');
insert into Reservation values ('51722', '231881524', '3564', '3556406681576961', '23-sep-2016', 'N', 'LA', 'MIL');
insert into Reservation values ('69258', '189303489', '472', '6477076126481104', '26-jul-2016', 'N', 'MIL', 'NY');
insert into Reservation values ('10172', '433569266', '4846', '7815438778577758', '17-may-2016', 'N', 'NY', 'PIT');
insert into Reservation values ('79689', '208642381', '1658', '3458710178612567', '2-mar-2017', 'N', 'PIT', 'BOS');
insert into Reservation values ('42696', '195229156', '3220', '1596118179665631', '11-jul-2016', 'N', 'BOS', 'CHI');
insert into Reservation values ('30041', '329403078', '1368', '5581449961265851', '28-mar-2019', 'Y', 'CHI', 'LA');
insert into Reservation values ('30891', '413425019', '4317', '6399148880416279', '2-nov-2016', 'Y', 'LA', 'MIL');
insert into Reservation values ('34872', '105956093', '3420', '4668543811599268', '20-may-2016', 'Y', 'MIL', 'NY');
insert into Reservation values ('74502', '746271532', '3469', '6517665403494681', '16-feb-2018', 'Y', 'NY', 'PIT');
insert into Reservation values ('89282', '714197446', '1295', '8251175712486152', '16-oct-2017', 'N', 'PIT', 'BOS');
insert into Reservation values ('64066', '424596512', '1877', '4789536437638209', '11-jun-2018', 'N', 'BOS', 'CHI');
insert into Reservation values ('51608', '164746144', '1774', '6232041363344251', '24-may-2018', 'Y', 'CHI', 'LA');
insert into Reservation values ('47621', '488492716', '3129', '3395791557540542', '20-jan-2018', 'N', 'LA', 'MIL');
insert into Reservation values ('15962', '655745282', '2148', '3118148856457907', '28-nov-2019', 'N', 'MIL', 'NY');
insert into Reservation values ('95095', '138876694', '912', '4357782947533610', '23-dec-2016', 'N', 'NY', 'PIT');
insert into Reservation values ('51993', '386909485', '3449', '2277617225983878', '8-apr-2017', 'Y', 'PIT', 'BOS');
insert into Reservation values ('98366', '105218560', '1648', '5586651063959506', '7-aug-2016', 'N', 'BOS', 'CHI');
insert into Reservation values ('77690', '668997537', '4721', '5628719679150428', '27-may-2018', 'N', 'CHI', 'LA');
insert into Reservation values ('42405', '640301343', '4353', '1442739596255558', '18-aug-2017', 'Y', 'LA', 'MIL');
insert into Reservation values ('31816', '273981637', '66', '9157081475065587', '5-may-2018', 'N', 'MIL', 'NY');
insert into Reservation values ('47558', '172026791', '79', '3067383824175903', '2-mar-2017', 'N', 'NY', 'PIT');
insert into Reservation values ('22413', '971602507', '559', '3842432067120287', '5-apr-2019', 'N', 'PIT', 'BOS');
insert into Reservation values ('13362', '480175349', '1921', '8192028096663368', '8-oct-2019', 'Y', 'BOS', 'CHI');
insert into Reservation values ('97349', '916370125', '4912', '9459475974824451', '21-jul-2017', 'Y', 'CHI', 'LA');
insert into Reservation values ('45545', '502743379', '3366', '2578547696054149', '8-jan-2019', 'N', 'LA', 'MIL');
insert into Reservation values ('80290', '284623571', '846', '3735140937947948', '12-may-2016', 'Y', 'MIL', 'NY');
insert into Reservation values ('21587', '631328022', '144', '4165690556381378', '6-dec-2018', 'Y', 'NY', 'PIT');
insert into Reservation values ('23983', '540184064', '1751', '7795060930154692', '3-nov-2016', 'Y', 'PIT', 'BOS');
insert into Reservation values ('97956', '323680141', '423', '9491402121403855', '5-mar-2017', 'N', 'BOS', 'CHI');
insert into Reservation values ('97058', '674149213', '15', '9462520808378409', '2-oct-2017', 'N', 'CHI', 'LA');
insert into Reservation values ('45092', '940766408', '710', '8741491193680670', '4-aug-2018', 'Y', 'LA', 'MIL');
insert into Reservation values ('83121', '418582222', '682', '2642208963862237', '7-mar-2017', 'Y', 'MIL', 'NY');
insert into Reservation values ('73675', '237067252', '1861', '3036537188076528', '11-apr-2018', 'Y', 'NY', 'PIT');
insert into Reservation values ('35539', '300538932', '1186', '6641583850544024', '3-sep-2016', 'Y', 'PIT', 'BOS');
insert into Reservation values ('83787', '376130591', '3440', '4783392931728247', '5-aug-2016', 'Y', 'BOS', 'CHI');
insert into Reservation values ('58592', '219275716', '1903', '9899289240546080', '7-jan-2018', 'Y', 'CHI', 'LA');
insert into Reservation values ('56112', '837150694', '3081', '6450133935412302', '24-oct-2017', 'Y', 'LA', 'MIL');
insert into Reservation values ('86740', '737646286', '2508', '5703763723342989', '22-may-2016', 'Y', 'MIL', 'NY');
insert into Reservation values ('34335', '279371424', '1298', '5467913325014909', '3-jun-2019', 'Y', 'NY', 'PIT');
insert into Reservation values ('41691', '968044956', '3634', '5804646421849260', '23-aug-2018', 'Y', 'PIT', 'BOS');
insert into Reservation values ('13136', '212457181', '2557', '2705779340212706', '11-may-2018', 'Y', 'BOS', 'CHI');
insert into Reservation values ('55475', '449236839', '1253', '5411390443027017', '14-sep-2019', 'N', 'CHI', 'LA');
insert into Reservation values ('35106', '906324113', '2353', '4853897078222092', '5-oct-2019', 'Y', 'LA', 'MIL');
insert into Reservation values ('45506', '374042997', '1586', '9422371783306965', '9-oct-2016', 'N', 'MIL', 'NY');
insert into Reservation values ('98277', '604010662', '2461', '2937047724927073', '23-dec-2018', 'Y', 'NY', 'PIT');
insert into Reservation values ('39114', '390943692', '4430', '5115339349539326', '6-nov-2016', 'Y', 'PIT', 'BOS');
insert into Reservation values ('55934', '383298703', '1174', '5586331270524991', '22-jan-2016', 'N', 'BOS', 'CHI');
insert into Reservation values ('27887', '190059577', '2819', '4973496447399954', '1-mar-2017', 'Y', 'CHI', 'LA');
insert into Reservation values ('45063', '993099797', '2367', '4946083210823029', '7-feb-2019', 'N', 'LA', 'MIL');
insert into Reservation values ('76307', '867017959', '2758', '4954549622708531', '21-nov-2017', 'N', 'MIL', 'NY');
insert into Reservation values ('74187', '194089089', '356', '4167564940863137', '16-apr-2017', 'Y', 'NY', 'PIT');
insert into Reservation values ('89044', '723015775', '687', '7224107395503754', '12-feb-2018', 'Y', 'PIT', 'BOS');
insert into Reservation values ('74260', '116122755', '710', '8130284002980981', '9-nov-2019', 'N', 'BOS', 'CHI');
insert into Reservation values ('75722', '395325672', '127', '9433504180906555', '25-sep-2018', 'Y', 'CHI', 'LA');
insert into Reservation values ('23738', '853454812', '4989', '4305058577367767', '26-feb-2018', 'N', 'LA', 'MIL');
insert into Reservation values ('99528', '955999274', '2290', '5958440431726579', '21-jun-2016', 'N', 'MIL', 'NY');
insert into Reservation values ('24131', '270582777', '3855', '7271785331975860', '15-jan-2018', 'N', 'NY', 'PIT');
insert into Reservation values ('84200', '140881511', '3275', '3694721136684770', '14-aug-2018', 'N', 'PIT', 'BOS');
insert into Reservation values ('65388', '667804203', '4913', '8295905764478831', '16-feb-2016', 'Y', 'BOS', 'CHI');
insert into Reservation values ('94933', '319395070', '4611', '7759773543872359', '21-feb-2019', 'Y', 'CHI', 'LA');
insert into Reservation values ('13935', '610724605', '990', '6551764938186259', '16-oct-2018', 'N', 'LA', 'MIL');
insert into Reservation values ('70990', '486936010', '4032', '5942810190288992', '1-mar-2017', 'Y', 'MIL', 'NY');
insert into Reservation values ('27053', '427635211', '190', '6246799316742622', '14-jun-2018', 'Y', 'NY', 'PIT');
insert into Reservation values ('25506', '367763700', '653', '6605578895155060', '26-dec-2019', 'Y', 'PIT', 'BOS');
insert into Reservation values ('99862', '240354782', '392', '7479596204758272', '15-nov-2017', 'Y', 'BOS', 'CHI');
insert into Reservation values ('49729', '210503246', '2990', '3079145868531019', '5-feb-2018', 'N', 'CHI', 'LA');
insert into Reservation values ('86665', '587743381', '4131', '3231911201117959', '1-jul-2018', 'Y', 'LA', 'MIL');
insert into Reservation values ('14567', '767583161', '32', '7066186593494900', '26-oct-2017', 'N', 'MIL', 'NY');
insert into Reservation values ('86789', '993586795', '4222', '8403223720407786', '22-jan-2017', 'Y', 'NY', 'PIT');
insert into Reservation values ('62066', '964070864', '535', '5238473580796032', '22-oct-2017', 'N', 'PIT', 'BOS');
insert into Reservation values ('34791', '980609230', '1380', '3919648701730064', '16-sep-2018', 'Y', 'BOS', 'CHI');
insert into Reservation values ('18743', '541226946', '4233', '2902759854457084', '16-may-2016', 'N', 'CHI', 'LA');
insert into Reservation values ('45503', '354457922', '1632', '8669913383596161', '19-mar-2018', 'Y', 'LA', 'MIL');
insert into Reservation values ('72072', '132320203', '625', '5647597687079544', '22-dec-2017', 'Y', 'MIL', 'NY');
insert into Reservation values ('56669', '484306412', '3144', '6845231571477798', '1-dec-2017', 'N', 'NY', 'PIT');
insert into Reservation values ('90289', '118482519', '4529', '5140523974669733', '5-feb-2017', 'N', 'PIT', 'BOS');
insert into Reservation values ('11111', '858940947', '921', '8300039675962347', '8-dec-2016', 'N', 'BOS', 'CHI');
insert into Reservation values ('53729', '536598137', '3776', '7539768105918503', '19-jul-2019', 'Y', 'CHI', 'LA');
insert into Reservation values ('69639', '324357103', '4866', '7661606152702859', '13-dec-2017', 'N', 'LA', 'MIL');
insert into Reservation values ('34909', '712941878', '1541', '8097421948531712', '26-nov-2017', 'Y', 'MIL', 'NY');
insert into Reservation values ('71773', '213520059', '3161', '7226940192259278', '27-dec-2019', 'Y', 'NY', 'PIT');
insert into Reservation values ('76885', '794871376', '2801', '1691329194976715', '25-jun-2017', 'N', 'PIT', 'BOS');
insert into Reservation values ('46557', '317462148', '684', '1610092636248971', '26-oct-2016', 'Y', 'BOS', 'CHI');
insert into Reservation values ('66808', '327167759', '841', '3732264691858846', '14-nov-2019', 'N', 'CHI', 'LA');
insert into Reservation values ('93842', '287363452', '2551', '5621402960052550', '17-jun-2017', 'N', 'LA', 'MIL');
insert into Reservation values ('92678', '962969149', '4826', '8903313625576011', '27-may-2018', 'N', 'MIL', 'NY');
insert into Reservation values ('58886', '192283497', '4745', '2064731134269742', '3-oct-2016', 'N', 'NY', 'PIT');
insert into Reservation values ('35325', '879107586', '2530', '1072902026106429', '9-mar-2016', 'Y', 'PIT', 'BOS');
insert into Reservation values ('42206', '282087935', '3423', '4502149694456224', '18-apr-2017', 'N', 'BOS', 'CHI');
insert into Reservation values ('82675', '537265726', '4306', '6500118067658376', '16-jul-2018', 'N', 'CHI', 'LA');
insert into Reservation values ('25066', '630262244', '1165', '4923818269623897', '1-jun-2016', 'N', 'LA', 'MIL');
insert into Reservation values ('47309', '479173193', '304', '3948176148998181', '11-jul-2018', 'N', 'MIL', 'NY');
insert into Reservation values ('38383', '968834760', '1626', '2889584580074053', '3-feb-2016', 'Y', 'NY', 'PIT');
insert into Reservation values ('73690', '213631590', '2584', '5987393576941492', '11-jan-2018', 'Y', 'PIT', 'BOS');
insert into Reservation values ('53185', '972299425', '985', '8013168482985546', '21-may-2019', 'Y', 'BOS', 'CHI');
insert into Reservation values ('93713', '565916300', '2303', '2448674168853308', '24-sep-2017', 'Y', 'CHI', 'LA');
insert into Reservation values ('62763', '370795132', '1377', '1562528620394182', '18-mar-2017', 'N', 'LA', 'MIL');
insert into Reservation values ('80919', '769339823', '4410', '2328812332533565', '8-sep-2018', 'N', 'MIL', 'NY');
insert into Reservation values ('25894', '960674541', '167', '6747352494348162', '4-feb-2017', 'Y', 'NY', 'PIT');
insert into Reservation values ('64539', '808719169', '3925', '3265091692631560', '16-oct-2017', 'Y', 'PIT', 'BOS');
insert into Reservation values ('69395', '531656208', '454', '5694741322062653', '27-nov-2017', 'N', 'BOS', 'CHI');
insert into Reservation values ('13058', '567726363', '2628', '2641692366955694', '10-sep-2017', 'N', 'CHI', 'LA');
insert into Reservation values ('13380', '758432778', '4728', '7378618349146814', '7-jan-2018', 'N', 'LA', 'MIL');
insert into Reservation values ('64791', '952359130', '4745', '1975256434799602', '23-dec-2018', 'N', 'MIL', 'NY');
insert into Reservation values ('49298', '128264479', '2787', '7761148105461876', '4-may-2016', 'Y', 'NY', 'PIT');
insert into Reservation values ('67702', '264447768', '4315', '9949549720510483', '3-aug-2017', 'N', 'PIT', 'BOS');
insert into Reservation values ('66147', '568183908', '4375', '3075087591858131', '5-feb-2017', 'N', 'BOS', 'CHI');
insert into Reservation values ('13665', '856136564', '4802', '2184309854833244', '2-mar-2018', 'Y', 'CHI', 'LA');
insert into Reservation values ('61000', '264784868', '1409', '7225629384492155', '6-nov-2016', 'N', 'LA', 'MIL');
insert into Reservation values ('18187', '319276519', '3218', '6768637405935906', '5-apr-2017', 'N', 'MIL', 'NY');
insert into Reservation values ('70277', '401063738', '4334', '7446587738501192', '21-feb-2019', 'N', 'NY', 'PIT');
insert into Reservation values ('67734', '949321162', '2122', '7070916391081866', '11-apr-2016', 'N', 'PIT', 'BOS');
insert into Reservation values ('68554', '680592755', '3973', '5143665141231720', '21-apr-2017', 'N', 'BOS', 'CHI');
insert into Reservation values ('92075', '345633258', '4958', '4209212193965988', '22-mar-2019', 'N', 'CHI', 'LA');
insert into Reservation values ('60094', '332198483', '1863', '1300249391017478', '18-nov-2017', 'N', 'LA', 'MIL');
insert into Reservation values ('31202', '328102073', '2766', '1482786326526602', '12-jan-2016', 'Y', 'MIL', 'NY');
insert into Reservation values ('93938', '181144902', '3615', '8402684155597789', '10-sep-2018', 'N', 'NY', 'PIT');
insert into Reservation values ('11935', '987312002', '2795', '8147807543227810', '15-feb-2016', 'N', 'PIT', 'BOS');
insert into Reservation values ('80701', '634127952', '2765', '9502471744797849', '6-oct-2016', 'N', 'BOS', 'CHI');
insert into Reservation values ('91450', '972209726', '2757', '6425235763405053', '20-jun-2016', 'N', 'CHI', 'LA');
insert into Reservation values ('28112', '299094360', '1131', '4644800443018374', '3-may-2016', 'Y', 'LA', 'MIL');
insert into Reservation values ('16663', '628307397', '4431', '9124383853249385', '20-may-2016', 'N', 'MIL', 'NY');
insert into Reservation values ('97435', '217546399', '4127', '6247422849062733', '3-mar-2017', 'Y', 'NY', 'PIT');
insert into Reservation values ('86803', '873684917', '3143', '5358171689137471', '17-dec-2018', 'Y', 'PIT', 'BOS');
insert into Reservation values ('88712', '799389578', '64', '4435105076024944', '22-sep-2019', 'N', 'BOS', 'CHI');
insert into Reservation values ('53315', '322832458', '4466', '9499164573996436', '27-nov-2019', 'N', 'CHI', 'LA');
insert into Reservation values ('66327', '959269016', '326', '2349166988034983', '4-jun-2017', 'Y', 'LA', 'MIL');
insert into Reservation values ('90376', '536934445', '3842', '3784001976707385', '23-jul-2019', 'Y', 'MIL', 'NY');
insert into Reservation values ('71596', '344684465', '115', '8535901979157994', '14-sep-2019', 'N', 'NY', 'PIT');
insert into Reservation values ('90058', '944033088', '498', '2990556421234071', '2-apr-2018', 'Y', 'PIT', 'BOS');
insert into Reservation values ('42724', '130224068', '4409', '8177188198576459', '13-may-2019', 'N', 'BOS', 'CHI');
insert into Reservation values ('93790', '482786371', '1057', '7772039701737177', '18-jul-2016', 'N', 'CHI', 'LA');
insert into Reservation values ('22607', '958064170', '4084', '8812773375009843', '13-sep-2019', 'N', 'LA', 'MIL');
insert into Reservation values ('54346', '500111208', '1002', '4296430466314522', '17-apr-2019', 'Y', 'MIL', 'NY');
insert into Reservation values ('61928', '327978619', '301', '1672978326591872', '14-jul-2019', 'N', 'NY', 'PIT');
insert into Reservation values ('52715', '578170000', '1435', '4386433006031334', '11-may-2017', 'N', 'PIT', 'BOS');
insert into Reservation values ('14426', '912949812', '3810', '9791826742840440', '15-feb-2018', 'Y', 'BOS', 'CHI');
insert into Reservation values ('81896', '791495765', '217', '3228601415659381', '3-oct-2019', 'N', 'CHI', 'LA');
insert into Reservation values ('64879', '818209559', '2308', '2406129714470608', '26-nov-2018', 'N', 'LA', 'MIL');
insert into Reservation values ('95144', '166622372', '4465', '4571951270411570', '5-oct-2019', 'N', 'MIL', 'NY');
insert into Reservation values ('41227', '525440440', '472', '8998107897334367', '17-may-2016', 'Y', 'NY', 'PIT');
insert into Reservation values ('66316', '701845470', '3662', '9323379395737504', '2-aug-2016', 'N', 'PIT', 'BOS');
insert into Reservation values ('71148', '185878487', '4323', '8730074339984817', '3-mar-2019', 'N', 'BOS', 'CHI');
insert into Reservation values ('86332', '866130462', '4925', '7670302725434459', '25-may-2018', 'Y', 'CHI', 'LA');
insert into Reservation values ('65626', '650946133', '2316', '9014839080221297', '28-mar-2019', 'N', 'LA', 'MIL');
insert into Reservation values ('73963', '768722302', '1668', '1481548631384693', '4-dec-2018', 'Y', 'MIL', 'NY');
insert into Reservation values ('91945', '262320691', '4862', '8512330730128862', '15-jan-2019', 'N', 'NY', 'PIT');
insert into Reservation values ('91751', '162125961', '4438', '4367122248300150', '13-feb-2018', 'Y', 'PIT', 'BOS');
insert into Reservation values ('26868', '408676539', '1100', '1451586914604415', '15-nov-2017', 'N', 'BOS', 'CHI');
insert into Reservation values ('44241', '701708536', '3604', '5860871899476169', '15-nov-2017', 'Y', 'CHI', 'LA');
insert into Reservation values ('75022', '888631226', '4751', '1190580776739765', '25-mar-2018', 'N', 'LA', 'MIL');
insert into Reservation values ('13144', '645672936', '619', '6072262854506314', '21-jun-2016', 'Y', 'MIL', 'NY');
insert into Reservation values ('54234', '147225904', '2101', '4945212325544656', '20-apr-2019', 'N', 'NY', 'PIT');
insert into Reservation values ('55739', '674204447', '438', '6363399483000138', '15-nov-2016', 'N', 'PIT', 'BOS');
insert into Reservation values ('23656', '963296561', '4744', '3933520050494832', '5-mar-2016', 'N', 'BOS', 'CHI');
insert into Reservation values ('61761', '179922737', '2282', '9427237866422726', '14-dec-2018', 'N', 'CHI', 'LA');
insert into Reservation values ('51381', '202987691', '1644', '2858115502881520', '23-jul-2016', 'N', 'LA', 'MIL');
insert into Reservation values ('48631', '755211567', '2898', '6484231139617855', '11-oct-2019', 'N', 'MIL', 'NY');
insert into Reservation values ('25347', '119794422', '1179', '4911568619299397', '9-aug-2016', 'N', 'NY', 'PIT');
insert into Reservation values ('95750', '288364221', '1037', '9280777862521591', '19-dec-2018', 'Y', 'PIT', 'BOS');
insert into Reservation values ('16298', '386618106', '3215', '3702724033467177', '28-may-2016', 'Y', 'BOS', 'CHI');
insert into Reservation values ('73708', '550418609', '1680', '5513275419640088', '11-mar-2017', 'Y', 'CHI', 'LA');
insert into Reservation values ('80493', '450211905', '615', '6657679978675485', '2-mar-2019', 'N', 'LA', 'MIL');
insert into Reservation values ('70212', '546518498', '3957', '5876969880292070', '5-jun-2018', 'N', 'MIL', 'NY');
insert into Reservation values ('75416', '350284546', '4416', '3361845549394385', '23-sep-2016', 'N', 'NY', 'PIT');
insert into Reservation values ('31948', '638576464', '238', '4331108319924518', '16-may-2019', 'N', 'PIT', 'BOS');
insert into Reservation values ('77604', '739127106', '1661', '2133704720702240', '19-sep-2016', 'Y', 'BOS', 'CHI');
insert into Reservation values ('14524', '766253645', '1065', '9452743400457736', '26-apr-2019', 'N', 'CHI', 'LA');
insert into Reservation values ('90447', '345200671', '153', '9002589069781460', '1-jan-2017', 'N', 'LA', 'MIL');
insert into Reservation values ('61260', '550818352', '3923', '7859292011792914', '7-jul-2016', 'N', 'MIL', 'NY');
insert into Reservation values ('35220', '708921816', '1861', '5140520909272988', '7-feb-2017', 'Y', 'NY', 'PIT');
insert into Reservation values ('59177', '382315340', '720', '3371555822351505', '7-mar-2019', 'Y', 'PIT', 'BOS');
insert into Reservation values ('90742', '581655876', '1171', '9171053837287151', '10-apr-2017', 'Y', 'BOS', 'CHI');
insert into Reservation values ('95306', '507083534', '4636', '8277998244514370', '14-sep-2019', 'N', 'CHI', 'LA');
insert into Reservation values ('20400', '569731005', '4412', '2589586582457462', '2-dec-2016', 'N', 'LA', 'MIL');
insert into Reservation values ('37305', '913245844', '27', '8481287170023807', '20-dec-2017', 'N', 'MIL', 'NY');
insert into Reservation values ('42838', '621825554', '4550', '8849379721693547', '3-dec-2018', 'Y', 'NY', 'PIT');
insert into Reservation values ('97153', '718266735', '249', '2110210683466932', '1-mar-2017', 'N', 'PIT', 'BOS');
insert into Reservation values ('55029', '345945464', '3693', '4611608591325855', '28-oct-2017', 'Y', 'BOS', 'CHI');
insert into Reservation values ('14928', '760258020', '3701', '9139481902561002', '3-may-2018', 'N', 'CHI', 'LA');
insert into Reservation values ('46711', '933330069', '371', '8905856020056125', '21-oct-2017', 'N', 'LA', 'MIL');
insert into Reservation values ('85069', '519521106', '930', '3520191835566537', '4-may-2017', 'N', 'MIL', 'NY');
insert into Reservation values ('32100', '512063832', '2986', '9014620447235792', '21-nov-2016', 'Y', 'NY', 'PIT');
insert into Reservation values ('98399', '117384301', '925', '2944069590061132', '25-jan-2018', 'Y', 'PIT', 'BOS');
insert into Reservation values ('34668', '365513221', '4306', '6519058233109071', '9-aug-2019', 'N', 'BOS', 'CHI');
insert into Reservation values ('31061', '590159643', '2750', '6901104917430436', '24-feb-2019', 'Y', 'CHI', 'LA');
insert into Reservation values ('30893', '693973662', '4771', '3981520613617011', '17-jul-2018', 'Y', 'LA', 'MIL');
insert into Reservation values ('65287', '686269365', '4553', '3846855930233233', '28-aug-2016', 'N', 'MIL', 'NY');
insert into Reservation values ('49932', '899470887', '4434', '7607968500773031', '10-nov-2019', 'Y', 'NY', 'PIT');
insert into Reservation values ('11302', '674435711', '3357', '1655571972213084', '26-apr-2019', 'N', 'PIT', 'BOS');
insert into Reservation values ('87618', '545406359', '942', '8847006201656303', '7-aug-2018', 'N', 'BOS', 'CHI');
insert into Reservation values ('66169', '186801473', '1542', '1370661760756732', '22-dec-2018', 'Y', 'CHI', 'LA');
insert into Reservation values ('31787', '575205669', '2273', '5608548395762328', '22-apr-2016', 'N', 'LA', 'MIL');
insert into Reservation values ('79201', '660167009', '273', '5534945275477823', '7-jan-2016', 'N', 'MIL', 'NY');
insert into Reservation values ('83947', '121081532', '1218', '1270446253929270', '8-sep-2019', 'N', 'NY', 'PIT');
insert into Reservation values ('34078', '938399948', '4407', '3103955706779095', '19-dec-2019', 'N', 'PIT', 'BOS');
insert into Reservation values ('43101', '481499979', '2207', '5488581962865026', '19-jun-2019', 'N', 'BOS', 'CHI');
insert into Reservation values ('46746', '327933912', '887', '6735884860208511', '13-oct-2017', 'N', 'CHI', 'LA');
insert into Reservation values ('35340', '563336479', '3726', '8171386311457118', '15-aug-2017', 'Y', 'LA', 'MIL');
insert into Reservation values ('47194', '590142066', '446', '7977762636185152', '1-sep-2017', 'N', 'MIL', 'NY');
insert into Reservation values ('75886', '151692405', '4307', '1806433614994811', '7-oct-2019', 'Y', 'NY', 'PIT');
insert into Reservation values ('79294', '326047256', '466', '9762497859014580', '21-jun-2018', 'N', 'PIT', 'BOS');
insert into Reservation values ('39302', '540158655', '4281', '5907637269136573', '4-sep-2016', 'Y', 'BOS', 'CHI');
insert into Reservation values ('25632', '508036072', '749', '7377445973094991', '9-may-2018', 'N', 'CHI', 'LA');
insert into Reservation values ('46097', '624232974', '2741', '3358801979669397', '1-oct-2016', 'N', 'LA', 'MIL');
insert into Reservation values ('98824', '677025460', '4633', '4220451373242045', '21-jan-2016', 'Y', 'MIL', 'NY');
insert into Reservation values ('92483', '524739414', '1886', '2109673091418997', '24-may-2019', 'Y', 'NY', 'PIT');
insert into Reservation values ('10998', '457759841', '278', '3718051236012228', '13-oct-2017', 'N', 'PIT', 'BOS');
insert into Reservation values ('74321', '445074332', '984', '3928098013312273', '24-nov-2016', 'Y', 'BOS', 'CHI');
insert into Reservation values ('93679', '803017054', '1799', '8635946575143213', '24-dec-2018', 'N', 'CHI', 'LA');
insert into Reservation values ('55058', '992545223', '624', '3538250074366849', '6-feb-2018', 'N', 'LA', 'MIL');
insert into Reservation values ('66035', '923733507', '3047', '4476363981148083', '1-jun-2018', 'N', 'MIL', 'NY');
insert into Reservation values ('59764', '634731897', '1874', '5222615977861821', '11-sep-2017', 'N', 'NY', 'PIT');
insert into Reservation values ('59359', '228871932', '2959', '3445275282080006', '25-sep-2016', 'Y', 'PIT', 'BOS');
insert into Reservation values ('63011', '353042130', '181', '6792054295044259', '19-oct-2018', 'Y', 'BOS', 'CHI');
insert into Reservation values ('23957', '229389761', '3514', '3700545935488747', '21-feb-2018', 'Y', 'CHI', 'LA');
insert into Reservation values ('24140', '257103883', '3495', '8060631135261039', '25-jun-2019', 'Y', 'LA', 'MIL');
insert into Reservation values ('27093', '530591807', '2837', '5181851338879982', '14-apr-2017', 'N', 'MIL', 'NY');
insert into Reservation values ('13468', '857548789', '4211', '3285653608025720', '2-jan-2016', 'N', 'NY', 'PIT');
insert into Reservation values ('76206', '640545725', '4631', '6205081623718488', '6-jun-2018', 'N', 'PIT', 'BOS');
insert into Reservation values ('34633', '165457102', '1476', '6798664442136733', '13-dec-2019', 'Y', 'BOS', 'CHI');
insert into Reservation values ('96698', '742401836', '3598', '2691832435794717', '25-oct-2019', 'N', 'CHI', 'LA');
insert into Reservation values ('28477', '783874433', '1518', '5673921883966251', '3-dec-2017', 'Y', 'LA', 'MIL');
insert into Reservation values ('36495', '190513685', '3325', '2626691371620653', '20-aug-2017', 'N', 'MIL', 'NY');
insert into Reservation values ('99301', '657054155', '1140', '3786297252366086', '2-sep-2018', 'N', 'NY', 'PIT');
insert into Reservation values ('32836', '106992432', '358', '9312138662876885', '16-oct-2017', 'N', 'PIT', 'BOS');
insert into Reservation values ('30200', '397092052', '3190', '7838898576806587', '27-sep-2018', 'Y', 'BOS', 'CHI');
insert into Reservation values ('28208', '493954437', '919', '8050744130963363', '5-oct-2017', 'N', 'CHI', 'LA');
insert into Reservation values ('17628', '722405831', '1351', '9454037811972985', '25-dec-2016', 'N', 'LA', 'MIL');
insert into Reservation values ('10735', '695864077', '2945', '9244865289861661', '23-oct-2019', 'N', 'MIL', 'NY');
insert into Reservation values ('53264', '305000278', '814', '4947456770534843', '2-jul-2016', 'N', 'NY', 'PIT');
insert into Reservation values ('83182', '868091734', '4902', '4471425460780637', '13-nov-2019', 'N', 'PIT', 'BOS');
insert into Reservation values ('27865', '159015012', '470', '2903676219838939', '2-mar-2017', 'Y', 'BOS', 'CHI');
insert into Reservation values ('87178', '634602713', '4665', '1339031650089684', '22-may-2019', 'Y', 'CHI', 'LA');
insert into Reservation values ('40118', '126911996', '808', '9593831401912822', '13-jan-2018', 'Y', 'LA', 'MIL');
insert into Reservation values ('17881', '529677437', '1650', '8553075120745165', '25-jul-2016', 'N', 'MIL', 'NY');
insert into Reservation values ('50501', '370365507', '4997', '1940425275685144', '24-jul-2018', 'Y', 'NY', 'PIT');
insert into Reservation values ('51505', '739637200', '1189', '5609708285641830', '12-nov-2017', 'N', 'PIT', 'BOS');
insert into Reservation values ('38524', '330088771', '1896', '3179601251883061', '18-oct-2016', 'N', 'BOS', 'CHI');
insert into Reservation values ('90296', '627333796', '525', '1698254256274417', '18-feb-2016', 'Y', 'CHI', 'LA');
insert into Reservation values ('24987', '430929799', '3865', '6444499536882398', '11-jun-2019', 'Y', 'LA', 'MIL');
insert into Reservation values ('54007', '190186442', '3791', '2427289756522470', '2-jun-2017', 'N', 'MIL', 'NY');
insert into Reservation values ('61238', '887175441', '2820', '7393826518261702', '28-mar-2019', 'N', 'NY', 'PIT');
insert into Reservation values ('71722', '108665694', '2192', '8309036040656096', '1-aug-2018', 'N', 'PIT', 'BOS');
insert into Reservation values ('30295', '277094925', '602', '8108275939196756', '18-mar-2016', 'N', 'BOS', 'CHI');
insert into Reservation values ('39977', '582880470', '1881', '5000336236314280', '7-mar-2017', 'Y', 'CHI', 'LA');
insert into Reservation values ('86887', '560842393', '3559', '4640472283864362', '6-jul-2017', 'Y', 'LA', 'MIL');
insert into Reservation values ('76203', '197912678', '4632', '1696571314841978', '3-sep-2019', 'Y', 'MIL', 'NY');
insert into Reservation values ('85046', '734163985', '3280', '1557027287688234', '4-sep-2018', 'N', 'NY', 'PIT');
insert into Reservation values ('79066', '970201805', '4603', '3483993893857081', '2-oct-2016', 'N', 'PIT', 'BOS');
insert into Reservation values ('49798', '231881524', '1192', '3556406681576961', '17-apr-2018', 'Y', 'BOS', 'CHI');
insert into Reservation values ('36912', '189303489', '180', '6477076126481104', '1-feb-2017', 'Y', 'CHI', 'LA');
insert into Reservation values ('23054', '433569266', '4952', '7815438778577758', '5-mar-2019', 'Y', 'LA', 'MIL');
insert into Reservation values ('89145', '208642381', '777', '3458710178612567', '4-dec-2017', 'N', 'MIL', 'NY');
insert into Reservation values ('24285', '195229156', '3184', '1596118179665631', '20-jan-2016', 'Y', 'NY', 'PIT');
insert into Reservation values ('86294', '329403078', '1136', '5581449961265851', '23-may-2018', 'N', 'PIT', 'BOS');
insert into Reservation values ('66193', '413425019', '1119', '6399148880416279', '17-sep-2019', 'Y', 'BOS', 'CHI');
insert into Reservation values ('83532', '105956093', '3862', '4668543811599268', '20-sep-2019', 'N', 'CHI', 'LA');
insert into Reservation values ('41652', '746271532', '37', '6517665403494681', '16-may-2016', 'Y', 'LA', 'MIL');
insert into Reservation values ('17599', '714197446', '1512', '8251175712486152', '1-jan-2017', 'Y', 'MIL', 'NY');
insert into Reservation values ('36966', '424596512', '1513', '4789536437638209', '25-aug-2019', 'Y', 'NY', 'PIT');
insert into Reservation values ('23189', '164746144', '3843', '6232041363344251', '14-jan-2019', 'N', 'PIT', 'BOS');
insert into Reservation values ('35469', '488492716', '487', '3395791557540542', '27-feb-2019', 'Y', 'BOS', 'CHI');
insert into Reservation values ('70549', '655745282', '682', '3118148856457907', '16-jan-2017', 'Y', 'CHI', 'LA');
insert into Reservation values ('70581', '138876694', '2784', '4357782947533610', '17-oct-2017', 'Y', 'LA', 'MIL');
insert into Reservation values ('40717', '386909485', '1630', '2277617225983878', '4-aug-2019', 'N', 'MIL', 'NY');
insert into Reservation values ('44731', '105218560', '3742', '5586651063959506', '5-jun-2019', 'Y', 'NY', 'PIT');
insert into Reservation values ('64622', '668997537', '3838', '5628719679150428', '16-apr-2017', 'Y', 'PIT', 'BOS');
insert into Reservation values ('87134', '640301343', '406', '1442739596255558', '3-dec-2018', 'Y', 'BOS', 'CHI');
insert into Reservation values ('15946', '273981637', '4571', '9157081475065587', '7-aug-2017', 'N', 'CHI', 'LA');
insert into Reservation values ('26858', '172026791', '4134', '3067383824175903', '27-may-2018', 'N', 'LA', 'MIL');
insert into Reservation values ('35448', '971602507', '2129', '3842432067120287', '11-feb-2018', 'Y', 'MIL', 'NY');
insert into Reservation values ('51603', '480175349', '3659', '8192028096663368', '6-dec-2019', 'N', 'NY', 'PIT');
insert into Reservation values ('26516', '916370125', '3418', '9459475974824451', '6-may-2019', 'Y', 'PIT', 'BOS');
insert into Reservation values ('16048', '502743379', '3319', '2578547696054149', '14-may-2017', 'N', 'BOS', 'CHI');
insert into Reservation values ('89148', '284623571', '3112', '3735140937947948', '14-oct-2019', 'Y', 'CHI', 'LA');
insert into Reservation values ('88470', '631328022', '2938', '4165690556381378', '17-nov-2018', 'N', 'LA', 'MIL');
insert into Reservation values ('42720', '540184064', '2119', '7795060930154692', '9-jul-2017', 'Y', 'MIL', 'NY');
insert into Reservation values ('96787', '323680141', '1866', '9491402121403855', '1-jun-2017', 'Y', 'NY', 'PIT');
insert into Reservation values ('58444', '674149213', '3832', '9462520808378409', '22-may-2019', 'Y', 'PIT', 'BOS');
insert into Reservation values ('87718', '940766408', '2635', '8741491193680670', '20-dec-2019', 'Y', 'BOS', 'CHI');
insert into Reservation values ('97954', '418582222', '960', '2642208963862237', '12-jul-2016', 'Y', 'CHI', 'LA');
insert into Reservation values ('33589', '237067252', '4765', '3036537188076528', '18-mar-2017', 'Y', 'LA', 'MIL');
insert into Reservation values ('14457', '300538932', '3126', '6641583850544024', '1-may-2019', 'Y', 'MIL', 'NY');
insert into Reservation values ('87707', '376130591', '688', '4783392931728247', '21-jan-2017', 'N', 'NY', 'PIT');
insert into Reservation values ('66978', '219275716', '2426', '9899289240546080', '19-apr-2016', 'N', 'PIT', 'BOS');
insert into Reservation values ('48620', '837150694', '2096', '6450133935412302', '14-sep-2017', 'N', 'BOS', 'CHI');
insert into Reservation values ('51577', '737646286', '4533', '5703763723342989', '13-oct-2017', 'N', 'CHI', 'LA');
insert into Reservation values ('15319', '279371424', '391', '5467913325014909', '4-nov-2018', 'Y', 'LA', 'MIL');
insert into Reservation values ('56444', '968044956', '2133', '5804646421849260', '26-jan-2018', 'Y', 'MIL', 'NY');
insert into Reservation values ('30913', '212457181', '2244', '2705779340212706', '14-nov-2016', 'Y', 'NY', 'PIT');
insert into Reservation values ('96900', '449236839', '2010', '5411390443027017', '25-oct-2016', 'N', 'PIT', 'BOS');
insert into Reservation values ('49741', '906324113', '1926', '4853897078222092', '21-jan-2019', 'N', 'BOS', 'CHI');
insert into Reservation values ('42042', '374042997', '4396', '9422371783306965', '24-apr-2018', 'N', 'CHI', 'LA');
insert into Reservation values ('49970', '604010662', '204', '2937047724927073', '23-sep-2018', 'N', 'LA', 'MIL');
insert into Reservation values ('39435', '390943692', '814', '5115339349539326', '10-jan-2019', 'Y', 'MIL', 'NY');
insert into Reservation values ('41925', '383298703', '3789', '5586331270524991', '18-feb-2017', 'N', 'NY', 'PIT');
insert into Reservation values ('77988', '190059577', '3437', '4973496447399954', '22-feb-2017', 'N', 'PIT', 'BOS');
insert into Reservation values ('45444', '993099797', '4135', '4946083210823029', '20-jul-2019', 'Y', 'BOS', 'CHI');
insert into Reservation values ('15726', '867017959', '899', '4954549622708531', '13-jul-2016', 'Y', 'CHI', 'LA');
insert into Reservation values ('16932', '194089089', '4225', '4167564940863137', '24-nov-2016', 'Y', 'LA', 'MIL');
insert into Reservation values ('36475', '723015775', '499', '7224107395503754', '10-jul-2017', 'Y', 'MIL', 'NY');
insert into Reservation values ('16429', '116122755', '1081', '8130284002980981', '18-jul-2017', 'Y', 'NY', 'PIT');
insert into Reservation values ('24997', '395325672', '2455', '9433504180906555', '19-aug-2016', 'Y', 'PIT', 'BOS');


--Airline sample data

insert into Airline values ('001', 'United Airlines', 'UAL', 1931);
insert into Airline values ('002', 'Delta Airlines', 'DAL', 1931);
insert into Airline values ('003', 'American Airlines', 'AME', 1931);
insert into Airline values ('004', 'Northwest Airlines', 'NWA', 1931);
insert into Airline values ('005', 'Southwest Airlines', 'SWA', 1931);
insert into Airline values ('006', 'Fronteir Airlines', 'FAL', 1931);
insert into Airline values ('007', 'Malaysia Airlines', 'MAL', 1931);
insert into Airline values ('008', 'Emirates Airlines', 'EAL', 1931);
insert into Airline values ('009', 'Alaska Airlines', 'AAL', 1931);
insert into Airline values ('010', 'JetBlue', 'JTB', 1931);


--Plane sample data

insert into Plane values ('C00', 'Cessna', 93, '5-oct-2001', 1972, '001');
insert into Plane values ('C01', 'Cessna', 217, '2-dec-1987', 1997, '002');
insert into Plane values ('C02', 'Cessna', 119, '16-mar-1988', 1986, '003');
insert into Plane values ('C03', 'Cessna', 227, '22-feb-2004', 1984, '004');
insert into Plane values ('C04', 'Cessna', 76, '1-jan-2004', 2004, '005');
insert into Plane values ('C05', 'Cessna', 225, '4-aug-2005', 1997, '006');
insert into Plane values ('C06', 'Cessna', 219, '6-aug-2002', 2008, '007');
insert into Plane values ('C07', 'Cessna', 143, '7-aug-1996', 1981, '008');
insert into Plane values ('C08', 'Cessna', 165, '25-nov-2008', 1968, '009');
insert into Plane values ('C09', 'Cessna', 55, '4-apr-1990', 1987, '010');
insert into Plane values ('C010', 'Cessna', 246, '27-nov-2004', 1974, '001');
insert into Plane values ('C011', 'Cessna', 185, '3-mar-1987', 1990, '002');
insert into Plane values ('C012', 'Cessna', 55, '12-feb-2000', 1997, '003');
insert into Plane values ('C013', 'Cessna', 175, '27-mar-2008', 2001, '004');
insert into Plane values ('C014', 'Cessna', 109, '7-jan-1994', 1996, '005');
insert into Plane values ('C015', 'Cessna', 101, '18-sep-2007', 1990, '006');
insert into Plane values ('C016', 'Cessna', 192, '10-dec-2006', 1985, '007');
insert into Plane values ('C017', 'Cessna', 20, '25-jul-1985', 1991, '008');
insert into Plane values ('C018', 'Cessna', 243, '11-may-1985', 2002, '009');
insert into Plane values ('C019', 'Cessna', 129, '2-jul-1994', 1985, '010');
insert into Plane values ('C020', 'Cessna', 148, '21-nov-2002', 1983, '001');
insert into Plane values ('C021', 'Cessna', 193, '26-apr-2002', 1985, '002');
insert into Plane values ('C022', 'Cessna', 153, '7-nov-2006', 1981, '003');
insert into Plane values ('C023', 'Cessna', 185, '23-jun-1995', 1991, '004');
insert into Plane values ('C024', 'Cessna', 134, '17-dec-2000', 2002, '005');
insert into Plane values ('C025', 'Cessna', 193, '23-apr-2004', 1977, '006');
insert into Plane values ('C026', 'Cessna', 145, '10-nov-2003', 1974, '007');
insert into Plane values ('C027', 'Cessna', 208, '19-may-2003', 1973, '008');
insert into Plane values ('C028', 'Cessna', 162, '21-jun-2006', 1997, '009');
insert into Plane values ('C029', 'Cessna', 187, '22-apr-1998', 1976, '010');


--Flight sample data

insert into Flight values ('0', '001', 'C00', 'NY', 'PIT', '1490', '2074', 'SMTWTFS');
insert into Flight values ('1', '002', 'C01', 'PIT', 'BOS', '972', '1185', 'SMTWTFS');
insert into Flight values ('2', '003', 'C02', 'BOS', 'CHI', '1453', '1688', 'SMTWTFS');
insert into Flight values ('3', '004', 'C03', 'CHI', 'LA', '206', '795', 'SMTWTFS');
insert into Flight values ('4', '005', 'C04', 'LA', 'MIL', '1483', '1990', 'SMTWTFS');
insert into Flight values ('5', '006', 'C05', 'MIL', 'NY', '1732', '2409', 'SMTWTFS');
insert into Flight values ('6', '007', 'C06', 'NY', 'PIT', '375', '713', 'SMTWTFS');
insert into Flight values ('7', '008', 'C07', 'PIT', 'BOS', '1488', '1960', 'SMTWTFS');
insert into Flight values ('8', '009', 'C08', 'BOS', 'CHI', '2173', '2887', 'SMTWTFS');
insert into Flight values ('9', '010', 'C09', 'CHI', 'LA', '663', '981', 'SMTWTFS');
insert into Flight values ('10', '001', 'C010', 'LA', 'MIL', '2010', '2798', 'SMTWTFS');
insert into Flight values ('11', '002', 'C011', 'MIL', 'NY', '779', '942', 'SMTWTFS');
insert into Flight values ('12', '003', 'C012', 'NY', 'PIT', '1628', '1845', 'SMTWTFS');
insert into Flight values ('13', '004', 'C013', 'PIT', 'BOS', '1791', '2191', 'SMTWTFS');
insert into Flight values ('14', '005', 'C014', 'BOS', 'CHI', '1487', '1759', 'SMTWTFS');
insert into Flight values ('15', '006', 'C015', 'CHI', 'LA', '155', '708', 'SMTWTFS');
insert into Flight values ('16', '007', 'C016', 'LA', 'MIL', '799', '1000', 'SMTWTFS');
insert into Flight values ('17', '008', 'C017', 'MIL', 'NY', '2055', '2728', 'SMTWTFS');
insert into Flight values ('18', '009', 'C018', 'NY', 'PIT', '856', '1083', 'SMTWTFS');
insert into Flight values ('19', '010', 'C019', 'PIT', 'BOS', '1561', '1759', 'SMTWTFS');
insert into Flight values ('20', '001', 'C020', 'BOS', 'CHI', '1458', '2049', 'SMTWTFS');
insert into Flight values ('21', '002', 'C021', 'CHI', 'LA', '220', '461', 'SMTWTFS');
insert into Flight values ('22', '003', 'C022', 'LA', 'MIL', '768', '1108', 'SMTWTFS');
insert into Flight values ('23', '004', 'C023', 'MIL', 'NY', '2026', '2243', 'SMTWTFS');
insert into Flight values ('24', '005', 'C024', 'NY', 'PIT', '1093', '1529', 'SMTWTFS');
insert into Flight values ('25', '006', 'C025', 'PIT', 'BOS', '705', '901', 'SMTWTFS');
insert into Flight values ('26', '007', 'C026', 'BOS', 'CHI', '2233', '2760', 'SMTWTFS');
insert into Flight values ('27', '008', 'C027', 'CHI', 'LA', '1524', '2189', 'SMTWTFS');
insert into Flight values ('28', '009', 'C028', 'LA', 'MIL', '770', '894', 'SMTWTFS');
insert into Flight values ('29', '010', 'C029', 'MIL', 'NY', '1448', '1981', 'SMTWTFS');
insert into Flight values ('30', '001', 'C00', 'NY', 'PIT', '647', '1076', 'SMTWTFS');
insert into Flight values ('31', '002', 'C01', 'PIT', 'BOS', '1796', '1982', 'SMTWTFS');
insert into Flight values ('32', '003', 'C02', 'BOS', 'CHI', '1805', '2324', 'SMTWTFS');
insert into Flight values ('33', '004', 'C03', 'CHI', 'LA', '1727', '2049', 'SMTWTFS');
insert into Flight values ('34', '005', 'C04', 'LA', 'MIL', '708', '1046', 'SMTWTFS');
insert into Flight values ('35', '006', 'C05', 'MIL', 'NY', '1414', '2077', 'SMTWTFS');
insert into Flight values ('36', '007', 'C06', 'NY', 'PIT', '1178', '1447', 'SMTWTFS');
insert into Flight values ('37', '008', 'C07', 'PIT', 'BOS', '1944', '2434', 'SMTWTFS');
insert into Flight values ('38', '009', 'C08', 'BOS', 'CHI', '413', '1166', 'SMTWTFS');
insert into Flight values ('39', '010', 'C09', 'CHI', 'LA', '2341', '2538', 'SMTWTFS');
insert into Flight values ('40', '001', 'C010', 'LA', 'MIL', '2267', '2815', 'SMTWTFS');
insert into Flight values ('41', '002', 'C011', 'MIL', 'NY', '1683', '2297', 'SMTWTFS');
insert into Flight values ('42', '003', 'C012', 'NY', 'PIT', '1580', '2206', 'SMTWTFS');
insert into Flight values ('43', '004', 'C013', 'PIT', 'BOS', '1672', '1838', 'SMTWTFS');
insert into Flight values ('44', '005', 'C014', 'BOS', 'CHI', '1767', '2128', 'SMTWTFS');
insert into Flight values ('45', '006', 'C015', 'CHI', 'LA', '1301', '1977', 'SMTWTFS');
insert into Flight values ('46', '007', 'C016', 'LA', 'MIL', '1923', '2303', 'SMTWTFS');
insert into Flight values ('47', '008', 'C017', 'MIL', 'NY', '1182', '1303', 'SMTWTFS');
insert into Flight values ('48', '009', 'C018', 'NY', 'PIT', '533', '970', 'SMTWTFS');
insert into Flight values ('49', '010', 'C019', 'PIT', 'BOS', '280', '887', 'SMTWTFS');
insert into Flight values ('50', '001', 'C020', 'BOS', 'CHI', '418', '821', 'SMTWTFS');
insert into Flight values ('51', '002', 'C021', 'CHI', 'LA', '1580', '1693', 'SMTWTFS');
insert into Flight values ('52', '003', 'C022', 'LA', 'MIL', '827', '1587', 'SMTWTFS');
insert into Flight values ('53', '004', 'C023', 'MIL', 'NY', '1773', '2172', 'SMTWTFS');
insert into Flight values ('54', '005', 'C024', 'NY', 'PIT', '545', '909', 'SMTWTFS');
insert into Flight values ('55', '006', 'C025', 'PIT', 'BOS', '1996', '2679', 'SMTWTFS');
insert into Flight values ('56', '007', 'C026', 'BOS', 'CHI', '1408', '1529', 'SMTWTFS');
insert into Flight values ('57', '008', 'C027', 'CHI', 'LA', '1528', '1803', 'SMTWTFS');
insert into Flight values ('58', '009', 'C028', 'LA', 'MIL', '737', '1510', 'SMTWTFS');
insert into Flight values ('59', '010', 'C029', 'MIL', 'NY', '2273', '2594', 'SMTWTFS');
insert into Flight values ('60', '001', 'C00', 'NY', 'PIT', '922', '1708', 'SMTWTFS');
insert into Flight values ('61', '002', 'C01', 'PIT', 'BOS', '2359', '2459', 'SMTWTFS');
insert into Flight values ('62', '003', 'C02', 'BOS', 'CHI', '914', '1477', 'SMTWTFS');
insert into Flight values ('63', '004', 'C03', 'CHI', 'LA', '473', '624', 'SMTWTFS');
insert into Flight values ('64', '005', 'C04', 'LA', 'MIL', '928', '1680', 'SMTWTFS');
insert into Flight values ('65', '006', 'C05', 'MIL', 'NY', '1315', '1850', 'SMTWTFS');
insert into Flight values ('66', '007', 'C06', 'NY', 'PIT', '2152', '2504', 'SMTWTFS');
insert into Flight values ('67', '008', 'C07', 'PIT', 'BOS', '2079', '2517', 'SMTWTFS');
insert into Flight values ('68', '009', 'C08', 'BOS', 'CHI', '809', '925', 'SMTWTFS');
insert into Flight values ('69', '010', 'C09', 'CHI', 'LA', '949', '1441', 'SMTWTFS');
insert into Flight values ('70', '001', 'C010', 'LA', 'MIL', '1860', '2638', 'SMTWTFS');
insert into Flight values ('71', '002', 'C011', 'MIL', 'NY', '234', '515', 'SMTWTFS');
insert into Flight values ('72', '003', 'C012', 'NY', 'PIT', '1416', '2036', 'SMTWTFS');
insert into Flight values ('73', '004', 'C013', 'PIT', 'BOS', '1384', '1973', 'SMTWTFS');
insert into Flight values ('74', '005', 'C014', 'BOS', 'CHI', '1508', '1814', 'SMTWTFS');
insert into Flight values ('75', '006', 'C015', 'CHI', 'LA', '1049', '1244', 'SMTWTFS');
insert into Flight values ('76', '007', 'C016', 'LA', 'MIL', '1425', '2172', 'SMTWTFS');
insert into Flight values ('77', '008', 'C017', 'MIL', 'NY', '668', '1037', 'SMTWTFS');
insert into Flight values ('78', '009', 'C018', 'NY', 'PIT', '1061', '1162', 'SMTWTFS');
insert into Flight values ('79', '010', 'C019', 'PIT', 'BOS', '2267', '2964', 'SMTWTFS');
insert into Flight values ('80', '001', 'C020', 'BOS', 'CHI', '1782', '2047', 'SMTWTFS');
insert into Flight values ('81', '002', 'C021', 'CHI', 'LA', '1985', '2678', 'SMTWTFS');
insert into Flight values ('82', '003', 'C022', 'LA', 'MIL', '514', '812', 'SMTWTFS');
insert into Flight values ('83', '004', 'C023', 'MIL', 'NY', '668', '1176', 'SMTWTFS');
insert into Flight values ('84', '005', 'C024', 'NY', 'PIT', '1513', '1725', 'SMTWTFS');
insert into Flight values ('85', '006', 'C025', 'PIT', 'BOS', '2294', '2874', 'SMTWTFS');
insert into Flight values ('86', '007', 'C026', 'BOS', 'CHI', '215', '533', 'SMTWTFS');
insert into Flight values ('87', '008', 'C027', 'CHI', 'LA', '1615', '2041', 'SMTWTFS');
insert into Flight values ('88', '009', 'C028', 'LA', 'MIL', '2267', '2671', 'SMTWTFS');
insert into Flight values ('89', '010', 'C029', 'MIL', 'NY', '1960', '2103', 'SMTWTFS');
insert into Flight values ('90', '001', 'C00', 'NY', 'PIT', '1690', '1969', 'SMTWTFS');
insert into Flight values ('91', '002', 'C01', 'PIT', 'BOS', '800', '1331', 'SMTWTFS');
insert into Flight values ('92', '003', 'C02', 'BOS', 'CHI', '397', '662', 'SMTWTFS');
insert into Flight values ('93', '004', 'C03', 'CHI', 'LA', '1497', '1840', 'SMTWTFS');
insert into Flight values ('94', '005', 'C04', 'LA', 'MIL', '1996', '2795', 'SMTWTFS');
insert into Flight values ('95', '006', 'C05', 'MIL', 'NY', '1682', '2273', 'SMTWTFS');
insert into Flight values ('96', '007', 'C06', 'NY', 'PIT', '599', '800', 'SMTWTFS');
insert into Flight values ('97', '008', 'C07', 'PIT', 'BOS', '1285', '1430', 'SMTWTFS');
insert into Flight values ('98', '009', 'C08', 'BOS', 'CHI', '1538', '1842', 'SMTWTFS');
insert into Flight values ('99', '010', 'C09', 'CHI', 'LA', '912', '1018', 'SMTWTFS');
