--Customer sample data

insert into Customer values ('360603460','Mr','Jim','Johnson', '2900967593480585','1-sep-2017','Main', 'Pittsburgh', 'PA', '1961713625', 'Jim.Johnson@gmail.com', NULL);
insert into Customer values ('728383041','Mrs','John','Smith', '4938577833367116','1-sep-2018','Church', 'New York', 'NY', '9927082495', 'John.Smith@gmail.com', NULL);
insert into Customer values ('126753807','Ms','Janet','Jones', '6940672385084193','1-sep-2019','Washington', 'Boston', 'MA', '1618050087', 'Janet.Jones@gmail.com', NULL);
insert into Customer values ('323484735','Mr','Greg','Hardy', '5835319078512352','1-sep-2017','Jefferson', 'Chicago', 'IL', '9360850251', 'Greg.Hardy@gmail.com', NULL);
insert into Customer values ('280314533','Mrs','James','Ward', '5424138567603693','1-sep-2018','Fifth', 'Pittsburgh', 'PA', '1501953934', 'James.Ward@gmail.com', NULL);
insert into Customer values ('391931294','Ms','Bill','Johnston', '9937011316059257','1-sep-2019','Forbes', 'New York', 'NY', '3341369411', 'Bill.Johnston@gmail.com', NULL);
insert into Customer values ('656005047','Mr','William','Sullivan', '1138038046170081','1-sep-2017','Main', 'Boston', 'MA', '1915999288', 'William.Sullivan@gmail.com', NULL);
insert into Customer values ('759157098','Mrs','Albert','Crosby', '1191962165954428','1-sep-2018','Church', 'Chicago', 'IL', '6380212584', 'Albert.Crosby@gmail.com', NULL);
insert into Customer values ('407596568','Ms','Jacob','Malkin', '4341869385648457','1-sep-2019','Washington', 'Pittsburgh', 'PA', '6388257153', 'Jacob.Malkin@gmail.com', NULL);
insert into Customer values ('880416789','Mr','Marge','Peters', '1909550545364448','1-sep-2017','Jefferson', 'New York', 'NY', '6912709933', 'Marge.Peters@gmail.com', NULL);
insert into Customer values ('253963024','Mrs','Anita','Palmer', '3341245381473742','1-sep-2018','Fifth', 'Boston', 'MA', '6462184131', 'Anita.Palmer@gmail.com', NULL);
insert into Customer values ('536546108','Ms','Rachel','Woods', '1172498981357624','1-sep-2019','Forbes', 'Chicago', 'IL', '1397947606', 'Rachel.Woods@gmail.com', NULL);
insert into Customer values ('171556048','Mr','Ashley','Nicholson', '1854266569382789','1-sep-2017','Main', 'Pittsburgh', 'PA', '6007945365', 'Ashley.Nicholson@gmail.com', NULL);
insert into Customer values ('345674253','Mrs','Tammy','Bates', '9625614803867427','1-sep-2018','Church', 'New York', 'NY', '9043037500', 'Tammy.Bates@gmail.com', NULL);
insert into Customer values ('814191225','Ms','Paul','Williams', '2795931535486866','1-sep-2019','Washington', 'Boston', 'MA', '9181215994', 'Paul.Williams@gmail.com', NULL);
insert into Customer values ('836280003','Mr','Justin','Taylor', '7271956564438688','1-sep-2017','Jefferson', 'Chicago', 'IL', '9870627961', 'Justin.Taylor@gmail.com', NULL);
insert into Customer values ('411935782','Mrs','Frank','Burns', '8531521362973590','1-sep-2018','Fifth', 'Pittsburgh', 'PA', '6670168741', 'Frank.Burns@gmail.com', NULL);
insert into Customer values ('368461215','Ms','Eric','Brown', '2380943726171882','1-sep-2019','Forbes', 'New York', 'NY', '5703589528', 'Eric.Brown@gmail.com', NULL);
insert into Customer values ('361197784','Mr','Bryce','Miller', '5020399741927353','1-sep-2017','Main', 'Boston', 'MA', '8739697781', 'Bryce.Miller@gmail.com', NULL);
insert into Customer values ('981404068','Mrs','Adam','Davis', '8713077579621969','1-sep-2018','Church', 'Chicago', 'IL', '4248574478', 'Adam.Davis@gmail.com', NULL);
insert into Customer values ('667386828','Ms','Jenna','Jackson', '8410936356932247','1-sep-2019','Washington', 'Pittsburgh', 'PA', '2907795501', 'Jenna.Jackson@gmail.com', NULL);
insert into Customer values ('257724479','Mr','Abby','Thompson', '5389768487644962','1-sep-2017','Jefferson', 'New York', 'NY', '8092102619', 'Abby.Thompson@gmail.com', NULL);
insert into Customer values ('430236873','Mrs','Jesse','Johnson', '7235196474623473','1-sep-2018','Fifth', 'Boston', 'MA', '8318102355', 'Jesse.Johnson@gmail.com', NULL);
insert into Customer values ('797096411','Ms','Jessica','Smith', '2849248706548888','1-sep-2019','Forbes', 'Chicago', 'IL', '3464961912', 'Jessica.Smith@gmail.com', NULL);
insert into Customer values ('673216845','Mr','Allison','Jones', '8126331166325520','1-sep-2017','Main', 'Pittsburgh', 'PA', '9128191583', 'Allison.Jones@gmail.com', NULL);
insert into Customer values ('640232263','Mrs','Ally','Hardy', '8677714749371453','1-sep-2018','Church', 'New York', 'NY', '3759575618', 'Ally.Hardy@gmail.com', NULL);
insert into Customer values ('341811977','Ms','Lauren','Ward', '9773468628927608','1-sep-2019','Washington', 'Boston', 'MA', '5268887064', 'Lauren.Ward@gmail.com', NULL);
insert into Customer values ('314883101','Mr','Lindsay','Johnston', '8732121892784993','1-sep-2017','Jefferson', 'Chicago', 'IL', '3949666269', 'Lindsay.Johnston@gmail.com', NULL);
insert into Customer values ('420630604','Mrs','Jim','Sullivan', '2672737994119159','1-sep-2018','Fifth', 'Pittsburgh', 'PA', '5006310576', 'Jim.Sullivan@gmail.com', NULL);
insert into Customer values ('606095081','Ms','John','Crosby', '2398680880943128','1-sep-2019','Forbes', 'New York', 'NY', '7704562237', 'John.Crosby@gmail.com', NULL);
insert into Customer values ('412082838','Mr','Janet','Malkin', '1951682575067125','1-sep-2017','Main', 'Boston', 'MA', '3452632161', 'Janet.Malkin@gmail.com', NULL);
insert into Customer values ('395275029','Mrs','Greg','Peters', '1661556891191826','1-sep-2018','Church', 'Chicago', 'IL', '4868676321', 'Greg.Peters@gmail.com', NULL);
insert into Customer values ('969419914','Ms','James','Palmer', '7865529807813947','1-sep-2019','Washington', 'Pittsburgh', 'PA', '7190002963', 'James.Palmer@gmail.com', NULL);
insert into Customer values ('102943459','Mr','Bill','Woods', '9650571839915412','1-sep-2017','Jefferson', 'New York', 'NY', '4056826473', 'Bill.Woods@gmail.com', NULL);
insert into Customer values ('514989622','Mrs','William','Nicholson', '3156280243507817','1-sep-2018','Fifth', 'Boston', 'MA', '9200285707', 'William.Nicholson@gmail.com', NULL);
insert into Customer values ('587825334','Ms','Albert','Bates', '6060734472792880','1-sep-2019','Forbes', 'Chicago', 'IL', '8857147584', 'Albert.Bates@gmail.com', NULL);
insert into Customer values ('559659934','Mr','Jacob','Williams', '8679987077660255','1-sep-2017','Main', 'Pittsburgh', 'PA', '6009734390', 'Jacob.Williams@gmail.com', NULL);
insert into Customer values ('872109824','Mrs','Marge','Taylor', '3617775508968876','1-sep-2018','Church', 'New York', 'NY', '1249028667', 'Marge.Taylor@gmail.com', NULL);
insert into Customer values ('339414882','Ms','Anita','Burns', '5097914597535213','1-sep-2019','Washington', 'Boston', 'MA', '9003958454', 'Anita.Burns@gmail.com', NULL);
insert into Customer values ('139565228','Mr','Rachel','Brown', '9318884093905501','1-sep-2017','Jefferson', 'Chicago', 'IL', '2117250798', 'Rachel.Brown@gmail.com', NULL);
insert into Customer values ('570037965','Mrs','Ashley','Miller', '5679919596251217','1-sep-2018','Fifth', 'Pittsburgh', 'PA', '5614120189', 'Ashley.Miller@gmail.com', NULL);
insert into Customer values ('531367570','Ms','Tammy','Davis', '5296843062047187','1-sep-2019','Forbes', 'New York', 'NY', '6644889958', 'Tammy.Davis@gmail.com', NULL);
insert into Customer values ('712486176','Mr','Paul','Jackson', '9985607035724209','1-sep-2017','Main', 'Boston', 'MA', '2348870724', 'Paul.Jackson@gmail.com', NULL);
insert into Customer values ('855844607','Mrs','Justin','Thompson', '7812819056659088','1-sep-2018','Church', 'Chicago', 'IL', '5089554501', 'Justin.Thompson@gmail.com', NULL);
insert into Customer values ('608613445','Ms','Frank','Johnson', '3444112009811192','1-sep-2019','Washington', 'Pittsburgh', 'PA', '3947849650', 'Frank.Johnson@gmail.com', NULL);
insert into Customer values ('326238493','Mr','Eric','Smith', '3994561632808226','1-sep-2017','Jefferson', 'New York', 'NY', '4526410508', 'Eric.Smith@gmail.com', NULL);
insert into Customer values ('611280267','Mrs','Bryce','Jones', '4058809260356048','1-sep-2018','Fifth', 'Boston', 'MA', '9098546001', 'Bryce.Jones@gmail.com', NULL);
insert into Customer values ('992160757','Ms','Adam','Hardy', '1646793400110058','1-sep-2019','Forbes', 'Chicago', 'IL', '3806921292', 'Adam.Hardy@gmail.com', NULL);
insert into Customer values ('596085021','Mr','Jenna','Ward', '3964808904777802','1-sep-2017','Main', 'Pittsburgh', 'PA', '8361022468', 'Jenna.Ward@gmail.com', NULL);
insert into Customer values ('358658770','Mrs','Abby','Johnston', '1864917700181961','1-sep-2018','Church', 'New York', 'NY', '1158217615', 'Abby.Johnston@gmail.com', NULL);
insert into Customer values ('481862574','Ms','Jesse','Sullivan', '2567211029929240','1-sep-2019','Washington', 'Boston', 'MA', '4036486747', 'Jesse.Sullivan@gmail.com', NULL);
insert into Customer values ('119947502','Mr','Jessica','Crosby', '3227609235674119','1-sep-2017','Jefferson', 'Chicago', 'IL', '6849311499', 'Jessica.Crosby@gmail.com', NULL);
insert into Customer values ('873748216','Mrs','Allison','Malkin', '1099383357182771','1-sep-2018','Fifth', 'Pittsburgh', 'PA', '7537227175', 'Allison.Malkin@gmail.com', NULL);
insert into Customer values ('567623292','Ms','Ally','Peters', '4624021407930503','1-sep-2019','Forbes', 'New York', 'NY', '2560834897', 'Ally.Peters@gmail.com', NULL);
insert into Customer values ('168766264','Mr','Lauren','Palmer', '5373937047191431','1-sep-2017','Main', 'Boston', 'MA', '2134171537', 'Lauren.Palmer@gmail.com', NULL);
insert into Customer values ('784980399','Mrs','Lindsay','Woods', '6213207188424061','1-sep-2018','Church', 'Chicago', 'IL', '2505897234', 'Lindsay.Woods@gmail.com', NULL);
insert into Customer values ('704611253','Ms','Jim','Nicholson', '3937045339332282','1-sep-2019','Washington', 'Pittsburgh', 'PA', '5132001700', 'Jim.Nicholson@gmail.com', NULL);
insert into Customer values ('853754678','Mr','John','Bates', '8117206260389536','1-sep-2017','Jefferson', 'New York', 'NY', '1081881326', 'John.Bates@gmail.com', NULL);
insert into Customer values ('834985612','Mrs','Janet','Williams', '2211015738052496','1-sep-2018','Fifth', 'Boston', 'MA', '7894564146', 'Janet.Williams@gmail.com', NULL);
insert into Customer values ('726593289','Ms','Greg','Taylor', '7253426329386269','1-sep-2019','Forbes', 'Chicago', 'IL', '7269494364', 'Greg.Taylor@gmail.com', NULL);
insert into Customer values ('730907643','Mr','James','Burns', '8102167483337906','1-sep-2017','Main', 'Pittsburgh', 'PA', '7788738955', 'James.Burns@gmail.com', NULL);
insert into Customer values ('134609875','Mrs','Bill','Brown', '4618230150556196','1-sep-2018','Church', 'New York', 'NY', '2894859330', 'Bill.Brown@gmail.com', NULL);
insert into Customer values ('772035936','Ms','William','Miller', '7508291390904731','1-sep-2019','Washington', 'Boston', 'MA', '1834659805', 'William.Miller@gmail.com', NULL);
insert into Customer values ('803223317','Mr','Albert','Davis', '4682624490449141','1-sep-2017','Jefferson', 'Chicago', 'IL', '2348022213', 'Albert.Davis@gmail.com', NULL);
insert into Customer values ('503653403','Mrs','Jacob','Jackson', '5810239797779195','1-sep-2018','Fifth', 'Pittsburgh', 'PA', '5478991633', 'Jacob.Jackson@gmail.com', NULL);
insert into Customer values ('612813372','Ms','Marge','Thompson', '4834241100229844','1-sep-2019','Forbes', 'New York', 'NY', '5236398580', 'Marge.Thompson@gmail.com', NULL);
insert into Customer values ('797184721','Mr','Anita','Johnson', '1654159592403191','1-sep-2017','Main', 'Boston', 'MA', '1846903095', 'Anita.Johnson@gmail.com', NULL);
insert into Customer values ('920667241','Mrs','Rachel','Smith', '2334471339694145','1-sep-2018','Church', 'Chicago', 'IL', '6633617668', 'Rachel.Smith@gmail.com', NULL);
insert into Customer values ('380319140','Ms','Ashley','Jones', '7267707829804234','1-sep-2019','Washington', 'Pittsburgh', 'PA', '9075654781', 'Ashley.Jones@gmail.com', NULL);
insert into Customer values ('549690466','Mr','Tammy','Hardy', '9252717386030544','1-sep-2017','Jefferson', 'New York', 'NY', '2295361648', 'Tammy.Hardy@gmail.com', NULL);
insert into Customer values ('214417537','Mrs','Paul','Ward', '9248957154008441','1-sep-2018','Fifth', 'Boston', 'MA', '1297631321', 'Paul.Ward@gmail.com', NULL);
insert into Customer values ('363676792','Ms','Justin','Johnston', '2992199914867045','1-sep-2019','Forbes', 'Chicago', 'IL', '8445851181', 'Justin.Johnston@gmail.com', NULL);
insert into Customer values ('205984848','Mr','Frank','Sullivan', '4922854776348506','1-sep-2017','Main', 'Pittsburgh', 'PA', '9074697458', 'Frank.Sullivan@gmail.com', NULL);
insert into Customer values ('905651463','Mrs','Eric','Crosby', '7854467597785073','1-sep-2018','Church', 'New York', 'NY', '3137751103', 'Eric.Crosby@gmail.com', NULL);
insert into Customer values ('159714698','Ms','Bryce','Malkin', '3043315670925439','1-sep-2019','Washington', 'Boston', 'MA', '7213523077', 'Bryce.Malkin@gmail.com', NULL);
insert into Customer values ('821809414','Mr','Adam','Peters', '5130220863335901','1-sep-2017','Jefferson', 'Chicago', 'IL', '1841970646', 'Adam.Peters@gmail.com', NULL);
insert into Customer values ('669862984','Mrs','Jenna','Palmer', '5020800262300151','1-sep-2018','Fifth', 'Pittsburgh', 'PA', '4002877215', 'Jenna.Palmer@gmail.com', NULL);
insert into Customer values ('752947812','Ms','Abby','Woods', '5919926162083666','1-sep-2019','Forbes', 'New York', 'NY', '4829230319', 'Abby.Woods@gmail.com', NULL);
insert into Customer values ('911675588','Mr','Jesse','Nicholson', '5431166064496310','1-sep-2017','Main', 'Boston', 'MA', '4776468182', 'Jesse.Nicholson@gmail.com', NULL);
insert into Customer values ('228713877','Mrs','Jessica','Bates', '5055853222108859','1-sep-2018','Church', 'Chicago', 'IL', '9139895449', 'Jessica.Bates@gmail.com', NULL);
insert into Customer values ('325210936','Ms','Allison','Williams', '1036094183756925','1-sep-2019','Washington', 'Pittsburgh', 'PA', '6405802260', 'Allison.Williams@gmail.com', NULL);
insert into Customer values ('334512863','Mr','Ally','Taylor', '4416883174800248','1-sep-2017','Jefferson', 'New York', 'NY', '7291593022', 'Ally.Taylor@gmail.com', NULL);
insert into Customer values ('598017823','Mrs','Lauren','Burns', '7133782374346095','1-sep-2018','Fifth', 'Boston', 'MA', '8666421852', 'Lauren.Burns@gmail.com', NULL);
insert into Customer values ('732690586','Ms','Lindsay','Brown', '6423494566334195','1-sep-2019','Forbes', 'Chicago', 'IL', '6189121719', 'Lindsay.Brown@gmail.com', NULL);
insert into Customer values ('777857151','Mr','Jim','Miller', '7265749649487278','1-sep-2017','Main', 'Pittsburgh', 'PA', '6611080890', 'Jim.Miller@gmail.com', NULL);
insert into Customer values ('745084148','Mrs','John','Davis', '9786861688361484','1-sep-2018','Church', 'New York', 'NY', '9411534026', 'John.Davis@gmail.com', NULL);
insert into Customer values ('179937819','Ms','Janet','Jackson', '8000035447878976','1-sep-2019','Washington', 'Boston', 'MA', '8207656189', 'Janet.Jackson@gmail.com', NULL);
insert into Customer values ('696137280','Mr','Greg','Thompson', '4268331678749005','1-sep-2017','Jefferson', 'Chicago', 'IL', '2033578868', 'Greg.Thompson@gmail.com', NULL);
insert into Customer values ('879718806','Mrs','James','Johnson', '8109177162535979','1-sep-2018','Fifth', 'Pittsburgh', 'PA', '8739176491', 'James.Johnson@gmail.com', NULL);
insert into Customer values ('988834271','Ms','Bill','Smith', '4385875272991147','1-sep-2019','Forbes', 'New York', 'NY', '6871051803', 'Bill.Smith@gmail.com', NULL);
insert into Customer values ('216853097','Mr','William','Jones', '5037533733478510','1-sep-2017','Main', 'Boston', 'MA', '2786458504', 'William.Jones@gmail.com', NULL);
insert into Customer values ('540172476','Mrs','Albert','Hardy', '2013694193252976','1-sep-2018','Church', 'Chicago', 'IL', '8718370277', 'Albert.Hardy@gmail.com', NULL);
insert into Customer values ('136479779','Ms','Jacob','Ward', '8922233062064459','1-sep-2019','Washington', 'Pittsburgh', 'PA', '5518135110', 'Jacob.Ward@gmail.com', NULL);
insert into Customer values ('512491364','Mr','Marge','Johnston', '4824769145724916','1-sep-2017','Jefferson', 'New York', 'NY', '8429663560', 'Marge.Johnston@gmail.com', NULL);
insert into Customer values ('276963606','Mrs','Anita','Sullivan', '9135703583853476','1-sep-2018','Fifth', 'Boston', 'MA', '8748979617', 'Anita.Sullivan@gmail.com', NULL);
insert into Customer values ('279843467','Ms','Rachel','Crosby', '3241582116480991','1-sep-2019','Forbes', 'Chicago', 'IL', '9687797074', 'Rachel.Crosby@gmail.com', NULL);
insert into Customer values ('130081218','Mr','Ashley','Malkin', '9248036122782923','1-sep-2017','Main', 'Pittsburgh', 'PA', '7954486074', 'Ashley.Malkin@gmail.com', NULL);
insert into Customer values ('467938087','Mrs','Tammy','Peters', '6837090770249415','1-sep-2018','Church', 'New York', 'NY', '8399436017', 'Tammy.Peters@gmail.com', NULL);
insert into Customer values ('880608596','Ms','Paul','Palmer', '7915903049633698','1-sep-2019','Washington', 'Boston', 'MA', '4133739989', 'Paul.Palmer@gmail.com', NULL);
insert into Customer values ('635607555','Mr','Justin','Woods', '2334877643730485','1-sep-2017','Jefferson', 'Chicago', 'IL', '9892567304', 'Justin.Woods@gmail.com', NULL);
insert into Customer values ('801627843','Mrs','Frank','Nicholson', '5684767617313944','1-sep-2018','Fifth', 'Pittsburgh', 'PA', '5142427853', 'Frank.Nicholson@gmail.com', NULL);
insert into Customer values ('476750412','Ms','Eric','Bates', '2607648457773167','1-sep-2019','Forbes', 'New York', 'NY', '4557429443', 'Eric.Bates@gmail.com', NULL);
insert into Customer values ('682882611','Mr','Bryce','Williams', '5818384017332950','1-sep-2017','Main', 'Boston', 'MA', '9120373301', 'Bryce.Williams@gmail.com', NULL);
insert into Customer values ('578940594','Mrs','Adam','Taylor', '5118612978244957','1-sep-2018','Church', 'Chicago', 'IL', '6363444411', 'Adam.Taylor@gmail.com', NULL);
insert into Customer values ('900552012','Ms','Jenna','Burns', '2915002019373125','1-sep-2019','Washington', 'Pittsburgh', 'PA', '8133082351', 'Jenna.Burns@gmail.com', NULL);
insert into Customer values ('604462598','Mr','Abby','Brown', '3165176140604965','1-sep-2017','Jefferson', 'New York', 'NY', '9309765267', 'Abby.Brown@gmail.com', NULL);
insert into Customer values ('991993087','Mrs','Jesse','Miller', '9261164990782200','1-sep-2018','Fifth', 'Boston', 'MA', '7485868209', 'Jesse.Miller@gmail.com', NULL);
insert into Customer values ('548485079','Ms','Jessica','Davis', '8570660849479527','1-sep-2019','Forbes', 'Chicago', 'IL', '1479824671', 'Jessica.Davis@gmail.com', NULL);
insert into Customer values ('386290076','Mr','Allison','Jackson', '1308233001559098','1-sep-2017','Main', 'Pittsburgh', 'PA', '7002474689', 'Allison.Jackson@gmail.com', NULL);
insert into Customer values ('313464561','Mrs','Ally','Thompson', '9737155994072088','1-sep-2018','Church', 'New York', 'NY', '4604060195', 'Ally.Thompson@gmail.com', NULL);
insert into Customer values ('426513064','Ms','Lauren','Johnson', '9250538897967397','1-sep-2019','Washington', 'Boston', 'MA', '1388382879', 'Lauren.Johnson@gmail.com', NULL);
insert into Customer values ('755791321','Mr','Lindsay','Smith', '9803322358379332','1-sep-2017','Jefferson', 'Chicago', 'IL', '8378106798', 'Lindsay.Smith@gmail.com', NULL);
insert into Customer values ('565254446','Mrs','Jim','Jones', '8584175688661565','1-sep-2018','Fifth', 'Pittsburgh', 'PA', '6901112165', 'Jim.Jones@gmail.com', NULL);
insert into Customer values ('258350479','Ms','John','Hardy', '7030680203518927','1-sep-2019','Forbes', 'New York', 'NY', '5113917960', 'John.Hardy@gmail.com', NULL);
insert into Customer values ('302005320','Mr','Janet','Ward', '8012390573527798','1-sep-2017','Main', 'Boston', 'MA', '9633987510', 'Janet.Ward@gmail.com', NULL);
insert into Customer values ('870761532','Mrs','Greg','Johnston', '3735095383463713','1-sep-2018','Church', 'Chicago', 'IL', '7790917420', 'Greg.Johnston@gmail.com', NULL);
insert into Customer values ('804508286','Ms','James','Sullivan', '5609973715237636','1-sep-2019','Washington', 'Pittsburgh', 'PA', '6672589539', 'James.Sullivan@gmail.com', NULL);
insert into Customer values ('132809439','Mr','Bill','Crosby', '2827011697336904','1-sep-2017','Jefferson', 'New York', 'NY', '8605428519', 'Bill.Crosby@gmail.com', NULL);
insert into Customer values ('613158395','Mrs','William','Malkin', '6999151575111229','1-sep-2018','Fifth', 'Boston', 'MA', '6524340791', 'William.Malkin@gmail.com', NULL);
insert into Customer values ('983341922','Ms','Albert','Peters', '3003919598159533','1-sep-2019','Forbes', 'Chicago', 'IL', '7169534718', 'Albert.Peters@gmail.com', NULL);
insert into Customer values ('691195502','Mr','Jacob','Palmer', '4028318712104011','1-sep-2017','Main', 'Pittsburgh', 'PA', '5970796155', 'Jacob.Palmer@gmail.com', NULL);
insert into Customer values ('700951916','Mrs','Marge','Woods', '6282957467438858','1-sep-2018','Church', 'New York', 'NY', '4337219526', 'Marge.Woods@gmail.com', NULL);
insert into Customer values ('464015452','Ms','Anita','Nicholson', '7466476054811751','1-sep-2019','Washington', 'Boston', 'MA', '1435310795', 'Anita.Nicholson@gmail.com', NULL);
insert into Customer values ('825729838','Mr','Rachel','Bates', '6193449944032108','1-sep-2017','Jefferson', 'Chicago', 'IL', '8349651033', 'Rachel.Bates@gmail.com', NULL);
insert into Customer values ('483389081','Mrs','Ashley','Williams', '3889583814817787','1-sep-2018','Fifth', 'Pittsburgh', 'PA', '7417348475', 'Ashley.Williams@gmail.com', NULL);
insert into Customer values ('257104406','Ms','Tammy','Taylor', '8158218653553044','1-sep-2019','Forbes', 'New York', 'NY', '1571430852', 'Tammy.Taylor@gmail.com', NULL);
insert into Customer values ('364520333','Mr','Paul','Burns', '9647215156899119','1-sep-2017','Main', 'Boston', 'MA', '2484301432', 'Paul.Burns@gmail.com', NULL);
insert into Customer values ('113682375','Mrs','Justin','Brown', '5809282694793878','1-sep-2018','Church', 'Chicago', 'IL', '8966762228', 'Justin.Brown@gmail.com', NULL);
insert into Customer values ('952163341','Ms','Frank','Miller', '6823727301846999','1-sep-2019','Washington', 'Pittsburgh', 'PA', '7073051642', 'Frank.Miller@gmail.com', NULL);
insert into Customer values ('377728062','Mr','Eric','Davis', '2575423955607289','1-sep-2017','Jefferson', 'New York', 'NY', '8758733324', 'Eric.Davis@gmail.com', NULL);
insert into Customer values ('539041359','Mrs','Bryce','Jackson', '3194353069485018','1-sep-2018','Fifth', 'Boston', 'MA', '3472781600', 'Bryce.Jackson@gmail.com', NULL);
insert into Customer values ('849003469','Ms','Adam','Thompson', '1411851959381010','1-sep-2019','Forbes', 'Chicago', 'IL', '5236803549', 'Adam.Thompson@gmail.com', NULL);
insert into Customer values ('258535663','Mr','Jenna','Johnson', '7722563769733483','1-sep-2017','Main', 'Pittsburgh', 'PA', '1271722062', 'Jenna.Johnson@gmail.com', NULL);
insert into Customer values ('884903649','Mrs','Abby','Smith', '6633229177331374','1-sep-2018','Church', 'New York', 'NY', '9260814458', 'Abby.Smith@gmail.com', NULL);
insert into Customer values ('729933513','Ms','Jesse','Jones', '8382046063000995','1-sep-2019','Washington', 'Boston', 'MA', '9314089103', 'Jesse.Jones@gmail.com', NULL);
insert into Customer values ('763225637','Mr','Jessica','Hardy', '7753412311412992','1-sep-2017','Jefferson', 'Chicago', 'IL', '9759057311', 'Jessica.Hardy@gmail.com', NULL);
insert into Customer values ('219732199','Mrs','Allison','Ward', '2574645704446053','1-sep-2018','Fifth', 'Pittsburgh', 'PA', '4922930582', 'Allison.Ward@gmail.com', NULL);
insert into Customer values ('470727203','Ms','Ally','Johnston', '7846809894882589','1-sep-2019','Forbes', 'New York', 'NY', '5018856036', 'Ally.Johnston@gmail.com', NULL);
insert into Customer values ('514092698','Mr','Lauren','Sullivan', '7867109869952883','1-sep-2017','Main', 'Boston', 'MA', '5696011720', 'Lauren.Sullivan@gmail.com', NULL);
insert into Customer values ('346254353','Mrs','Lindsay','Crosby', '1947963896811933','1-sep-2018','Church', 'Chicago', 'IL', '3502472572', 'Lindsay.Crosby@gmail.com', NULL);
insert into Customer values ('807074752','Ms','Jim','Malkin', '4341723536150111','1-sep-2019','Washington', 'Pittsburgh', 'PA', '5979078610', 'Jim.Malkin@gmail.com', NULL);
insert into Customer values ('318285521','Mr','John','Peters', '6762474270601395','1-sep-2017','Jefferson', 'New York', 'NY', '4311076518', 'John.Peters@gmail.com', NULL);
insert into Customer values ('703020265','Mrs','Janet','Palmer', '3526815173529572','1-sep-2018','Fifth', 'Boston', 'MA', '9765124097', 'Janet.Palmer@gmail.com', NULL);
insert into Customer values ('481903470','Ms','Greg','Woods', '7842530979042024','1-sep-2019','Forbes', 'Chicago', 'IL', '1212567844', 'Greg.Woods@gmail.com', NULL);
insert into Customer values ('262891649','Mr','James','Nicholson', '2163404918224510','1-sep-2017','Main', 'Pittsburgh', 'PA', '8446156128', 'James.Nicholson@gmail.com', NULL);
insert into Customer values ('849046954','Mrs','Bill','Bates', '9883218980015283','1-sep-2018','Church', 'New York', 'NY', '2120315061', 'Bill.Bates@gmail.com', NULL);
insert into Customer values ('331286343','Ms','William','Williams', '6889408847460369','1-sep-2019','Washington', 'Boston', 'MA', '2240831327', 'William.Williams@gmail.com', NULL);
insert into Customer values ('818273086','Mr','Albert','Taylor', '4247795708353803','1-sep-2017','Jefferson', 'Chicago', 'IL', '9061504513', 'Albert.Taylor@gmail.com', NULL);
insert into Customer values ('700448294','Mrs','Jacob','Burns', '5407919114977533','1-sep-2018','Fifth', 'Pittsburgh', 'PA', '4097848506', 'Jacob.Burns@gmail.com', NULL);
insert into Customer values ('163511161','Ms','Marge','Brown', '3924891037233688','1-sep-2019','Forbes', 'New York', 'NY', '3933764384', 'Marge.Brown@gmail.com', NULL);
insert into Customer values ('280759284','Mr','Anita','Miller', '3532062201401253','1-sep-2017','Main', 'Boston', 'MA', '6538067482', 'Anita.Miller@gmail.com', NULL);
insert into Customer values ('388609563','Mrs','Rachel','Davis', '7009619623803024','1-sep-2018','Church', 'Chicago', 'IL', '9629141895', 'Rachel.Davis@gmail.com', NULL);
insert into Customer values ('117924834','Ms','Ashley','Jackson', '8216355023159207','1-sep-2019','Washington', 'Pittsburgh', 'PA', '7464796057', 'Ashley.Jackson@gmail.com', NULL);
insert into Customer values ('642975604','Mr','Tammy','Thompson', '4923655893876357','1-sep-2017','Jefferson', 'New York', 'NY', '3470506898', 'Tammy.Thompson@gmail.com', NULL);
insert into Customer values ('157912843','Mrs','Paul','Johnson', '7077912558716732','1-sep-2018','Fifth', 'Boston', 'MA', '1743011683', 'Paul.Johnson@gmail.com', NULL);
insert into Customer values ('172189539','Ms','Justin','Smith', '1422439578525955','1-sep-2019','Forbes', 'Chicago', 'IL', '7308711548', 'Justin.Smith@gmail.com', NULL);
insert into Customer values ('974527112','Mr','Frank','Jones', '9814732986091847','1-sep-2017','Main', 'Pittsburgh', 'PA', '3679683779', 'Frank.Jones@gmail.com', NULL);
insert into Customer values ('602861137','Mrs','Eric','Hardy', '8645748384089598','1-sep-2018','Church', 'New York', 'NY', '4954139377', 'Eric.Hardy@gmail.com', NULL);
insert into Customer values ('485933497','Ms','Bryce','Ward', '1928691350558175','1-sep-2019','Washington', 'Boston', 'MA', '8676899507', 'Bryce.Ward@gmail.com', NULL);
insert into Customer values ('426190653','Mr','Adam','Johnston', '2646120586279047','1-sep-2017','Jefferson', 'Chicago', 'IL', '7136175762', 'Adam.Johnston@gmail.com', NULL);
insert into Customer values ('598601858','Mrs','Jenna','Sullivan', '5789735761795967','1-sep-2018','Fifth', 'Pittsburgh', 'PA', '3070397386', 'Jenna.Sullivan@gmail.com', NULL);
insert into Customer values ('944644948','Ms','Abby','Crosby', '7455511160513367','1-sep-2019','Forbes', 'New York', 'NY', '3529695448', 'Abby.Crosby@gmail.com', NULL);
insert into Customer values ('788850447','Mr','Jesse','Malkin', '8866393539932154','1-sep-2017','Main', 'Boston', 'MA', '1224385229', 'Jesse.Malkin@gmail.com', NULL);
insert into Customer values ('615584149','Mrs','Jessica','Peters', '2204797239150655','1-sep-2018','Church', 'Chicago', 'IL', '6458758017', 'Jessica.Peters@gmail.com', NULL);
insert into Customer values ('862029717','Ms','Allison','Palmer', '3421449810086774','1-sep-2019','Washington', 'Pittsburgh', 'PA', '9505749425', 'Allison.Palmer@gmail.com', NULL);
insert into Customer values ('163848818','Mr','Ally','Woods', '1359050113100707','1-sep-2017','Jefferson', 'New York', 'NY', '3191651790', 'Ally.Woods@gmail.com', NULL);
insert into Customer values ('906237447','Mrs','Lauren','Nicholson', '2558702174276625','1-sep-2018','Fifth', 'Boston', 'MA', '9380327438', 'Lauren.Nicholson@gmail.com', NULL);
insert into Customer values ('266646811','Ms','Lindsay','Bates', '2841496616662005','1-sep-2019','Forbes', 'Chicago', 'IL', '9207663682', 'Lindsay.Bates@gmail.com', NULL);
insert into Customer values ('111035367','Mr','Jim','Williams', '3430614147496398','1-sep-2017','Main', 'Pittsburgh', 'PA', '2646376549', 'Jim.Williams@gmail.com', NULL);
insert into Customer values ('564106746','Mrs','John','Taylor', '8744298346945144','1-sep-2018','Church', 'New York', 'NY', '3800528454', 'John.Taylor@gmail.com', NULL);
insert into Customer values ('856285740','Ms','Janet','Burns', '3999350950736814','1-sep-2019','Washington', 'Boston', 'MA', '1114080734', 'Janet.Burns@gmail.com', NULL);
insert into Customer values ('431382038','Mr','Greg','Brown', '4127803237460160','1-sep-2017','Jefferson', 'Chicago', 'IL', '1067930536', 'Greg.Brown@gmail.com', NULL);
insert into Customer values ('379562533','Mrs','James','Miller', '2563862120617137','1-sep-2018','Fifth', 'Pittsburgh', 'PA', '7741188292', 'James.Miller@gmail.com', NULL);
insert into Customer values ('420423052','Ms','Bill','Davis', '8111757054815760','1-sep-2019','Forbes', 'New York', 'NY', '1456211712', 'Bill.Davis@gmail.com', NULL);
insert into Customer values ('944199818','Mr','William','Jackson', '3103926899827630','1-sep-2017','Main', 'Boston', 'MA', '5276413299', 'William.Jackson@gmail.com', NULL);
insert into Customer values ('858817645','Mrs','Albert','Thompson', '5488478792833360','1-sep-2018','Church', 'Chicago', 'IL', '7744687158', 'Albert.Thompson@gmail.com', NULL);
insert into Customer values ('610341758','Ms','Jacob','Johnson', '3467227901990407','1-sep-2019','Washington', 'Pittsburgh', 'PA', '2402225791', 'Jacob.Johnson@gmail.com', NULL);
insert into Customer values ('930573273','Mr','Marge','Smith', '4180295328365823','1-sep-2017','Jefferson', 'New York', 'NY', '8486987195', 'Marge.Smith@gmail.com', NULL);
insert into Customer values ('341347584','Mrs','Anita','Jones', '2405646809052479','1-sep-2018','Fifth', 'Boston', 'MA', '2292768031', 'Anita.Jones@gmail.com', NULL);
insert into Customer values ('964861263','Ms','Rachel','Hardy', '2882147147217263','1-sep-2019','Forbes', 'Chicago', 'IL', '6234521888', 'Rachel.Hardy@gmail.com', NULL);
insert into Customer values ('977657094','Mr','Ashley','Ward', '2522805701194738','1-sep-2017','Main', 'Pittsburgh', 'PA', '4749278703', 'Ashley.Ward@gmail.com', NULL);
insert into Customer values ('203149901','Mrs','Tammy','Johnston', '5826314503471319','1-sep-2018','Church', 'New York', 'NY', '6793979026', 'Tammy.Johnston@gmail.com', NULL);
insert into Customer values ('859765807','Ms','Paul','Sullivan', '4030810647186310','1-sep-2019','Washington', 'Boston', 'MA', '7319182078', 'Paul.Sullivan@gmail.com', NULL);
insert into Customer values ('667309730','Mr','Justin','Crosby', '1776569857062796','1-sep-2017','Jefferson', 'Chicago', 'IL', '3559825831', 'Justin.Crosby@gmail.com', NULL);
insert into Customer values ('283138190','Mrs','Frank','Malkin', '7113873290761962','1-sep-2018','Fifth', 'Pittsburgh', 'PA', '6448408010', 'Frank.Malkin@gmail.com', NULL);
insert into Customer values ('476787891','Ms','Eric','Peters', '1718620592291622','1-sep-2019','Forbes', 'New York', 'NY', '1559351366', 'Eric.Peters@gmail.com', NULL);
insert into Customer values ('711080808','Mr','Bryce','Palmer', '2664834472365055','1-sep-2017','Main', 'Boston', 'MA', '3444629292', 'Bryce.Palmer@gmail.com', NULL);
insert into Customer values ('987633453','Mrs','Adam','Woods', '2203353541082687','1-sep-2018','Church', 'Chicago', 'IL', '2798480359', 'Adam.Woods@gmail.com', NULL);
insert into Customer values ('837099404','Ms','Jenna','Nicholson', '1972873350282392','1-sep-2019','Washington', 'Pittsburgh', 'PA', '3507007429', 'Jenna.Nicholson@gmail.com', NULL);
insert into Customer values ('926032050','Mr','Abby','Bates', '9998392587030066','1-sep-2017','Jefferson', 'New York', 'NY', '6950337803', 'Abby.Bates@gmail.com', NULL);
insert into Customer values ('606146638','Mrs','Jesse','Williams', '3349330705084461','1-sep-2018','Fifth', 'Boston', 'MA', '8778029417', 'Jesse.Williams@gmail.com', NULL);
insert into Customer values ('996980473','Ms','Jessica','Taylor', '6325616236025479','1-sep-2019','Forbes', 'Chicago', 'IL', '5018395077', 'Jessica.Taylor@gmail.com', NULL);
insert into Customer values ('407787054','Mr','Allison','Burns', '5777477281588050','1-sep-2017','Main', 'Pittsburgh', 'PA', '3158686187', 'Allison.Burns@gmail.com', NULL);
insert into Customer values ('778411575','Mrs','Ally','Brown', '9330742297149185','1-sep-2018','Church', 'New York', 'NY', '8334987117', 'Ally.Brown@gmail.com', NULL);
insert into Customer values ('651172956','Ms','Lauren','Miller', '3199817852246489','1-sep-2019','Washington', 'Boston', 'MA', '8663512157', 'Lauren.Miller@gmail.com', NULL);
insert into Customer values ('160158879','Mr','Lindsay','Davis', '4097233102681832','1-sep-2017','Jefferson', 'Chicago', 'IL', '9532493952', 'Lindsay.Davis@gmail.com', NULL);
insert into Customer values ('761786258','Mrs','Jim','Jackson', '7337290015479350','1-sep-2018','Fifth', 'Pittsburgh', 'PA', '6306474059', 'Jim.Jackson@gmail.com', NULL);
insert into Customer values ('173534432','Ms','John','Thompson', '9624883472684103','1-sep-2019','Forbes', 'New York', 'NY', '9070921522', 'John.Thompson@gmail.com', NULL);
insert into Customer values ('610259839','Mr','Janet','Johnson', '4227091991156385','1-sep-2017','Main', 'Boston', 'MA', '3908166699', 'Janet.Johnson@gmail.com', NULL);
insert into Customer values ('553538165','Mrs','Greg','Smith', '3177633078722750','1-sep-2018','Church', 'Chicago', 'IL', '4421847348', 'Greg.Smith@gmail.com', NULL);
insert into Customer values ('174126485','Ms','James','Jones', '8456656087490867','1-sep-2019','Washington', 'Pittsburgh', 'PA', '9655969720', 'James.Jones@gmail.com', NULL);
insert into Customer values ('765087753','Mr','Bill','Hardy', '9249021689143176','1-sep-2017','Jefferson', 'New York', 'NY', '5961489225', 'Bill.Hardy@gmail.com', NULL);
insert into Customer values ('202536562','Mrs','William','Ward', '5985961089806868','1-sep-2018','Fifth', 'Boston', 'MA', '2239620943', 'William.Ward@gmail.com', NULL);
insert into Customer values ('115402263','Ms','Albert','Johnston', '6396090637759339','1-sep-2019','Forbes', 'Chicago', 'IL', '1357460053', 'Albert.Johnston@gmail.com', NULL);
insert into Customer values ('571924820','Mr','Jacob','Sullivan', '4055164849075734','1-sep-2017','Main', 'Pittsburgh', 'PA', '8854901914', 'Jacob.Sullivan@gmail.com', NULL);
insert into Customer values ('728858629','Mrs','Marge','Crosby', '2787619567513218','1-sep-2018','Church', 'New York', 'NY', '4982343584', 'Marge.Crosby@gmail.com', NULL);
insert into Customer values ('227076815','Ms','Anita','Malkin', '1506070211028955','1-sep-2019','Washington', 'Boston', 'MA', '7810283060', 'Anita.Malkin@gmail.com', NULL);
insert into Customer values ('705049256','Mr','Rachel','Peters', '2645858876319110','1-sep-2017','Jefferson', 'Chicago', 'IL', '6034642657', 'Rachel.Peters@gmail.com', NULL);
insert into Customer values ('935959676','Mrs','Ashley','Palmer', '3694485869250710','1-sep-2018','Fifth', 'Pittsburgh', 'PA', '4197300608', 'Ashley.Palmer@gmail.com', NULL);
insert into Customer values ('875140489','Ms','Tammy','Woods', '9808520215423924','1-sep-2019','Forbes', 'New York', 'NY', '2794911271', 'Tammy.Woods@gmail.com', NULL);
insert into Customer values ('369380718','Mr','Paul','Nicholson', '9095101478417823','1-sep-2017','Main', 'Boston', 'MA', '3369253063', 'Paul.Nicholson@gmail.com', NULL);
insert into Customer values ('574045413','Mrs','Justin','Bates', '3832010035814239','1-sep-2018','Church', 'Chicago', 'IL', '4474797737', 'Justin.Bates@gmail.com', NULL);
insert into Customer values ('393202090','Ms','Frank','Williams', '3192866182962403','1-sep-2019','Washington', 'Pittsburgh', 'PA', '7625446181', 'Frank.Williams@gmail.com', NULL);
insert into Customer values ('363446171','Mr','Eric','Taylor', '5086864156019734','1-sep-2017','Jefferson', 'New York', 'NY', '2092524150', 'Eric.Taylor@gmail.com', NULL);
insert into Customer values ('173182071','Mrs','Bryce','Burns', '4008463379834750','1-sep-2018','Fifth', 'Boston', 'MA', '9759063436', 'Bryce.Burns@gmail.com', NULL);
insert into Customer values ('423241254','Ms','Adam','Brown', '9810414149191710','1-sep-2019','Forbes', 'Chicago', 'IL', '2410187020', 'Adam.Brown@gmail.com', NULL);
insert into Customer values ('531570491','Mr','Jenna','Miller', '2557101769325944','1-sep-2017','Main', 'Pittsburgh', 'PA', '3587177435', 'Jenna.Miller@gmail.com', NULL);
insert into Customer values ('961541339','Mrs','Abby','Davis', '7028747116630853','1-sep-2018','Church', 'New York', 'NY', '4276149418', 'Abby.Davis@gmail.com', NULL);
insert into Customer values ('508474932','Ms','Jesse','Jackson', '5070410678826050','1-sep-2019','Washington', 'Boston', 'MA', '7103138549', 'Jesse.Jackson@gmail.com', NULL);
insert into Customer values ('771784050','Mr','Jessica','Thompson', '2780765633051652','1-sep-2017','Jefferson', 'Chicago', 'IL', '6111455923', 'Jessica.Thompson@gmail.com', NULL);
insert into Customer values ('664129741','Mrs','Allison','Johnson', '4360940723126209','1-sep-2018','Fifth', 'Pittsburgh', 'PA', '3599718259', 'Allison.Johnson@gmail.com', NULL);
insert into Customer values ('435284990','Ms','Ally','Smith', '6167818845086244','1-sep-2019','Forbes', 'New York', 'NY', '9039708531', 'Ally.Smith@gmail.com', NULL);
insert into Customer values ('443526359','Mr','Lauren','Jones', '4102620719203806','1-sep-2017','Main', 'Boston', 'MA', '2695528762', 'Lauren.Jones@gmail.com', NULL);
insert into Customer values ('643479200','Mrs','Lindsay','Hardy', '3301780078150761','1-sep-2018','Church', 'Chicago', 'IL', '8287656011', 'Lindsay.Hardy@gmail.com', NULL);
insert into Customer values ('742438628','Ms','Jim','Ward', '3302145140462259','1-sep-2019','Washington', 'Pittsburgh', 'PA', '6280155961', 'Jim.Ward@gmail.com', NULL);
insert into Customer values ('561977401','Mr','John','Johnston', '6591557255485285','1-sep-2017','Jefferson', 'New York', 'NY', '6971646176', 'John.Johnston@gmail.com', NULL);
insert into Customer values ('313451387','Mrs','Janet','Sullivan', '3602512229173346','1-sep-2018','Fifth', 'Boston', 'MA', '6247719185', 'Janet.Sullivan@gmail.com', NULL);
insert into Customer values ('682053565','Ms','Greg','Crosby', '6519830908092240','1-sep-2019','Forbes', 'Chicago', 'IL', '5548818141', 'Greg.Crosby@gmail.com', NULL);
insert into Customer values ('958977212','Mr','James','Malkin', '7832827947640996','1-sep-2017','Main', 'Pittsburgh', 'PA', '7035545372', 'James.Malkin@gmail.com', NULL);
insert into Customer values ('635752707','Mrs','Bill','Peters', '3255244582070364','1-sep-2018','Church', 'New York', 'NY', '5976667588', 'Bill.Peters@gmail.com', NULL);
insert into Customer values ('523907280','Ms','William','Palmer', '3569029861463507','1-sep-2019','Washington', 'Boston', 'MA', '5401518865', 'William.Palmer@gmail.com', NULL);
insert into Customer values ('912292278','Mr','Albert','Woods', '3472063616026144','1-sep-2017','Jefferson', 'Chicago', 'IL', '3326312005', 'Albert.Woods@gmail.com', NULL);
insert into Customer values ('244447269','Mrs','Jacob','Nicholson', '6108828774219363','1-sep-2018','Fifth', 'Pittsburgh', 'PA', '2254942274', 'Jacob.Nicholson@gmail.com', NULL);
insert into Customer values ('293826791','Ms','Marge','Bates', '1262127475136640','1-sep-2019','Forbes', 'New York', 'NY', '6324687594', 'Marge.Bates@gmail.com', NULL);
insert into Customer values ('448599884','Mr','Anita','Williams', '4815319226847686','1-sep-2017','Main', 'Boston', 'MA', '4764042139', 'Anita.Williams@gmail.com', NULL);
insert into Customer values ('795853349','Mrs','Rachel','Taylor', '9992375572316807','1-sep-2018','Church', 'Chicago', 'IL', '2977299607', 'Rachel.Taylor@gmail.com', NULL);
insert into Customer values ('678586445','Ms','Ashley','Burns', '1246359069669842','1-sep-2019','Washington', 'Pittsburgh', 'PA', '8870512343', 'Ashley.Burns@gmail.com', NULL);
insert into Customer values ('172668101','Mr','Tammy','Brown', '6630012560087278','1-sep-2017','Jefferson', 'New York', 'NY', '2898011316', 'Tammy.Brown@gmail.com', NULL);
insert into Customer values ('945362990','Mrs','Paul','Miller', '7103514219240563','1-sep-2018','Fifth', 'Boston', 'MA', '4858295588', 'Paul.Miller@gmail.com', NULL);
insert into Customer values ('554173614','Ms','Justin','Davis', '3326011391141625','1-sep-2019','Forbes', 'Chicago', 'IL', '5973079363', 'Justin.Davis@gmail.com', NULL);
insert into Customer values ('310929020','Mr','Frank','Jackson', '3037415043860501','1-sep-2017','Main', 'Pittsburgh', 'PA', '9649903466', 'Frank.Jackson@gmail.com', NULL);
insert into Customer values ('505837933','Mrs','Eric','Thompson', '4774465812210873','1-sep-2018','Church', 'New York', 'NY', '9818807360', 'Eric.Thompson@gmail.com', NULL);
insert into Customer values ('366943064','Ms','Bryce','Johnson', '6585806815033365','1-sep-2019','Washington', 'Boston', 'MA', '4825137347', 'Bryce.Johnson@gmail.com', NULL);
insert into Customer values ('558493611','Mr','Adam','Smith', '2080487941657790','1-sep-2017','Jefferson', 'Chicago', 'IL', '6850356262', 'Adam.Smith@gmail.com', NULL);
insert into Customer values ('797167468','Mrs','Jenna','Jones', '9198796435945275','1-sep-2018','Fifth', 'Pittsburgh', 'PA', '5207533396', 'Jenna.Jones@gmail.com', NULL);
insert into Customer values ('558676190','Ms','Abby','Hardy', '3107087270735263','1-sep-2019','Forbes', 'New York', 'NY', '2955230084', 'Abby.Hardy@gmail.com', NULL);
insert into Customer values ('733721803','Mr','Jesse','Ward', '9836821994591810','1-sep-2017','Main', 'Boston', 'MA', '4045043947', 'Jesse.Ward@gmail.com', NULL);
insert into Customer values ('564361706','Mrs','Jessica','Johnston', '9512468766995690','1-sep-2018','Church', 'Chicago', 'IL', '3279943465', 'Jessica.Johnston@gmail.com', NULL);
insert into Customer values ('665794140','Ms','Allison','Sullivan', '7376701573823490','1-sep-2019','Washington', 'Pittsburgh', 'PA', '3086848436', 'Allison.Sullivan@gmail.com', NULL);
insert into Customer values ('490642704','Mr','Ally','Crosby', '9830369477075932','1-sep-2017','Jefferson', 'New York', 'NY', '8593059027', 'Ally.Crosby@gmail.com', NULL);


--Reservation sample data

insert into Reservation values ('26006', '360603460', '792', '2900967593480585', '7-aug-2018', 'Y', 'NY', 'PIT');
insert into Reservation values ('68455', '728383041', '2906', '4938577833367116', '11-sep-2016', 'N', 'PIT', 'BOS');
insert into Reservation values ('12270', '126753807', '1720', '6940672385084193', '24-nov-2016', 'N', 'BOS', 'CHI');
insert into Reservation values ('90509', '323484735', '158', '5835319078512352', '5-jan-2019', 'N', 'CHI', 'LA');
insert into Reservation values ('85122', '280314533', '3287', '5424138567603693', '23-jul-2016', 'Y', 'LA', 'MIL');
insert into Reservation values ('47801', '391931294', '2229', '9937011316059257', '19-sep-2019', 'N', 'MIL', 'NY');
insert into Reservation values ('94119', '656005047', '574', '1138038046170081', '27-oct-2019', 'Y', 'NY', 'PIT');
insert into Reservation values ('28229', '759157098', '918', '1191962165954428', '17-oct-2017', 'Y', 'PIT', 'BOS');
insert into Reservation values ('79135', '407596568', '2492', '4341869385648457', '1-apr-2018', 'Y', 'BOS', 'CHI');
insert into Reservation values ('55012', '880416789', '2442', '1909550545364448', '17-jul-2017', 'Y', 'CHI', 'LA');
insert into Reservation values ('11209', '253963024', '1472', '3341245381473742', '25-oct-2018', 'N', 'LA', 'MIL');
insert into Reservation values ('30908', '536546108', '4391', '1172498981357624', '12-aug-2017', 'Y', 'MIL', 'NY');
insert into Reservation values ('87346', '171556048', '3774', '1854266569382789', '24-mar-2018', 'N', 'NY', 'PIT');
insert into Reservation values ('68977', '345674253', '4609', '9625614803867427', '27-apr-2019', 'Y', 'PIT', 'BOS');
insert into Reservation values ('98697', '814191225', '44', '2795931535486866', '13-aug-2016', 'Y', 'BOS', 'CHI');
insert into Reservation values ('96907', '836280003', '4019', '7271956564438688', '21-jun-2016', 'Y', 'CHI', 'LA');
insert into Reservation values ('42294', '411935782', '4819', '8531521362973590', '26-may-2016', 'N', 'LA', 'MIL');
insert into Reservation values ('60354', '368461215', '4902', '2380943726171882', '12-jan-2018', 'Y', 'MIL', 'NY');
insert into Reservation values ('27293', '361197784', '400', '5020399741927353', '8-sep-2016', 'Y', 'NY', 'PIT');
insert into Reservation values ('39846', '981404068', '2797', '8713077579621969', '4-dec-2017', 'Y', 'PIT', 'BOS');
insert into Reservation values ('74041', '667386828', '1882', '8410936356932247', '26-aug-2018', 'N', 'BOS', 'CHI');
insert into Reservation values ('31435', '257724479', '762', '5389768487644962', '5-apr-2018', 'N', 'CHI', 'LA');
insert into Reservation values ('49311', '430236873', '4132', '7235196474623473', '13-jul-2018', 'Y', 'LA', 'MIL');
insert into Reservation values ('27406', '797096411', '1503', '2849248706548888', '26-jul-2019', 'Y', 'MIL', 'NY');
insert into Reservation values ('51721', '673216845', '35', '8126331166325520', '12-jul-2017', 'Y', 'NY', 'PIT');
insert into Reservation values ('61066', '640232263', '4440', '8677714749371453', '24-sep-2019', 'Y', 'PIT', 'BOS');
insert into Reservation values ('16162', '341811977', '3592', '9773468628927608', '15-may-2017', 'N', 'BOS', 'CHI');
insert into Reservation values ('79179', '314883101', '3314', '8732121892784993', '17-feb-2019', 'N', 'CHI', 'LA');
insert into Reservation values ('78827', '420630604', '698', '2672737994119159', '1-aug-2017', 'N', 'LA', 'MIL');
insert into Reservation values ('83811', '606095081', '14', '2398680880943128', '28-aug-2017', 'Y', 'MIL', 'NY');
insert into Reservation values ('52760', '412082838', '373', '1951682575067125', '27-nov-2016', 'Y', 'NY', 'PIT');
insert into Reservation values ('30786', '395275029', '4503', '1661556891191826', '14-oct-2017', 'Y', 'PIT', 'BOS');
insert into Reservation values ('39253', '969419914', '341', '7865529807813947', '22-jan-2019', 'Y', 'BOS', 'CHI');
insert into Reservation values ('34450', '102943459', '4714', '9650571839915412', '19-jan-2019', 'Y', 'CHI', 'LA');
insert into Reservation values ('11325', '514989622', '4860', '3156280243507817', '6-sep-2016', 'N', 'LA', 'MIL');
insert into Reservation values ('59742', '587825334', '987', '6060734472792880', '25-jan-2017', 'Y', 'MIL', 'NY');
insert into Reservation values ('46308', '559659934', '2756', '8679987077660255', '24-feb-2019', 'Y', 'NY', 'PIT');
insert into Reservation values ('28728', '872109824', '4867', '3617775508968876', '14-may-2018', 'N', 'PIT', 'BOS');
insert into Reservation values ('94072', '339414882', '2240', '5097914597535213', '22-dec-2019', 'N', 'BOS', 'CHI');
insert into Reservation values ('56378', '139565228', '9', '9318884093905501', '7-jul-2017', 'Y', 'CHI', 'LA');
insert into Reservation values ('19299', '570037965', '4754', '5679919596251217', '7-jan-2017', 'N', 'LA', 'MIL');
insert into Reservation values ('43323', '531367570', '1303', '5296843062047187', '17-jun-2017', 'Y', 'MIL', 'NY');
insert into Reservation values ('92387', '712486176', '3553', '9985607035724209', '24-feb-2019', 'Y', 'NY', 'PIT');
insert into Reservation values ('39243', '855844607', '170', '7812819056659088', '10-oct-2019', 'N', 'PIT', 'BOS');
insert into Reservation values ('54993', '608613445', '1749', '3444112009811192', '21-sep-2018', 'N', 'BOS', 'CHI');
insert into Reservation values ('71972', '326238493', '853', '3994561632808226', '6-nov-2019', 'N', 'CHI', 'LA');
insert into Reservation values ('90745', '611280267', '933', '4058809260356048', '11-nov-2018', 'N', 'LA', 'MIL');
insert into Reservation values ('30505', '992160757', '4248', '1646793400110058', '7-oct-2016', 'N', 'MIL', 'NY');
insert into Reservation values ('88071', '596085021', '4008', '3964808904777802', '2-feb-2016', 'Y', 'NY', 'PIT');
insert into Reservation values ('75864', '358658770', '4924', '1864917700181961', '3-jun-2016', 'N', 'PIT', 'BOS');
insert into Reservation values ('14195', '481862574', '3453', '2567211029929240', '12-feb-2017', 'N', 'BOS', 'CHI');
insert into Reservation values ('74331', '119947502', '3420', '3227609235674119', '7-sep-2017', 'N', 'CHI', 'LA');
insert into Reservation values ('66380', '873748216', '1981', '1099383357182771', '24-mar-2016', 'N', 'LA', 'MIL');
insert into Reservation values ('65216', '567623292', '244', '4624021407930503', '26-may-2018', 'N', 'MIL', 'NY');
insert into Reservation values ('71428', '168766264', '3339', '5373937047191431', '28-apr-2018', 'Y', 'NY', 'PIT');
insert into Reservation values ('85901', '784980399', '389', '6213207188424061', '24-apr-2019', 'Y', 'PIT', 'BOS');
insert into Reservation values ('18317', '704611253', '2419', '3937045339332282', '7-feb-2016', 'N', 'BOS', 'CHI');
insert into Reservation values ('93676', '853754678', '2478', '8117206260389536', '17-oct-2019', 'N', 'CHI', 'LA');
insert into Reservation values ('39091', '834985612', '3697', '2211015738052496', '8-mar-2018', 'N', 'LA', 'MIL');
insert into Reservation values ('55583', '726593289', '1334', '7253426329386269', '1-oct-2016', 'Y', 'MIL', 'NY');
insert into Reservation values ('20670', '730907643', '4502', '8102167483337906', '21-oct-2018', 'N', 'NY', 'PIT');
insert into Reservation values ('58249', '134609875', '3418', '4618230150556196', '25-nov-2018', 'N', 'PIT', 'BOS');
insert into Reservation values ('10649', '772035936', '3854', '7508291390904731', '2-feb-2018', 'Y', 'BOS', 'CHI');
insert into Reservation values ('13405', '803223317', '2743', '4682624490449141', '26-dec-2017', 'Y', 'CHI', 'LA');
insert into Reservation values ('74948', '503653403', '746', '5810239797779195', '16-aug-2019', 'Y', 'LA', 'MIL');
insert into Reservation values ('48310', '612813372', '4719', '4834241100229844', '24-nov-2016', 'Y', 'MIL', 'NY');
insert into Reservation values ('79423', '797184721', '2385', '1654159592403191', '26-dec-2018', 'Y', 'NY', 'PIT');
insert into Reservation values ('12656', '920667241', '1037', '2334471339694145', '25-aug-2018', 'N', 'PIT', 'BOS');
insert into Reservation values ('93784', '380319140', '4643', '7267707829804234', '18-mar-2017', 'N', 'BOS', 'CHI');
insert into Reservation values ('68656', '549690466', '3285', '9252717386030544', '15-nov-2019', 'Y', 'CHI', 'LA');
insert into Reservation values ('87846', '214417537', '827', '9248957154008441', '11-may-2019', 'N', 'LA', 'MIL');
insert into Reservation values ('67746', '363676792', '2387', '2992199914867045', '1-nov-2017', 'N', 'MIL', 'NY');
insert into Reservation values ('28910', '205984848', '424', '4922854776348506', '19-nov-2016', 'N', 'NY', 'PIT');
insert into Reservation values ('41344', '905651463', '3575', '7854467597785073', '11-jul-2018', 'Y', 'PIT', 'BOS');
insert into Reservation values ('38831', '159714698', '4075', '3043315670925439', '1-dec-2019', 'N', 'BOS', 'CHI');
insert into Reservation values ('80252', '821809414', '4528', '5130220863335901', '28-jul-2017', 'N', 'CHI', 'LA');
insert into Reservation values ('56687', '669862984', '1110', '5020800262300151', '7-jan-2018', 'N', 'LA', 'MIL');
insert into Reservation values ('84106', '752947812', '1078', '5919926162083666', '21-may-2016', 'Y', 'MIL', 'NY');
insert into Reservation values ('96291', '911675588', '384', '5431166064496310', '21-dec-2016', 'N', 'NY', 'PIT');
insert into Reservation values ('13912', '228713877', '2697', '5055853222108859', '27-jul-2019', 'Y', 'PIT', 'BOS');
insert into Reservation values ('41153', '325210936', '1670', '1036094183756925', '18-feb-2018', 'Y', 'BOS', 'CHI');
insert into Reservation values ('76693', '334512863', '4846', '4416883174800248', '27-sep-2017', 'N', 'CHI', 'LA');
insert into Reservation values ('10489', '598017823', '4281', '7133782374346095', '18-may-2016', 'Y', 'LA', 'MIL');
insert into Reservation values ('15342', '732690586', '4384', '6423494566334195', '24-apr-2019', 'N', 'MIL', 'NY');
insert into Reservation values ('33909', '777857151', '2801', '7265749649487278', '16-may-2017', 'Y', 'NY', 'PIT');
insert into Reservation values ('76718', '745084148', '1696', '9786861688361484', '12-feb-2016', 'Y', 'PIT', 'BOS');
insert into Reservation values ('85176', '179937819', '920', '8000035447878976', '10-aug-2019', 'Y', 'BOS', 'CHI');
insert into Reservation values ('60162', '696137280', '2036', '4268331678749005', '20-apr-2016', 'N', 'CHI', 'LA');
insert into Reservation values ('19906', '879718806', '3343', '8109177162535979', '8-jan-2018', 'N', 'LA', 'MIL');
insert into Reservation values ('67659', '988834271', '4817', '4385875272991147', '27-nov-2017', 'Y', 'MIL', 'NY');
insert into Reservation values ('36685', '216853097', '1038', '5037533733478510', '27-feb-2017', 'N', 'NY', 'PIT');
insert into Reservation values ('30535', '540172476', '4143', '2013694193252976', '2-apr-2018', 'Y', 'PIT', 'BOS');
insert into Reservation values ('34263', '136479779', '3524', '8922233062064459', '5-jul-2019', 'N', 'BOS', 'CHI');
insert into Reservation values ('75544', '512491364', '1272', '4824769145724916', '23-sep-2016', 'N', 'CHI', 'LA');
insert into Reservation values ('89809', '276963606', '3064', '9135703583853476', '11-jan-2019', 'N', 'LA', 'MIL');
insert into Reservation values ('22775', '279843467', '3793', '3241582116480991', '6-apr-2018', 'N', 'MIL', 'NY');
insert into Reservation values ('16170', '130081218', '2203', '9248036122782923', '4-oct-2016', 'Y', 'NY', 'PIT');
insert into Reservation values ('43222', '467938087', '3706', '6837090770249415', '25-jun-2017', 'Y', 'PIT', 'BOS');
insert into Reservation values ('77127', '880608596', '4534', '7915903049633698', '21-jun-2019', 'Y', 'BOS', 'CHI');
insert into Reservation values ('83946', '635607555', '620', '2334877643730485', '4-may-2017', 'Y', 'CHI', 'LA');
insert into Reservation values ('20748', '801627843', '3050', '5684767617313944', '4-jun-2018', 'N', 'LA', 'MIL');
insert into Reservation values ('10393', '476750412', '2061', '2607648457773167', '17-feb-2017', 'Y', 'MIL', 'NY');
insert into Reservation values ('92606', '682882611', '3325', '5818384017332950', '28-apr-2019', 'N', 'NY', 'PIT');
insert into Reservation values ('90431', '578940594', '4820', '5118612978244957', '10-mar-2016', 'N', 'PIT', 'BOS');
insert into Reservation values ('55050', '900552012', '1824', '2915002019373125', '19-feb-2016', 'Y', 'BOS', 'CHI');
insert into Reservation values ('60560', '604462598', '568', '3165176140604965', '17-jun-2019', 'N', 'CHI', 'LA');
insert into Reservation values ('21935', '991993087', '4195', '9261164990782200', '2-oct-2019', 'N', 'LA', 'MIL');
insert into Reservation values ('51435', '548485079', '219', '8570660849479527', '15-dec-2017', 'Y', 'MIL', 'NY');
insert into Reservation values ('27049', '386290076', '2509', '1308233001559098', '11-sep-2016', 'N', 'NY', 'PIT');
insert into Reservation values ('79166', '313464561', '2364', '9737155994072088', '5-apr-2018', 'Y', 'PIT', 'BOS');
insert into Reservation values ('91341', '426513064', '1301', '9250538897967397', '18-dec-2016', 'N', 'BOS', 'CHI');
insert into Reservation values ('20771', '755791321', '3772', '9803322358379332', '9-may-2018', 'Y', 'CHI', 'LA');
insert into Reservation values ('71345', '565254446', '4814', '8584175688661565', '24-apr-2019', 'Y', 'LA', 'MIL');
insert into Reservation values ('40032', '258350479', '4400', '7030680203518927', '2-aug-2017', 'N', 'MIL', 'NY');
insert into Reservation values ('12972', '302005320', '4033', '8012390573527798', '9-mar-2019', 'Y', 'NY', 'PIT');
insert into Reservation values ('21613', '870761532', '3769', '3735095383463713', '3-feb-2019', 'Y', 'PIT', 'BOS');
insert into Reservation values ('71886', '804508286', '74', '5609973715237636', '17-may-2016', 'N', 'BOS', 'CHI');
insert into Reservation values ('81492', '132809439', '1216', '2827011697336904', '24-feb-2016', 'N', 'CHI', 'LA');
insert into Reservation values ('33535', '613158395', '2428', '6999151575111229', '1-apr-2016', 'Y', 'LA', 'MIL');
insert into Reservation values ('13761', '983341922', '4870', '3003919598159533', '3-jun-2018', 'N', 'MIL', 'NY');
insert into Reservation values ('27806', '691195502', '2372', '4028318712104011', '17-feb-2017', 'N', 'NY', 'PIT');
insert into Reservation values ('94804', '700951916', '2652', '6282957467438858', '8-sep-2019', 'Y', 'PIT', 'BOS');
insert into Reservation values ('68604', '464015452', '1019', '7466476054811751', '10-apr-2019', 'N', 'BOS', 'CHI');
insert into Reservation values ('71839', '825729838', '3921', '6193449944032108', '2-jan-2019', 'Y', 'CHI', 'LA');
insert into Reservation values ('93909', '483389081', '3464', '3889583814817787', '17-dec-2018', 'Y', 'LA', 'MIL');
insert into Reservation values ('25939', '257104406', '440', '8158218653553044', '14-jul-2018', 'N', 'MIL', 'NY');
insert into Reservation values ('40360', '364520333', '1354', '9647215156899119', '15-oct-2016', 'N', 'NY', 'PIT');
insert into Reservation values ('19928', '113682375', '4772', '5809282694793878', '27-nov-2017', 'Y', 'PIT', 'BOS');
insert into Reservation values ('27278', '952163341', '1604', '6823727301846999', '26-mar-2018', 'N', 'BOS', 'CHI');
insert into Reservation values ('74855', '377728062', '4014', '2575423955607289', '17-may-2016', 'N', 'CHI', 'LA');
insert into Reservation values ('83755', '539041359', '4775', '3194353069485018', '9-sep-2017', 'N', 'LA', 'MIL');
insert into Reservation values ('12367', '849003469', '45', '1411851959381010', '28-feb-2019', 'Y', 'MIL', 'NY');
insert into Reservation values ('47407', '258535663', '4474', '7722563769733483', '11-feb-2016', 'Y', 'NY', 'PIT');
insert into Reservation values ('60061', '884903649', '4854', '6633229177331374', '2-jun-2019', 'Y', 'PIT', 'BOS');
insert into Reservation values ('32796', '729933513', '4417', '8382046063000995', '28-dec-2019', 'N', 'BOS', 'CHI');
insert into Reservation values ('29820', '763225637', '2503', '7753412311412992', '13-apr-2018', 'N', 'CHI', 'LA');
insert into Reservation values ('73191', '219732199', '1536', '2574645704446053', '12-may-2016', 'N', 'LA', 'MIL');
insert into Reservation values ('46953', '470727203', '4050', '7846809894882589', '28-sep-2019', 'Y', 'MIL', 'NY');
insert into Reservation values ('96837', '514092698', '1273', '7867109869952883', '8-oct-2016', 'Y', 'NY', 'PIT');
insert into Reservation values ('74530', '346254353', '415', '1947963896811933', '18-sep-2017', 'Y', 'PIT', 'BOS');
insert into Reservation values ('63415', '807074752', '3777', '4341723536150111', '20-sep-2018', 'N', 'BOS', 'CHI');
insert into Reservation values ('79591', '318285521', '1917', '6762474270601395', '20-may-2017', 'Y', 'CHI', 'LA');
insert into Reservation values ('24745', '703020265', '2416', '3526815173529572', '26-mar-2016', 'N', 'LA', 'MIL');
insert into Reservation values ('57068', '481903470', '3220', '7842530979042024', '27-jun-2017', 'Y', 'MIL', 'NY');
insert into Reservation values ('28705', '262891649', '2836', '2163404918224510', '8-feb-2017', 'N', 'NY', 'PIT');
insert into Reservation values ('82954', '849046954', '3988', '9883218980015283', '19-oct-2016', 'N', 'PIT', 'BOS');
insert into Reservation values ('88484', '331286343', '2527', '6889408847460369', '28-dec-2019', 'Y', 'BOS', 'CHI');
insert into Reservation values ('58516', '818273086', '1522', '4247795708353803', '11-may-2017', 'Y', 'CHI', 'LA');
insert into Reservation values ('89551', '700448294', '3505', '5407919114977533', '26-may-2017', 'N', 'LA', 'MIL');
insert into Reservation values ('80241', '163511161', '17', '3924891037233688', '24-jun-2019', 'Y', 'MIL', 'NY');
insert into Reservation values ('31661', '280759284', '4085', '3532062201401253', '15-may-2017', 'Y', 'NY', 'PIT');
insert into Reservation values ('11810', '388609563', '381', '7009619623803024', '10-may-2017', 'N', 'PIT', 'BOS');
insert into Reservation values ('45434', '117924834', '3107', '8216355023159207', '5-jul-2017', 'Y', 'BOS', 'CHI');
insert into Reservation values ('11762', '642975604', '1869', '4923655893876357', '16-nov-2018', 'N', 'CHI', 'LA');
insert into Reservation values ('51445', '157912843', '746', '7077912558716732', '8-nov-2018', 'Y', 'LA', 'MIL');
insert into Reservation values ('55459', '172189539', '4461', '1422439578525955', '11-apr-2019', 'N', 'MIL', 'NY');
insert into Reservation values ('55211', '974527112', '2328', '9814732986091847', '2-oct-2019', 'Y', 'NY', 'PIT');
insert into Reservation values ('90987', '602861137', '4318', '8645748384089598', '16-oct-2016', 'Y', 'PIT', 'BOS');
insert into Reservation values ('75501', '485933497', '4752', '1928691350558175', '1-may-2018', 'N', 'BOS', 'CHI');
insert into Reservation values ('37235', '426190653', '4684', '2646120586279047', '15-aug-2016', 'N', 'CHI', 'LA');
insert into Reservation values ('35405', '598601858', '4201', '5789735761795967', '6-apr-2018', 'Y', 'LA', 'MIL');
insert into Reservation values ('61361', '944644948', '4404', '7455511160513367', '9-aug-2018', 'N', 'MIL', 'NY');
insert into Reservation values ('20532', '788850447', '3124', '8866393539932154', '6-jul-2018', 'Y', 'NY', 'PIT');
insert into Reservation values ('67615', '615584149', '85', '2204797239150655', '14-jul-2019', 'Y', 'PIT', 'BOS');
insert into Reservation values ('32191', '862029717', '191', '3421449810086774', '2-may-2017', 'Y', 'BOS', 'CHI');
insert into Reservation values ('59682', '163848818', '3142', '1359050113100707', '11-jul-2017', 'N', 'CHI', 'LA');
insert into Reservation values ('46386', '906237447', '1955', '2558702174276625', '12-mar-2016', 'N', 'LA', 'MIL');
insert into Reservation values ('99992', '266646811', '2197', '2841496616662005', '2-jan-2019', 'N', 'MIL', 'NY');
insert into Reservation values ('57840', '111035367', '3010', '3430614147496398', '24-feb-2017', 'N', 'NY', 'PIT');
insert into Reservation values ('91539', '564106746', '2299', '8744298346945144', '20-aug-2016', 'N', 'PIT', 'BOS');
insert into Reservation values ('15592', '856285740', '3290', '3999350950736814', '6-oct-2018', 'Y', 'BOS', 'CHI');
insert into Reservation values ('54014', '431382038', '3992', '4127803237460160', '7-jul-2017', 'Y', 'CHI', 'LA');
insert into Reservation values ('30715', '379562533', '1749', '2563862120617137', '11-dec-2016', 'N', 'LA', 'MIL');
insert into Reservation values ('85234', '420423052', '4716', '8111757054815760', '15-jun-2016', 'Y', 'MIL', 'NY');
insert into Reservation values ('33969', '944199818', '543', '3103926899827630', '21-oct-2018', 'Y', 'NY', 'PIT');
insert into Reservation values ('12671', '858817645', '2008', '5488478792833360', '18-dec-2016', 'N', 'PIT', 'BOS');
insert into Reservation values ('73310', '610341758', '463', '3467227901990407', '14-mar-2016', 'N', 'BOS', 'CHI');
insert into Reservation values ('61539', '930573273', '3295', '4180295328365823', '5-oct-2018', 'Y', 'CHI', 'LA');
insert into Reservation values ('28822', '341347584', '4322', '2405646809052479', '2-may-2017', 'Y', 'LA', 'MIL');
insert into Reservation values ('73839', '964861263', '2881', '2882147147217263', '4-oct-2019', 'N', 'MIL', 'NY');
insert into Reservation values ('27972', '977657094', '3745', '2522805701194738', '12-jul-2017', 'N', 'NY', 'PIT');
insert into Reservation values ('62729', '203149901', '1244', '5826314503471319', '4-may-2018', 'Y', 'PIT', 'BOS');
insert into Reservation values ('50107', '859765807', '2609', '4030810647186310', '11-dec-2017', 'N', 'BOS', 'CHI');
insert into Reservation values ('27642', '667309730', '894', '1776569857062796', '14-mar-2016', 'Y', 'CHI', 'LA');
insert into Reservation values ('77927', '283138190', '4683', '7113873290761962', '13-jun-2017', 'N', 'LA', 'MIL');
insert into Reservation values ('93858', '476787891', '840', '1718620592291622', '4-sep-2016', 'Y', 'MIL', 'NY');
insert into Reservation values ('37170', '711080808', '368', '2664834472365055', '5-apr-2019', 'Y', 'NY', 'PIT');
insert into Reservation values ('33507', '987633453', '3392', '2203353541082687', '3-apr-2017', 'Y', 'PIT', 'BOS');
insert into Reservation values ('27551', '837099404', '3637', '1972873350282392', '12-sep-2019', 'Y', 'BOS', 'CHI');
insert into Reservation values ('45615', '926032050', '2320', '9998392587030066', '9-nov-2018', 'N', 'CHI', 'LA');
insert into Reservation values ('31244', '606146638', '4116', '3349330705084461', '14-sep-2018', 'Y', 'LA', 'MIL');
insert into Reservation values ('62529', '996980473', '4874', '6325616236025479', '13-may-2018', 'Y', 'MIL', 'NY');
insert into Reservation values ('89155', '407787054', '3626', '5777477281588050', '2-sep-2018', 'Y', 'NY', 'PIT');
insert into Reservation values ('90858', '778411575', '2402', '9330742297149185', '22-jul-2016', 'Y', 'PIT', 'BOS');
insert into Reservation values ('80498', '651172956', '1461', '3199817852246489', '19-jun-2017', 'Y', 'BOS', 'CHI');
insert into Reservation values ('80172', '160158879', '133', '4097233102681832', '7-oct-2016', 'N', 'CHI', 'LA');
insert into Reservation values ('69875', '761786258', '2352', '7337290015479350', '12-dec-2017', 'N', 'LA', 'MIL');
insert into Reservation values ('53947', '173534432', '4660', '9624883472684103', '11-jan-2017', 'Y', 'MIL', 'NY');
insert into Reservation values ('68277', '610259839', '4885', '4227091991156385', '4-jul-2019', 'N', 'NY', 'PIT');
insert into Reservation values ('18037', '553538165', '3755', '3177633078722750', '10-jul-2017', 'Y', 'PIT', 'BOS');
insert into Reservation values ('39394', '174126485', '3764', '8456656087490867', '27-dec-2017', 'N', 'BOS', 'CHI');
insert into Reservation values ('71701', '765087753', '1366', '9249021689143176', '13-apr-2017', 'N', 'CHI', 'LA');
insert into Reservation values ('17075', '202536562', '1762', '5985961089806868', '27-mar-2019', 'Y', 'LA', 'MIL');
insert into Reservation values ('28596', '115402263', '1906', '6396090637759339', '7-mar-2019', 'Y', 'MIL', 'NY');
insert into Reservation values ('91801', '571924820', '3783', '4055164849075734', '2-jan-2017', 'N', 'NY', 'PIT');
insert into Reservation values ('31130', '728858629', '420', '2787619567513218', '21-may-2018', 'N', 'PIT', 'BOS');
insert into Reservation values ('10358', '227076815', '3193', '1506070211028955', '4-oct-2018', 'N', 'BOS', 'CHI');
insert into Reservation values ('67852', '705049256', '3484', '2645858876319110', '27-jul-2019', 'Y', 'CHI', 'LA');
insert into Reservation values ('72411', '935959676', '3107', '3694485869250710', '8-dec-2018', 'Y', 'LA', 'MIL');
insert into Reservation values ('33255', '875140489', '667', '9808520215423924', '11-sep-2017', 'N', 'MIL', 'NY');
insert into Reservation values ('59272', '369380718', '4258', '9095101478417823', '26-sep-2016', 'N', 'NY', 'PIT');
insert into Reservation values ('14573', '574045413', '84', '3832010035814239', '2-apr-2018', 'Y', 'PIT', 'BOS');
insert into Reservation values ('66393', '393202090', '3745', '3192866182962403', '9-sep-2018', 'N', 'BOS', 'CHI');
insert into Reservation values ('84883', '363446171', '4672', '5086864156019734', '8-nov-2019', 'N', 'CHI', 'LA');
insert into Reservation values ('44528', '173182071', '2515', '4008463379834750', '15-nov-2016', 'N', 'LA', 'MIL');
insert into Reservation values ('63448', '423241254', '4239', '9810414149191710', '18-dec-2016', 'Y', 'MIL', 'NY');
insert into Reservation values ('72633', '531570491', '2596', '2557101769325944', '2-may-2019', 'Y', 'NY', 'PIT');
insert into Reservation values ('91158', '961541339', '3392', '7028747116630853', '18-mar-2018', 'N', 'PIT', 'BOS');
insert into Reservation values ('28734', '508474932', '537', '5070410678826050', '8-dec-2019', 'N', 'BOS', 'CHI');
insert into Reservation values ('64562', '771784050', '3577', '2780765633051652', '17-jul-2019', 'Y', 'CHI', 'LA');
insert into Reservation values ('21803', '664129741', '3345', '4360940723126209', '24-aug-2016', 'Y', 'LA', 'MIL');
insert into Reservation values ('53456', '435284990', '1757', '6167818845086244', '19-aug-2017', 'N', 'MIL', 'NY');
insert into Reservation values ('78665', '443526359', '3328', '4102620719203806', '17-sep-2019', 'Y', 'NY', 'PIT');
insert into Reservation values ('31261', '643479200', '3120', '3301780078150761', '17-feb-2018', 'N', 'PIT', 'BOS');
insert into Reservation values ('16643', '742438628', '3250', '3302145140462259', '8-mar-2018', 'Y', 'BOS', 'CHI');
insert into Reservation values ('61147', '561977401', '1096', '6591557255485285', '2-oct-2019', 'N', 'CHI', 'LA');
insert into Reservation values ('55864', '313451387', '2897', '3602512229173346', '7-feb-2019', 'N', 'LA', 'MIL');
insert into Reservation values ('43079', '682053565', '3548', '6519830908092240', '15-oct-2019', 'Y', 'MIL', 'NY');
insert into Reservation values ('92872', '958977212', '1099', '7832827947640996', '25-nov-2019', 'Y', 'NY', 'PIT');
insert into Reservation values ('98437', '635752707', '1726', '3255244582070364', '16-jul-2019', 'Y', 'PIT', 'BOS');
insert into Reservation values ('69201', '523907280', '1509', '3569029861463507', '10-aug-2016', 'Y', 'BOS', 'CHI');
insert into Reservation values ('20873', '912292278', '1801', '3472063616026144', '7-jul-2016', 'Y', 'CHI', 'LA');
insert into Reservation values ('81325', '244447269', '1274', '6108828774219363', '11-apr-2019', 'Y', 'LA', 'MIL');
insert into Reservation values ('83095', '293826791', '466', '1262127475136640', '4-feb-2016', 'N', 'MIL', 'NY');
insert into Reservation values ('71649', '448599884', '258', '4815319226847686', '15-sep-2016', 'Y', 'NY', 'PIT');
insert into Reservation values ('87994', '795853349', '3724', '9992375572316807', '2-jan-2019', 'Y', 'PIT', 'BOS');
insert into Reservation values ('33938', '678586445', '582', '1246359069669842', '2-jul-2017', 'N', 'BOS', 'CHI');
insert into Reservation values ('58066', '172668101', '3950', '6630012560087278', '12-nov-2018', 'Y', 'CHI', 'LA');
insert into Reservation values ('94365', '945362990', '3993', '7103514219240563', '12-jun-2018', 'Y', 'LA', 'MIL');
insert into Reservation values ('67332', '554173614', '2189', '3326011391141625', '16-jul-2018', 'Y', 'MIL', 'NY');
insert into Reservation values ('21491', '310929020', '819', '3037415043860501', '1-mar-2016', 'N', 'NY', 'PIT');
insert into Reservation values ('26440', '505837933', '2870', '4774465812210873', '15-dec-2016', 'Y', 'PIT', 'BOS');
insert into Reservation values ('54555', '366943064', '2368', '6585806815033365', '23-jun-2018', 'N', 'BOS', 'CHI');
insert into Reservation values ('75062', '558493611', '2854', '2080487941657790', '12-mar-2016', 'N', 'CHI', 'LA');
insert into Reservation values ('99609', '797167468', '3831', '9198796435945275', '20-may-2019', 'N', 'LA', 'MIL');
insert into Reservation values ('68949', '558676190', '3406', '3107087270735263', '1-sep-2017', 'Y', 'MIL', 'NY');
insert into Reservation values ('74407', '733721803', '1210', '9836821994591810', '26-may-2016', 'N', 'NY', 'PIT');
insert into Reservation values ('17108', '564361706', '2340', '9512468766995690', '8-may-2019', 'Y', 'PIT', 'BOS');
insert into Reservation values ('84232', '665794140', '3006', '7376701573823490', '15-oct-2018', 'Y', 'BOS', 'CHI');
insert into Reservation values ('23443', '490642704', '929', '9830369477075932', '5-oct-2018', 'Y', 'CHI', 'LA');
insert into Reservation values ('71465', '360603460', '4911', '2900967593480585', '24-jul-2019', 'Y', 'LA', 'MIL');
insert into Reservation values ('89785', '728383041', '956', '4938577833367116', '6-jul-2017', 'Y', 'MIL', 'NY');
insert into Reservation values ('29496', '126753807', '1602', '6940672385084193', '10-oct-2019', 'Y', 'NY', 'PIT');
insert into Reservation values ('79246', '323484735', '4309', '5835319078512352', '28-oct-2019', 'N', 'PIT', 'BOS');
insert into Reservation values ('38122', '280314533', '2418', '5424138567603693', '4-feb-2016', 'Y', 'BOS', 'CHI');
insert into Reservation values ('76987', '391931294', '3282', '9937011316059257', '18-jan-2017', 'N', 'CHI', 'LA');
insert into Reservation values ('20476', '656005047', '3981', '1138038046170081', '18-sep-2017', 'Y', 'LA', 'MIL');
insert into Reservation values ('66779', '759157098', '1970', '1191962165954428', '18-dec-2017', 'N', 'MIL', 'NY');
insert into Reservation values ('60310', '407596568', '2234', '4341869385648457', '18-apr-2016', 'Y', 'NY', 'PIT');
insert into Reservation values ('62466', '880416789', '2248', '1909550545364448', '15-jul-2019', 'Y', 'PIT', 'BOS');
insert into Reservation values ('62257', '253963024', '1358', '3341245381473742', '16-jan-2017', 'Y', 'BOS', 'CHI');
insert into Reservation values ('51219', '536546108', '3897', '1172498981357624', '21-dec-2016', 'Y', 'CHI', 'LA');
insert into Reservation values ('45152', '171556048', '2833', '1854266569382789', '6-jul-2018', 'N', 'LA', 'MIL');
insert into Reservation values ('63956', '345674253', '1674', '9625614803867427', '25-apr-2016', 'N', 'MIL', 'NY');
insert into Reservation values ('95369', '814191225', '2064', '2795931535486866', '18-sep-2017', 'Y', 'NY', 'PIT');
insert into Reservation values ('28056', '836280003', '2291', '7271956564438688', '7-dec-2016', 'Y', 'PIT', 'BOS');
insert into Reservation values ('13624', '411935782', '4963', '8531521362973590', '27-mar-2016', 'Y', 'BOS', 'CHI');
insert into Reservation values ('25270', '368461215', '824', '2380943726171882', '4-sep-2018', 'Y', 'CHI', 'LA');
insert into Reservation values ('46818', '361197784', '2091', '5020399741927353', '19-jul-2016', 'N', 'LA', 'MIL');
insert into Reservation values ('15882', '981404068', '1725', '8713077579621969', '5-jul-2016', 'Y', 'MIL', 'NY');
insert into Reservation values ('91149', '667386828', '1780', '8410936356932247', '6-aug-2018', 'Y', 'NY', 'PIT');
insert into Reservation values ('47211', '257724479', '3670', '5389768487644962', '1-aug-2019', 'N', 'PIT', 'BOS');
insert into Reservation values ('90095', '430236873', '3673', '7235196474623473', '4-sep-2017', 'N', 'BOS', 'CHI');
insert into Reservation values ('30161', '797096411', '1200', '2849248706548888', '8-jul-2018', 'Y', 'CHI', 'LA');
insert into Reservation values ('69045', '673216845', '4885', '8126331166325520', '26-may-2019', 'N', 'LA', 'MIL');
insert into Reservation values ('22180', '640232263', '1580', '8677714749371453', '1-feb-2017', 'N', 'MIL', 'NY');
insert into Reservation values ('27747', '341811977', '3095', '9773468628927608', '9-feb-2018', 'N', 'NY', 'PIT');
insert into Reservation values ('27270', '314883101', '2973', '8732121892784993', '23-may-2017', 'Y', 'PIT', 'BOS');
insert into Reservation values ('28425', '420630604', '3031', '2672737994119159', '17-aug-2018', 'N', 'BOS', 'CHI');
insert into Reservation values ('81310', '606095081', '2065', '2398680880943128', '15-mar-2016', 'N', 'CHI', 'LA');
insert into Reservation values ('85324', '412082838', '2904', '1951682575067125', '24-apr-2017', 'N', 'LA', 'MIL');
insert into Reservation values ('85147', '395275029', '2392', '1661556891191826', '11-jul-2017', 'N', 'MIL', 'NY');
insert into Reservation values ('14556', '969419914', '4910', '7865529807813947', '17-feb-2019', 'N', 'NY', 'PIT');
insert into Reservation values ('62130', '102943459', '4796', '9650571839915412', '14-dec-2016', 'Y', 'PIT', 'BOS');
insert into Reservation values ('52251', '514989622', '3957', '3156280243507817', '14-feb-2019', 'Y', 'BOS', 'CHI');
insert into Reservation values ('39140', '587825334', '2431', '6060734472792880', '27-jan-2016', 'N', 'CHI', 'LA');
insert into Reservation values ('50541', '559659934', '1561', '8679987077660255', '26-oct-2018', 'Y', 'LA', 'MIL');
insert into Reservation values ('81360', '872109824', '979', '3617775508968876', '21-jun-2019', 'N', 'MIL', 'NY');
insert into Reservation values ('53936', '339414882', '2683', '5097914597535213', '23-nov-2016', 'N', 'NY', 'PIT');
insert into Reservation values ('31265', '139565228', '2147', '9318884093905501', '4-aug-2017', 'N', 'PIT', 'BOS');
insert into Reservation values ('88158', '570037965', '3853', '5679919596251217', '1-oct-2018', 'Y', 'BOS', 'CHI');
insert into Reservation values ('58656', '531367570', '3359', '5296843062047187', '3-apr-2018', 'Y', 'CHI', 'LA');
insert into Reservation values ('32537', '712486176', '1041', '9985607035724209', '7-may-2016', 'Y', 'LA', 'MIL');
insert into Reservation values ('93963', '855844607', '184', '7812819056659088', '19-may-2017', 'N', 'MIL', 'NY');
insert into Reservation values ('45935', '608613445', '4260', '3444112009811192', '1-dec-2016', 'N', 'NY', 'PIT');
insert into Reservation values ('88124', '326238493', '3853', '3994561632808226', '12-mar-2017', 'Y', 'PIT', 'BOS');
insert into Reservation values ('19378', '611280267', '1285', '4058809260356048', '1-jun-2017', 'N', 'BOS', 'CHI');
insert into Reservation values ('88345', '992160757', '4121', '1646793400110058', '1-oct-2017', 'Y', 'CHI', 'LA');
insert into Reservation values ('68039', '596085021', '2442', '3964808904777802', '16-jun-2016', 'N', 'LA', 'MIL');
insert into Reservation values ('31976', '358658770', '1084', '1864917700181961', '15-mar-2018', 'Y', 'MIL', 'NY');
insert into Reservation values ('55295', '481862574', '4455', '2567211029929240', '13-apr-2019', 'N', 'NY', 'PIT');
insert into Reservation values ('96324', '119947502', '1589', '3227609235674119', '28-mar-2016', 'N', 'PIT', 'BOS');
insert into Reservation values ('69481', '873748216', '2148', '1099383357182771', '18-apr-2016', 'N', 'BOS', 'CHI');
insert into Reservation values ('60820', '567623292', '4601', '4624021407930503', '23-oct-2018', 'Y', 'CHI', 'LA');
insert into Reservation values ('86897', '168766264', '3871', '5373937047191431', '17-nov-2018', 'N', 'LA', 'MIL');
insert into Reservation values ('46044', '784980399', '998', '6213207188424061', '13-aug-2017', 'N', 'MIL', 'NY');
insert into Reservation values ('26036', '704611253', '4362', '3937045339332282', '18-apr-2017', 'Y', 'NY', 'PIT');
insert into Reservation values ('12720', '853754678', '4281', '8117206260389536', '14-sep-2018', 'N', 'PIT', 'BOS');
insert into Reservation values ('55746', '834985612', '3822', '2211015738052496', '10-dec-2016', 'Y', 'BOS', 'CHI');
insert into Reservation values ('22937', '726593289', '3724', '7253426329386269', '8-nov-2017', 'Y', 'CHI', 'LA');
insert into Reservation values ('38276', '730907643', '1742', '8102167483337906', '18-apr-2019', 'N', 'LA', 'MIL');
insert into Reservation values ('35625', '134609875', '3528', '4618230150556196', '4-oct-2016', 'N', 'MIL', 'NY');
insert into Reservation values ('62963', '772035936', '2645', '7508291390904731', '21-nov-2017', 'N', 'NY', 'PIT');
insert into Reservation values ('16359', '803223317', '1436', '4682624490449141', '17-jun-2019', 'Y', 'PIT', 'BOS');
insert into Reservation values ('48837', '503653403', '334', '5810239797779195', '28-mar-2016', 'N', 'BOS', 'CHI');
insert into Reservation values ('27756', '612813372', '3231', '4834241100229844', '6-jun-2017', 'Y', 'CHI', 'LA');
insert into Reservation values ('12728', '797184721', '746', '1654159592403191', '2-jun-2019', 'N', 'LA', 'MIL');
insert into Reservation values ('73724', '920667241', '334', '2334471339694145', '7-sep-2017', 'N', 'MIL', 'NY');
insert into Reservation values ('69173', '380319140', '4819', '7267707829804234', '7-mar-2017', 'N', 'NY', 'PIT');
insert into Reservation values ('76566', '549690466', '1605', '9252717386030544', '26-mar-2018', 'Y', 'PIT', 'BOS');
insert into Reservation values ('24248', '214417537', '5', '9248957154008441', '13-aug-2017', 'Y', 'BOS', 'CHI');
insert into Reservation values ('60515', '363676792', '1372', '2992199914867045', '13-may-2019', 'Y', 'CHI', 'LA');
insert into Reservation values ('80705', '205984848', '1362', '4922854776348506', '16-feb-2016', 'Y', 'LA', 'MIL');
insert into Reservation values ('35930', '905651463', '1778', '7854467597785073', '14-aug-2019', 'Y', 'MIL', 'NY');
insert into Reservation values ('40562', '159714698', '4929', '3043315670925439', '27-jul-2019', 'Y', 'NY', 'PIT');
insert into Reservation values ('50220', '821809414', '17', '5130220863335901', '26-aug-2016', 'Y', 'PIT', 'BOS');
insert into Reservation values ('23926', '669862984', '4981', '5020800262300151', '3-may-2017', 'N', 'BOS', 'CHI');
insert into Reservation values ('49017', '752947812', '1573', '5919926162083666', '5-dec-2019', 'N', 'CHI', 'LA');
insert into Reservation values ('57902', '911675588', '1524', '5431166064496310', '21-may-2019', 'N', 'LA', 'MIL');
insert into Reservation values ('66858', '228713877', '2533', '5055853222108859', '26-dec-2018', 'N', 'MIL', 'NY');
insert into Reservation values ('98467', '325210936', '1367', '1036094183756925', '2-mar-2018', 'N', 'NY', 'PIT');
insert into Reservation values ('19323', '334512863', '1474', '4416883174800248', '22-jul-2016', 'N', 'PIT', 'BOS');
insert into Reservation values ('98464', '598017823', '4695', '7133782374346095', '6-may-2016', 'Y', 'BOS', 'CHI');
insert into Reservation values ('86898', '732690586', '442', '6423494566334195', '7-apr-2019', 'N', 'CHI', 'LA');
insert into Reservation values ('47384', '777857151', '2826', '7265749649487278', '26-dec-2017', 'N', 'LA', 'MIL');
insert into Reservation values ('15558', '745084148', '1320', '9786861688361484', '2-dec-2017', 'N', 'MIL', 'NY');
insert into Reservation values ('43059', '179937819', '579', '8000035447878976', '16-jun-2016', 'N', 'NY', 'PIT');
insert into Reservation values ('72785', '696137280', '3454', '4268331678749005', '2-mar-2018', 'N', 'PIT', 'BOS');
insert into Reservation values ('90128', '879718806', '1179', '8109177162535979', '3-oct-2017', 'Y', 'BOS', 'CHI');
insert into Reservation values ('88326', '988834271', '1345', '4385875272991147', '1-sep-2018', 'N', 'CHI', 'LA');
insert into Reservation values ('89050', '216853097', '1865', '5037533733478510', '16-mar-2017', 'Y', 'LA', 'MIL');
insert into Reservation values ('46202', '540172476', '4478', '2013694193252976', '23-dec-2018', 'N', 'MIL', 'NY');
insert into Reservation values ('16175', '136479779', '2236', '8922233062064459', '24-nov-2019', 'Y', 'NY', 'PIT');
insert into Reservation values ('77449', '512491364', '3322', '4824769145724916', '17-apr-2019', 'N', 'PIT', 'BOS');
insert into Reservation values ('41120', '276963606', '2001', '9135703583853476', '19-sep-2018', 'Y', 'BOS', 'CHI');
insert into Reservation values ('15356', '279843467', '2510', '3241582116480991', '16-dec-2019', 'Y', 'CHI', 'LA');
insert into Reservation values ('67553', '130081218', '2502', '9248036122782923', '25-may-2016', 'Y', 'LA', 'MIL');
insert into Reservation values ('66977', '467938087', '3948', '6837090770249415', '1-apr-2019', 'Y', 'MIL', 'NY');
insert into Reservation values ('57807', '880608596', '930', '7915903049633698', '3-jan-2019', 'N', 'NY', 'PIT');
insert into Reservation values ('56233', '635607555', '2540', '2334877643730485', '8-sep-2018', 'Y', 'PIT', 'BOS');


--Airline sample data

insert into Airline values ('001', 'United Airlines', 'UAL', 1931);
insert into Airline values ('002', 'Delta Airlines', 'DAL', 1931);
insert into Airline values ('003', 'American Airlines', 'AME', 1931);
insert into Airline values ('004', 'Northwest Airlines', 'NWA', 1931);
insert into Airline values ('005', 'Southwest Airlines', 'SWA', 1931);
insert into Airline values ('006', 'Fronteir Airlines', 'FAL', 1931);
insert into Airline values ('007', 'Malaysia Airlines', 'MAL', 1931);
insert into Airline values ('008', 'Emirates Airlines', 'EAL', 1931);
insert into Airline values ('009', 'Alaska Airlines', 'AAL', 1931);
insert into Airline values ('010', 'JetBlue', 'JTB', 1931);


--Plane sample data

insert into Plane values ('C00', 'Cessna', 208, '3-jun-2007', 2004, '001');
insert into Plane values ('C01', 'Cessna', 214, '14-sep-2002', 1995, '002');
insert into Plane values ('C02', 'Cessna', 147, '17-aug-2007', 1987, '003');
insert into Plane values ('C03', 'Cessna', 61, '21-apr-1990', 1996, '004');
insert into Plane values ('C04', 'Cessna', 178, '2-nov-1991', 1977, '005');
insert into Plane values ('C05', 'Cessna', 219, '3-mar-1995', 1970, '006');
insert into Plane values ('C06', 'Cessna', 141, '4-may-1989', 1989, '007');
insert into Plane values ('C07', 'Cessna', 146, '14-may-1994', 2009, '008');
insert into Plane values ('C08', 'Cessna', 94, '24-oct-1997', 1967, '009');
insert into Plane values ('C09', 'Cessna', 106, '23-apr-2003', 1975, '010');
insert into Plane values ('C010', 'Cessna', 187, '26-mar-1995', 1971, '001');
insert into Plane values ('C011', 'Cessna', 204, '1-may-1992', 1988, '002');
insert into Plane values ('C012', 'Cessna', 204, '26-oct-1994', 1994, '003');
insert into Plane values ('C013', 'Cessna', 181, '8-jun-2000', 1981, '004');
insert into Plane values ('C014', 'Cessna', 97, '12-may-1994', 1978, '005');
insert into Plane values ('C015', 'Cessna', 124, '19-jan-1997', 2001, '006');
insert into Plane values ('C016', 'Cessna', 108, '23-sep-1995', 1983, '007');
insert into Plane values ('C017', 'Cessna', 81, '4-jun-2004', 2002, '008');
insert into Plane values ('C018', 'Cessna', 51, '25-nov-2002', 2002, '009');
insert into Plane values ('C019', 'Cessna', 211, '19-oct-1987', 1966, '010');
insert into Plane values ('C020', 'Cessna', 102, '22-aug-1990', 1996, '001');
insert into Plane values ('C021', 'Cessna', 58, '12-mar-1995', 1965, '002');
insert into Plane values ('C022', 'Cessna', 78, '20-mar-2010', 1988, '003');
insert into Plane values ('C023', 'Cessna', 129, '15-jun-2005', 2008, '004');
insert into Plane values ('C024', 'Cessna', 227, '2-apr-2009', 2000, '005');
insert into Plane values ('C025', 'Cessna', 160, '25-nov-1986', 1973, '006');
insert into Plane values ('C026', 'Cessna', 208, '21-apr-1992', 1996, '007');
insert into Plane values ('C027', 'Cessna', 142, '15-jul-2005', 2001, '008');
insert into Plane values ('C028', 'Cessna', 89, '22-jan-2006', 1993, '009');
insert into Plane values ('C029', 'Cessna', 105, '9-jul-1988', 1999, '010');


--Flight sample data

insert into Flight values ('0', '001', 'C00', 'NY', 'PIT', '1493', '1797', 'SMTWTFS');
insert into Flight values ('1', '002', 'C01', 'PIT', 'BOS', '2300', '2633', 'SMTWTFS');
insert into Flight values ('2', '003', 'C02', 'BOS', 'CHI', '1098', '1425', 'SMTWTFS');
insert into Flight values ('3', '004', 'C03', 'CHI', 'LA', '1029', '1603', 'SMTWTFS');
insert into Flight values ('4', '005', 'C04', 'LA', 'MIL', '1004', '1246', 'SMTWTFS');
insert into Flight values ('5', '006', 'C05', 'MIL', 'NY', '1054', '1305', 'SMTWTFS');
insert into Flight values ('6', '007', 'C06', 'NY', 'PIT', '1164', '1520', 'SMTWTFS');
insert into Flight values ('7', '008', 'C07', 'PIT', 'BOS', '1095', '1277', 'SMTWTFS');
insert into Flight values ('8', '009', 'C08', 'BOS', 'CHI', '1994', '2296', 'SMTWTFS');
insert into Flight values ('9', '010', 'C09', 'CHI', 'LA', '765', '1365', 'SMTWTFS');
insert into Flight values ('10', '001', 'C010', 'LA', 'MIL', '1665', '1896', 'SMTWTFS');
insert into Flight values ('11', '002', 'C011', 'MIL', 'NY', '227', '919', 'SMTWTFS');
insert into Flight values ('12', '003', 'C012', 'NY', 'PIT', '606', '1048', 'SMTWTFS');
insert into Flight values ('13', '004', 'C013', 'PIT', 'BOS', '1422', '1548', 'SMTWTFS');
insert into Flight values ('14', '005', 'C014', 'BOS', 'CHI', '759', '1067', 'SMTWTFS');
insert into Flight values ('15', '006', 'C015', 'CHI', 'LA', '275', '1056', 'SMTWTFS');
insert into Flight values ('16', '007', 'C016', 'LA', 'MIL', '435', '1000', 'SMTWTFS');
insert into Flight values ('17', '008', 'C017', 'MIL', 'NY', '174', '349', 'SMTWTFS');
insert into Flight values ('18', '009', 'C018', 'NY', 'PIT', '630', '1260', 'SMTWTFS');
insert into Flight values ('19', '010', 'C019', 'PIT', 'BOS', '1686', '1965', 'SMTWTFS');
insert into Flight values ('20', '001', 'C020', 'BOS', 'CHI', '998', '1733', 'SMTWTFS');
insert into Flight values ('21', '002', 'C021', 'CHI', 'LA', '1279', '2005', 'SMTWTFS');
insert into Flight values ('22', '003', 'C022', 'LA', 'MIL', '1712', '2232', 'SMTWTFS');
insert into Flight values ('23', '004', 'C023', 'MIL', 'NY', '1510', '1837', 'SMTWTFS');
insert into Flight values ('24', '005', 'C024', 'NY', 'PIT', '1645', '2328', 'SMTWTFS');
insert into Flight values ('25', '006', 'C025', 'PIT', 'BOS', '2074', '2855', 'SMTWTFS');
insert into Flight values ('26', '007', 'C026', 'BOS', 'CHI', '1417', '1907', 'SMTWTFS');
insert into Flight values ('27', '008', 'C027', 'CHI', 'LA', '2226', '2627', 'SMTWTFS');
insert into Flight values ('28', '009', 'C028', 'LA', 'MIL', '339', '984', 'SMTWTFS');
insert into Flight values ('29', '010', 'C029', 'MIL', 'NY', '1548', '1887', 'SMTWTFS');
insert into Flight values ('30', '001', 'C00', 'NY', 'PIT', '1958', '2211', 'SMTWTFS');
insert into Flight values ('31', '002', 'C01', 'PIT', 'BOS', '443', '883', 'SMTWTFS');
insert into Flight values ('32', '003', 'C02', 'BOS', 'CHI', '303', '661', 'SMTWTFS');
insert into Flight values ('33', '004', 'C03', 'CHI', 'LA', '372', '750', 'SMTWTFS');
insert into Flight values ('34', '005', 'C04', 'LA', 'MIL', '314', '814', 'SMTWTFS');
insert into Flight values ('35', '006', 'C05', 'MIL', 'NY', '1852', '2571', 'SMTWTFS');
insert into Flight values ('36', '007', 'C06', 'NY', 'PIT', '1073', '1787', 'SMTWTFS');
insert into Flight values ('37', '008', 'C07', 'PIT', 'BOS', '1165', '1391', 'SMTWTFS');
insert into Flight values ('38', '009', 'C08', 'BOS', 'CHI', '1188', '1503', 'SMTWTFS');
insert into Flight values ('39', '010', 'C09', 'CHI', 'LA', '1515', '2151', 'SMTWTFS');
insert into Flight values ('40', '001', 'C010', 'LA', 'MIL', '1821', '1985', 'SMTWTFS');
insert into Flight values ('41', '002', 'C011', 'MIL', 'NY', '738', '1508', 'SMTWTFS');
insert into Flight values ('42', '003', 'C012', 'NY', 'PIT', '347', '932', 'SMTWTFS');
insert into Flight values ('43', '004', 'C013', 'PIT', 'BOS', '1148', '1361', 'SMTWTFS');
insert into Flight values ('44', '005', 'C014', 'BOS', 'CHI', '1127', '1626', 'SMTWTFS');
insert into Flight values ('45', '006', 'C015', 'CHI', 'LA', '739', '934', 'SMTWTFS');
insert into Flight values ('46', '007', 'C016', 'LA', 'MIL', '2182', '2553', 'SMTWTFS');
insert into Flight values ('47', '008', 'C017', 'MIL', 'NY', '1285', '1796', 'SMTWTFS');
insert into Flight values ('48', '009', 'C018', 'NY', 'PIT', '1680', '2056', 'SMTWTFS');
insert into Flight values ('49', '010', 'C019', 'PIT', 'BOS', '111', '701', 'SMTWTFS');
insert into Flight values ('50', '001', 'C020', 'BOS', 'CHI', '2143', '2447', 'SMTWTFS');
insert into Flight values ('51', '002', 'C021', 'CHI', 'LA', '2064', '2784', 'SMTWTFS');
insert into Flight values ('52', '003', 'C022', 'LA', 'MIL', '1996', '2738', 'SMTWTFS');
insert into Flight values ('53', '004', 'C023', 'MIL', 'NY', '1989', '2432', 'SMTWTFS');
insert into Flight values ('54', '005', 'C024', 'NY', 'PIT', '2302', '2431', 'SMTWTFS');
insert into Flight values ('55', '006', 'C025', 'PIT', 'BOS', '524', '1179', 'SMTWTFS');
insert into Flight values ('56', '007', 'C026', 'BOS', 'CHI', '1530', '2179', 'SMTWTFS');
insert into Flight values ('57', '008', 'C027', 'CHI', 'LA', '1980', '2231', 'SMTWTFS');
insert into Flight values ('58', '009', 'C028', 'LA', 'MIL', '287', '980', 'SMTWTFS');
insert into Flight values ('59', '010', 'C029', 'MIL', 'NY', '439', '1039', 'SMTWTFS');
insert into Flight values ('60', '001', 'C00', 'NY', 'PIT', '1771', '2094', 'SMTWTFS');
insert into Flight values ('61', '002', 'C01', 'PIT', 'BOS', '154', '328', 'SMTWTFS');
insert into Flight values ('62', '003', 'C02', 'BOS', 'CHI', '277', '619', 'SMTWTFS');
insert into Flight values ('63', '004', 'C03', 'CHI', 'LA', '148', '480', 'SMTWTFS');
insert into Flight values ('64', '005', 'C04', 'LA', 'MIL', '1717', '2454', 'SMTWTFS');
insert into Flight values ('65', '006', 'C05', 'MIL', 'NY', '2048', '2742', 'SMTWTFS');
insert into Flight values ('66', '007', 'C06', 'NY', 'PIT', '1530', '2054', 'SMTWTFS');
insert into Flight values ('67', '008', 'C07', 'PIT', 'BOS', '2159', '2847', 'SMTWTFS');
insert into Flight values ('68', '009', 'C08', 'BOS', 'CHI', '1817', '2334', 'SMTWTFS');
insert into Flight values ('69', '010', 'C09', 'CHI', 'LA', '879', '1636', 'SMTWTFS');
insert into Flight values ('70', '001', 'C010', 'LA', 'MIL', '1517', '1800', 'SMTWTFS');
insert into Flight values ('71', '002', 'C011', 'MIL', 'NY', '2273', '2861', 'SMTWTFS');
insert into Flight values ('72', '003', 'C012', 'NY', 'PIT', '2170', '2524', 'SMTWTFS');
insert into Flight values ('73', '004', 'C013', 'PIT', 'BOS', '1402', '1562', 'SMTWTFS');
insert into Flight values ('74', '005', 'C014', 'BOS', 'CHI', '1042', '1197', 'SMTWTFS');
insert into Flight values ('75', '006', 'C015', 'CHI', 'LA', '213', '677', 'SMTWTFS');
insert into Flight values ('76', '007', 'C016', 'LA', 'MIL', '1704', '2076', 'SMTWTFS');
insert into Flight values ('77', '008', 'C017', 'MIL', 'NY', '1681', '2365', 'SMTWTFS');
insert into Flight values ('78', '009', 'C018', 'NY', 'PIT', '2248', '2479', 'SMTWTFS');
insert into Flight values ('79', '010', 'C019', 'PIT', 'BOS', '431', '648', 'SMTWTFS');
insert into Flight values ('80', '001', 'C020', 'BOS', 'CHI', '1954', '2648', 'SMTWTFS');
insert into Flight values ('81', '002', 'C021', 'CHI', 'LA', '1717', '1913', 'SMTWTFS');
insert into Flight values ('82', '003', 'C022', 'LA', 'MIL', '2089', '2500', 'SMTWTFS');
insert into Flight values ('83', '004', 'C023', 'MIL', 'NY', '1556', '1863', 'SMTWTFS');
insert into Flight values ('84', '005', 'C024', 'NY', 'PIT', '558', '1138', 'SMTWTFS');
insert into Flight values ('85', '006', 'C025', 'PIT', 'BOS', '1932', '2088', 'SMTWTFS');
insert into Flight values ('86', '007', 'C026', 'BOS', 'CHI', '1968', '2284', 'SMTWTFS');
insert into Flight values ('87', '008', 'C027', 'CHI', 'LA', '1591', '1745', 'SMTWTFS');
insert into Flight values ('88', '009', 'C028', 'LA', 'MIL', '1699', '2393', 'SMTWTFS');
insert into Flight values ('89', '010', 'C029', 'MIL', 'NY', '2212', '2421', 'SMTWTFS');
insert into Flight values ('90', '001', 'C00', 'NY', 'PIT', '339', '698', 'SMTWTFS');
insert into Flight values ('91', '002', 'C01', 'PIT', 'BOS', '331', '1085', 'SMTWTFS');
insert into Flight values ('92', '003', 'C02', 'BOS', 'CHI', '1273', '1755', 'SMTWTFS');
insert into Flight values ('93', '004', 'C03', 'CHI', 'LA', '929', '1255', 'SMTWTFS');
insert into Flight values ('94', '005', 'C04', 'LA', 'MIL', '1491', '1963', 'SMTWTFS');
insert into Flight values ('95', '006', 'C05', 'MIL', 'NY', '2157', '2645', 'SMTWTFS');
insert into Flight values ('96', '007', 'C06', 'NY', 'PIT', '2311', '2772', 'SMTWTFS');
insert into Flight values ('97', '008', 'C07', 'PIT', 'BOS', '1612', '2269', 'SMTWTFS');
insert into Flight values ('98', '009', 'C08', 'BOS', 'CHI', '864', '1658', 'SMTWTFS');
insert into Flight values ('99', '010', 'C09', 'CHI', 'LA', '284', '632', 'SMTWTFS');


--Reservation Detail sample data

insert into Reservation_detail values ('26006', '0', '11-sep-2017', 1);
insert into Reservation_detail values ('68455', '1', '20-jun-2017', 1);
insert into Reservation_detail values ('12270', '2', '17-may-2017', 1);
insert into Reservation_detail values ('90509', '3', '23-feb-2017', 1);
insert into Reservation_detail values ('85122', '4', '25-mar-2017', 1);
insert into Reservation_detail values ('47801', '5', '23-oct-2017', 1);
insert into Reservation_detail values ('94119', '6', '16-jan-2017', 1);
insert into Reservation_detail values ('28229', '7', '19-apr-2017', 1);
insert into Reservation_detail values ('79135', '8', '9-feb-2017', 1);
insert into Reservation_detail values ('55012', '9', '4-jun-2017', 1);
insert into Reservation_detail values ('11209', '10', '24-jul-2017', 1);
insert into Reservation_detail values ('30908', '11', '21-aug-2017', 1);
insert into Reservation_detail values ('87346', '12', '8-oct-2017', 1);
insert into Reservation_detail values ('68977', '13', '21-jan-2017', 1);
insert into Reservation_detail values ('98697', '14', '19-mar-2017', 1);
insert into Reservation_detail values ('96907', '15', '5-feb-2017', 1);
insert into Reservation_detail values ('42294', '16', '21-may-2017', 1);
insert into Reservation_detail values ('60354', '17', '4-aug-2017', 1);
insert into Reservation_detail values ('27293', '18', '18-jan-2017', 1);
insert into Reservation_detail values ('39846', '19', '2-jun-2017', 1);
insert into Reservation_detail values ('74041', '20', '1-oct-2017', 1);
insert into Reservation_detail values ('31435', '21', '10-apr-2017', 1);
insert into Reservation_detail values ('49311', '22', '20-sep-2017', 1);
insert into Reservation_detail values ('27406', '23', '5-may-2017', 1);
insert into Reservation_detail values ('51721', '24', '22-mar-2017', 1);
insert into Reservation_detail values ('61066', '25', '27-nov-2017', 1);
insert into Reservation_detail values ('16162', '26', '4-dec-2017', 1);
insert into Reservation_detail values ('79179', '27', '8-aug-2017', 1);
insert into Reservation_detail values ('78827', '28', '20-dec-2017', 1);
insert into Reservation_detail values ('83811', '29', '3-jan-2017', 1);
insert into Reservation_detail values ('52760', '30', '11-jun-2017', 1);
insert into Reservation_detail values ('30786', '31', '18-sep-2017', 1);
insert into Reservation_detail values ('39253', '32', '19-oct-2017', 1);
insert into Reservation_detail values ('34450', '33', '8-jan-2017', 1);
insert into Reservation_detail values ('11325', '34', '13-aug-2017', 1);
insert into Reservation_detail values ('59742', '35', '15-sep-2017', 1);
insert into Reservation_detail values ('46308', '36', '14-jan-2017', 1);
insert into Reservation_detail values ('28728', '37', '15-jul-2017', 1);
insert into Reservation_detail values ('94072', '38', '6-jul-2017', 1);
insert into Reservation_detail values ('56378', '39', '28-oct-2017', 1);
insert into Reservation_detail values ('19299', '40', '3-jun-2017', 1);
insert into Reservation_detail values ('43323', '41', '5-nov-2017', 1);
insert into Reservation_detail values ('92387', '42', '4-nov-2017', 1);
insert into Reservation_detail values ('39243', '43', '14-aug-2017', 1);
insert into Reservation_detail values ('54993', '44', '16-jun-2017', 1);
insert into Reservation_detail values ('71972', '45', '18-oct-2017', 1);
insert into Reservation_detail values ('90745', '46', '12-dec-2017', 1);
insert into Reservation_detail values ('30505', '47', '19-dec-2017', 1);
insert into Reservation_detail values ('88071', '48', '23-aug-2017', 1);
insert into Reservation_detail values ('75864', '49', '17-sep-2017', 1);
insert into Reservation_detail values ('14195', '50', '5-jan-2017', 1);
insert into Reservation_detail values ('74331', '51', '27-sep-2017', 1);
insert into Reservation_detail values ('66380', '52', '28-dec-2017', 1);
insert into Reservation_detail values ('65216', '53', '22-nov-2017', 1);
insert into Reservation_detail values ('71428', '54', '23-may-2017', 1);
insert into Reservation_detail values ('85901', '55', '17-aug-2017', 1);
insert into Reservation_detail values ('18317', '56', '1-oct-2017', 1);
insert into Reservation_detail values ('93676', '57', '24-may-2017', 1);
insert into Reservation_detail values ('39091', '58', '4-may-2017', 1);
insert into Reservation_detail values ('55583', '59', '28-sep-2017', 1);
insert into Reservation_detail values ('20670', '60', '7-apr-2017', 1);
insert into Reservation_detail values ('58249', '61', '18-mar-2017', 1);
insert into Reservation_detail values ('10649', '62', '10-oct-2017', 1);
insert into Reservation_detail values ('13405', '63', '6-dec-2017', 1);
insert into Reservation_detail values ('74948', '64', '23-mar-2017', 1);
insert into Reservation_detail values ('48310', '65', '25-aug-2017', 1);
insert into Reservation_detail values ('79423', '66', '15-feb-2017', 1);
insert into Reservation_detail values ('12656', '67', '17-jun-2017', 1);
insert into Reservation_detail values ('93784', '68', '20-may-2017', 1);
insert into Reservation_detail values ('68656', '69', '3-apr-2017', 1);
insert into Reservation_detail values ('87846', '70', '28-jul-2017', 1);
insert into Reservation_detail values ('67746', '71', '18-may-2017', 1);
insert into Reservation_detail values ('28910', '72', '19-sep-2017', 1);
insert into Reservation_detail values ('41344', '73', '16-jun-2017', 1);
insert into Reservation_detail values ('38831', '74', '12-jul-2017', 1);
insert into Reservation_detail values ('80252', '75', '5-dec-2017', 1);
insert into Reservation_detail values ('56687', '76', '22-jul-2017', 1);
insert into Reservation_detail values ('84106', '77', '26-may-2017', 1);
insert into Reservation_detail values ('96291', '78', '26-jun-2017', 1);
insert into Reservation_detail values ('13912', '79', '3-dec-2017', 1);
insert into Reservation_detail values ('41153', '80', '28-oct-2017', 1);
insert into Reservation_detail values ('76693', '81', '28-apr-2017', 1);
insert into Reservation_detail values ('10489', '82', '17-nov-2017', 1);
insert into Reservation_detail values ('15342', '83', '24-nov-2017', 1);
insert into Reservation_detail values ('33909', '84', '12-feb-2017', 1);
insert into Reservation_detail values ('76718', '85', '18-feb-2017', 1);
insert into Reservation_detail values ('85176', '86', '3-jan-2017', 1);
insert into Reservation_detail values ('60162', '87', '1-jun-2017', 1);
insert into Reservation_detail values ('19906', '88', '21-mar-2017', 1);
insert into Reservation_detail values ('67659', '89', '3-oct-2017', 1);
insert into Reservation_detail values ('36685', '90', '2-sep-2017', 1);
insert into Reservation_detail values ('30535', '91', '17-feb-2017', 1);
insert into Reservation_detail values ('34263', '92', '15-aug-2017', 1);
insert into Reservation_detail values ('75544', '93', '14-apr-2017', 1);
insert into Reservation_detail values ('89809', '94', '20-feb-2017', 1);
insert into Reservation_detail values ('22775', '95', '15-nov-2017', 1);
insert into Reservation_detail values ('16170', '96', '1-apr-2017', 1);
insert into Reservation_detail values ('43222', '97', '15-nov-2017', 1);
insert into Reservation_detail values ('77127', '98', '6-may-2017', 1);
insert into Reservation_detail values ('83946', '99', '2-jan-2017', 1);
insert into Reservation_detail values ('20748', '0', '10-may-2017', 1);
insert into Reservation_detail values ('10393', '1', '10-dec-2017', 1);
insert into Reservation_detail values ('92606', '2', '26-apr-2017', 1);
insert into Reservation_detail values ('90431', '3', '25-nov-2017', 1);
insert into Reservation_detail values ('55050', '4', '13-oct-2017', 1);
insert into Reservation_detail values ('60560', '5', '12-jun-2017', 1);
insert into Reservation_detail values ('21935', '6', '5-dec-2017', 1);
insert into Reservation_detail values ('51435', '7', '21-jun-2017', 1);
insert into Reservation_detail values ('27049', '8', '5-feb-2017', 1);
insert into Reservation_detail values ('79166', '9', '25-oct-2017', 1);
insert into Reservation_detail values ('91341', '10', '17-sep-2017', 1);
insert into Reservation_detail values ('20771', '11', '17-nov-2017', 1);
insert into Reservation_detail values ('71345', '12', '18-feb-2017', 1);
insert into Reservation_detail values ('40032', '13', '24-feb-2017', 1);
insert into Reservation_detail values ('12972', '14', '17-oct-2017', 1);
insert into Reservation_detail values ('21613', '15', '20-dec-2017', 1);
insert into Reservation_detail values ('71886', '16', '2-aug-2017', 1);
insert into Reservation_detail values ('81492', '17', '4-jul-2017', 1);
insert into Reservation_detail values ('33535', '18', '5-oct-2017', 1);
insert into Reservation_detail values ('13761', '19', '15-jan-2017', 1);
insert into Reservation_detail values ('27806', '20', '9-jul-2017', 1);
insert into Reservation_detail values ('94804', '21', '23-dec-2017', 1);
insert into Reservation_detail values ('68604', '22', '23-sep-2017', 1);
insert into Reservation_detail values ('71839', '23', '1-mar-2017', 1);
insert into Reservation_detail values ('93909', '24', '18-jul-2017', 1);
insert into Reservation_detail values ('25939', '25', '26-jan-2017', 1);
insert into Reservation_detail values ('40360', '26', '11-jul-2017', 1);
insert into Reservation_detail values ('19928', '27', '18-oct-2017', 1);
insert into Reservation_detail values ('27278', '28', '1-mar-2017', 1);
insert into Reservation_detail values ('74855', '29', '12-sep-2017', 1);
insert into Reservation_detail values ('83755', '30', '12-may-2017', 1);
insert into Reservation_detail values ('12367', '31', '2-aug-2017', 1);
insert into Reservation_detail values ('47407', '32', '22-nov-2017', 1);
insert into Reservation_detail values ('60061', '33', '10-may-2017', 1);
insert into Reservation_detail values ('32796', '34', '1-sep-2017', 1);
insert into Reservation_detail values ('29820', '35', '14-jul-2017', 1);
insert into Reservation_detail values ('73191', '36', '20-nov-2017', 1);
insert into Reservation_detail values ('46953', '37', '19-oct-2017', 1);
insert into Reservation_detail values ('96837', '38', '5-mar-2017', 1);
insert into Reservation_detail values ('74530', '39', '15-jul-2017', 1);
insert into Reservation_detail values ('63415', '40', '19-aug-2017', 1);
insert into Reservation_detail values ('79591', '41', '28-may-2017', 1);
insert into Reservation_detail values ('24745', '42', '22-jul-2017', 1);
insert into Reservation_detail values ('57068', '43', '5-apr-2017', 1);
insert into Reservation_detail values ('28705', '44', '16-jul-2017', 1);
insert into Reservation_detail values ('82954', '45', '18-apr-2017', 1);
insert into Reservation_detail values ('88484', '46', '13-mar-2017', 1);
insert into Reservation_detail values ('58516', '47', '2-may-2017', 1);
insert into Reservation_detail values ('89551', '48', '17-aug-2017', 1);
insert into Reservation_detail values ('80241', '49', '11-mar-2017', 1);
insert into Reservation_detail values ('31661', '50', '1-apr-2017', 1);
insert into Reservation_detail values ('11810', '51', '20-aug-2017', 1);
insert into Reservation_detail values ('45434', '52', '17-oct-2017', 1);
insert into Reservation_detail values ('11762', '53', '8-jun-2017', 1);
insert into Reservation_detail values ('51445', '54', '4-nov-2017', 1);
insert into Reservation_detail values ('55459', '55', '3-may-2017', 1);
insert into Reservation_detail values ('55211', '56', '9-apr-2017', 1);
insert into Reservation_detail values ('90987', '57', '4-mar-2017', 1);
insert into Reservation_detail values ('75501', '58', '5-apr-2017', 1);
insert into Reservation_detail values ('37235', '59', '21-jul-2017', 1);
insert into Reservation_detail values ('35405', '60', '7-aug-2017', 1);
insert into Reservation_detail values ('61361', '61', '5-may-2017', 1);
insert into Reservation_detail values ('20532', '62', '7-jul-2017', 1);
insert into Reservation_detail values ('67615', '63', '28-jan-2017', 1);
insert into Reservation_detail values ('32191', '64', '28-sep-2017', 1);
insert into Reservation_detail values ('59682', '65', '24-jan-2017', 1);
insert into Reservation_detail values ('46386', '66', '20-oct-2017', 1);
insert into Reservation_detail values ('99992', '67', '28-mar-2017', 1);
insert into Reservation_detail values ('57840', '68', '5-dec-2017', 1);
insert into Reservation_detail values ('91539', '69', '2-apr-2017', 1);
insert into Reservation_detail values ('15592', '70', '21-jun-2017', 1);
insert into Reservation_detail values ('54014', '71', '27-dec-2017', 1);
insert into Reservation_detail values ('30715', '72', '5-feb-2017', 1);
insert into Reservation_detail values ('85234', '73', '5-jan-2017', 1);
insert into Reservation_detail values ('33969', '74', '11-aug-2017', 1);
insert into Reservation_detail values ('12671', '75', '18-may-2017', 1);
insert into Reservation_detail values ('73310', '76', '16-may-2017', 1);
insert into Reservation_detail values ('61539', '77', '26-nov-2017', 1);
insert into Reservation_detail values ('28822', '78', '4-feb-2017', 1);
insert into Reservation_detail values ('73839', '79', '24-mar-2017', 1);
insert into Reservation_detail values ('27972', '80', '1-jun-2017', 1);
insert into Reservation_detail values ('62729', '81', '27-feb-2017', 1);
insert into Reservation_detail values ('50107', '82', '14-dec-2017', 1);
insert into Reservation_detail values ('27642', '83', '9-jun-2017', 1);
insert into Reservation_detail values ('77927', '84', '20-sep-2017', 1);
insert into Reservation_detail values ('93858', '85', '15-jan-2017', 1);
insert into Reservation_detail values ('37170', '86', '16-aug-2017', 1);
insert into Reservation_detail values ('33507', '87', '18-nov-2017', 1);
insert into Reservation_detail values ('27551', '88', '12-jan-2017', 1);
insert into Reservation_detail values ('45615', '89', '21-nov-2017', 1);
insert into Reservation_detail values ('31244', '90', '22-jan-2017', 1);
insert into Reservation_detail values ('62529', '91', '16-aug-2017', 1);
insert into Reservation_detail values ('89155', '92', '17-aug-2017', 1);
insert into Reservation_detail values ('90858', '93', '24-jun-2017', 1);
insert into Reservation_detail values ('80498', '94', '7-jan-2017', 1);
insert into Reservation_detail values ('80172', '95', '22-may-2017', 1);
insert into Reservation_detail values ('69875', '96', '5-may-2017', 1);
insert into Reservation_detail values ('53947', '97', '13-may-2017', 1);
insert into Reservation_detail values ('68277', '98', '18-jun-2017', 1);
insert into Reservation_detail values ('18037', '99', '21-apr-2017', 1);
insert into Reservation_detail values ('39394', '0', '23-feb-2017', 1);
insert into Reservation_detail values ('71701', '1', '19-aug-2017', 1);
insert into Reservation_detail values ('17075', '2', '16-mar-2017', 1);
insert into Reservation_detail values ('28596', '3', '4-oct-2017', 1);
insert into Reservation_detail values ('91801', '4', '16-feb-2017', 1);
insert into Reservation_detail values ('31130', '5', '21-nov-2017', 1);
insert into Reservation_detail values ('10358', '6', '18-feb-2017', 1);
insert into Reservation_detail values ('67852', '7', '1-aug-2017', 1);
insert into Reservation_detail values ('72411', '8', '24-apr-2017', 1);
insert into Reservation_detail values ('33255', '9', '4-sep-2017', 1);
insert into Reservation_detail values ('59272', '10', '8-oct-2017', 1);
insert into Reservation_detail values ('14573', '11', '27-apr-2017', 1);
insert into Reservation_detail values ('66393', '12', '2-nov-2017', 1);
insert into Reservation_detail values ('84883', '13', '25-apr-2017', 1);
insert into Reservation_detail values ('44528', '14', '3-jun-2017', 1);
insert into Reservation_detail values ('63448', '15', '15-aug-2017', 1);
insert into Reservation_detail values ('72633', '16', '20-may-2017', 1);
insert into Reservation_detail values ('91158', '17', '24-mar-2017', 1);
insert into Reservation_detail values ('28734', '18', '16-dec-2017', 1);
insert into Reservation_detail values ('64562', '19', '18-aug-2017', 1);
insert into Reservation_detail values ('21803', '20', '14-jun-2017', 1);
insert into Reservation_detail values ('53456', '21', '10-jul-2017', 1);
insert into Reservation_detail values ('78665', '22', '2-apr-2017', 1);
insert into Reservation_detail values ('31261', '23', '18-jul-2017', 1);
insert into Reservation_detail values ('16643', '24', '17-dec-2017', 1);
insert into Reservation_detail values ('61147', '25', '7-sep-2017', 1);
insert into Reservation_detail values ('55864', '26', '24-jul-2017', 1);
insert into Reservation_detail values ('43079', '27', '8-may-2017', 1);
insert into Reservation_detail values ('92872', '28', '25-jan-2017', 1);
insert into Reservation_detail values ('98437', '29', '3-mar-2017', 1);
insert into Reservation_detail values ('69201', '30', '15-jul-2017', 1);
insert into Reservation_detail values ('20873', '31', '22-oct-2017', 1);
insert into Reservation_detail values ('81325', '32', '12-aug-2017', 1);
insert into Reservation_detail values ('83095', '33', '28-may-2017', 1);
insert into Reservation_detail values ('71649', '34', '23-apr-2017', 1);
insert into Reservation_detail values ('87994', '35', '3-oct-2017', 1);
insert into Reservation_detail values ('33938', '36', '20-nov-2017', 1);
insert into Reservation_detail values ('58066', '37', '4-jul-2017', 1);
insert into Reservation_detail values ('94365', '38', '23-may-2017', 1);
insert into Reservation_detail values ('67332', '39', '23-aug-2017', 1);
insert into Reservation_detail values ('21491', '40', '18-dec-2017', 1);
insert into Reservation_detail values ('26440', '41', '24-may-2017', 1);
insert into Reservation_detail values ('54555', '42', '4-feb-2017', 1);
insert into Reservation_detail values ('75062', '43', '13-dec-2017', 1);
insert into Reservation_detail values ('99609', '44', '19-nov-2017', 1);
insert into Reservation_detail values ('68949', '45', '7-jan-2017', 1);
insert into Reservation_detail values ('74407', '46', '10-dec-2017', 1);
insert into Reservation_detail values ('17108', '47', '22-dec-2017', 1);
insert into Reservation_detail values ('84232', '48', '5-oct-2017', 1);
insert into Reservation_detail values ('23443', '49', '23-nov-2017', 1);
insert into Reservation_detail values ('71465', '50', '25-jan-2017', 1);
insert into Reservation_detail values ('89785', '51', '6-aug-2017', 1);
insert into Reservation_detail values ('29496', '52', '8-feb-2017', 1);
insert into Reservation_detail values ('79246', '53', '8-jan-2017', 1);
insert into Reservation_detail values ('38122', '54', '25-may-2017', 1);
insert into Reservation_detail values ('76987', '55', '4-oct-2017', 1);
insert into Reservation_detail values ('20476', '56', '27-jun-2017', 1);
insert into Reservation_detail values ('66779', '57', '15-may-2017', 1);
insert into Reservation_detail values ('60310', '58', '12-apr-2017', 1);
insert into Reservation_detail values ('62466', '59', '28-nov-2017', 1);
insert into Reservation_detail values ('62257', '60', '10-jun-2017', 1);
insert into Reservation_detail values ('51219', '61', '28-jun-2017', 1);
insert into Reservation_detail values ('45152', '62', '4-jan-2017', 1);
insert into Reservation_detail values ('63956', '63', '12-feb-2017', 1);
insert into Reservation_detail values ('95369', '64', '15-mar-2017', 1);
insert into Reservation_detail values ('28056', '65', '12-mar-2017', 1);
insert into Reservation_detail values ('13624', '66', '6-apr-2017', 1);
insert into Reservation_detail values ('25270', '67', '8-sep-2017', 1);
insert into Reservation_detail values ('46818', '68', '3-jul-2017', 1);
insert into Reservation_detail values ('15882', '69', '1-oct-2017', 1);
insert into Reservation_detail values ('91149', '70', '26-feb-2017', 1);
insert into Reservation_detail values ('47211', '71', '19-mar-2017', 1);
insert into Reservation_detail values ('90095', '72', '21-sep-2017', 1);
insert into Reservation_detail values ('30161', '73', '21-jul-2017', 1);
insert into Reservation_detail values ('69045', '74', '23-sep-2017', 1);
insert into Reservation_detail values ('22180', '75', '8-jan-2017', 1);
insert into Reservation_detail values ('27747', '76', '5-dec-2017', 1);
insert into Reservation_detail values ('27270', '77', '22-aug-2017', 1);
insert into Reservation_detail values ('28425', '78', '25-jan-2017', 1);
insert into Reservation_detail values ('81310', '79', '3-mar-2017', 1);
insert into Reservation_detail values ('85324', '80', '12-jun-2017', 1);
insert into Reservation_detail values ('85147', '81', '1-jan-2017', 1);
insert into Reservation_detail values ('14556', '82', '27-oct-2017', 1);
insert into Reservation_detail values ('62130', '83', '26-jun-2017', 1);
insert into Reservation_detail values ('52251', '84', '21-jul-2017', 1);
insert into Reservation_detail values ('39140', '85', '1-jul-2017', 1);
insert into Reservation_detail values ('50541', '86', '6-feb-2017', 1);
insert into Reservation_detail values ('81360', '87', '1-sep-2017', 1);
insert into Reservation_detail values ('53936', '88', '9-feb-2017', 1);
insert into Reservation_detail values ('31265', '89', '23-aug-2017', 1);
insert into Reservation_detail values ('88158', '90', '4-jul-2017', 1);
insert into Reservation_detail values ('58656', '91', '19-feb-2017', 1);
insert into Reservation_detail values ('32537', '92', '5-jan-2017', 1);
insert into Reservation_detail values ('93963', '93', '8-aug-2017', 1);
insert into Reservation_detail values ('45935', '94', '16-jan-2017', 1);
insert into Reservation_detail values ('88124', '95', '3-jun-2017', 1);
insert into Reservation_detail values ('19378', '96', '7-sep-2017', 1);
insert into Reservation_detail values ('88345', '97', '12-oct-2017', 1);
insert into Reservation_detail values ('68039', '98', '9-jan-2017', 1);
insert into Reservation_detail values ('31976', '99', '16-jul-2017', 1);
insert into Reservation_detail values ('55295', '0', '11-dec-2017', 1);
insert into Reservation_detail values ('96324', '1', '8-oct-2017', 1);
insert into Reservation_detail values ('69481', '2', '27-feb-2017', 1);
insert into Reservation_detail values ('60820', '3', '6-sep-2017', 1);
insert into Reservation_detail values ('86897', '4', '18-sep-2017', 1);
insert into Reservation_detail values ('46044', '5', '27-feb-2017', 1);
insert into Reservation_detail values ('26036', '6', '28-nov-2017', 1);
insert into Reservation_detail values ('12720', '7', '14-sep-2017', 1);
insert into Reservation_detail values ('55746', '8', '2-jan-2017', 1);
insert into Reservation_detail values ('22937', '9', '5-sep-2017', 1);
insert into Reservation_detail values ('38276', '10', '16-may-2017', 1);
insert into Reservation_detail values ('35625', '11', '24-aug-2017', 1);
insert into Reservation_detail values ('62963', '12', '13-sep-2017', 1);
insert into Reservation_detail values ('16359', '13', '14-mar-2017', 1);
insert into Reservation_detail values ('48837', '14', '15-jun-2017', 1);
insert into Reservation_detail values ('27756', '15', '7-jun-2017', 1);
insert into Reservation_detail values ('12728', '16', '24-oct-2017', 1);
insert into Reservation_detail values ('73724', '17', '7-nov-2017', 1);
insert into Reservation_detail values ('69173', '18', '27-dec-2017', 1);
insert into Reservation_detail values ('76566', '19', '12-aug-2017', 1);
insert into Reservation_detail values ('24248', '20', '12-apr-2017', 1);
insert into Reservation_detail values ('60515', '21', '20-aug-2017', 1);
insert into Reservation_detail values ('80705', '22', '4-may-2017', 1);
insert into Reservation_detail values ('35930', '23', '11-jul-2017', 1);
insert into Reservation_detail values ('40562', '24', '13-feb-2017', 1);
insert into Reservation_detail values ('50220', '25', '13-nov-2017', 1);
insert into Reservation_detail values ('23926', '26', '2-oct-2017', 1);
insert into Reservation_detail values ('49017', '27', '2-apr-2017', 1);
insert into Reservation_detail values ('57902', '28', '21-jul-2017', 1);
insert into Reservation_detail values ('66858', '29', '19-mar-2017', 1);
insert into Reservation_detail values ('98467', '30', '24-mar-2017', 1);
insert into Reservation_detail values ('19323', '31', '26-sep-2017', 1);
insert into Reservation_detail values ('98464', '32', '13-jun-2017', 1);
insert into Reservation_detail values ('86898', '33', '14-jun-2017', 1);
insert into Reservation_detail values ('47384', '34', '22-nov-2017', 1);
insert into Reservation_detail values ('15558', '35', '9-sep-2017', 1);
insert into Reservation_detail values ('43059', '36', '12-sep-2017', 1);
insert into Reservation_detail values ('72785', '37', '11-jul-2017', 1);
insert into Reservation_detail values ('90128', '38', '27-jun-2017', 1);
insert into Reservation_detail values ('88326', '39', '1-mar-2017', 1);
insert into Reservation_detail values ('89050', '40', '12-jul-2017', 1);
insert into Reservation_detail values ('46202', '41', '17-may-2017', 1);
insert into Reservation_detail values ('16175', '42', '8-nov-2017', 1);
insert into Reservation_detail values ('77449', '43', '25-mar-2017', 1);
insert into Reservation_detail values ('41120', '44', '4-aug-2017', 1);
insert into Reservation_detail values ('15356', '45', '24-dec-2017', 1);
insert into Reservation_detail values ('67553', '46', '15-jan-2017', 1);
insert into Reservation_detail values ('66977', '47', '8-dec-2017', 1);
insert into Reservation_detail values ('57807', '48', '25-oct-2017', 1);
insert into Reservation_detail values ('56233', '49', '4-apr-2017', 1);


--Price sample data

insert into Price values ('NY', 'PIT', '001', 527, 263);
insert into Price values ('PIT', 'BOS', '002', 493, 246);
insert into Price values ('BOS', 'CHI', '003', 552, 276);
insert into Price values ('CHI', 'LA', '004', 655, 327);
insert into Price values ('LA', 'NY', '005', 857, 428);
