--Customer sample data

insert into Customer values ('180064389','Mr','Jim','Johnson', '5243910855264779','1-sep-2017','Main', 'Pittsburgh', 'PA', '8610287015', 'Jim.Johnson@gmail.com', NULL);
insert into Customer values ('953061911','Mrs','John','Smith', '6803434554006523','1-sep-2018','Church', 'New York', 'NY', '3257761757', 'John.Smith@gmail.com', NULL);
insert into Customer values ('574251045','Ms','Janet','Jones', '7139547028272756','1-sep-2019','Washington', 'Boston', 'MA', '1551151191', 'Janet.Jones@gmail.com', NULL);
insert into Customer values ('873879802','Mr','Greg','Hardy', '4492628614294329','1-sep-2017','Jefferson', 'Chicago', 'IL', '6581341562', 'Greg.Hardy@gmail.com', NULL);
insert into Customer values ('965011240','Mrs','James','Ward', '1340266970525785','1-sep-2018','Fifth', 'Pittsburgh', 'PA', '6962427028', 'James.Ward@gmail.com', NULL);
insert into Customer values ('883013832','Ms','Bill','Johnston', '2544872097029614','1-sep-2019','Forbes', 'New York', 'NY', '6777563196', 'Bill.Johnston@gmail.com', NULL);
insert into Customer values ('463407693','Mr','William','Sullivan', '9214637634243383','1-sep-2017','Main', 'Boston', 'MA', '3373048407', 'William.Sullivan@gmail.com', NULL);
insert into Customer values ('706956961','Mrs','Albert','Crosby', '9646338331724057','1-sep-2018','Church', 'Chicago', 'IL', '5070015504', 'Albert.Crosby@gmail.com', NULL);
insert into Customer values ('990561478','Ms','Jacob','Malkin', '8730870105806244','1-sep-2019','Washington', 'Pittsburgh', 'PA', '6671058656', 'Jacob.Malkin@gmail.com', NULL);
insert into Customer values ('554120538','Mr','Marge','Peters', '1711641049672988','1-sep-2017','Jefferson', 'New York', 'NY', '2251048634', 'Marge.Peters@gmail.com', NULL);
insert into Customer values ('445455176','Mrs','Anita','Palmer', '8078763687138955','1-sep-2018','Fifth', 'Boston', 'MA', '6700906745', 'Anita.Palmer@gmail.com', NULL);
insert into Customer values ('435659356','Ms','Rachel','Woods', '7541973104170685','1-sep-2019','Forbes', 'Chicago', 'IL', '2621981151', 'Rachel.Woods@gmail.com', NULL);
insert into Customer values ('358719762','Mr','Ashley','Nicholson', '6986621192725753','1-sep-2017','Main', 'Pittsburgh', 'PA', '8046562567', 'Ashley.Nicholson@gmail.com', NULL);
insert into Customer values ('988140908','Mrs','Tammy','Bates', '9819644495082972','1-sep-2018','Church', 'New York', 'NY', '6502715655', 'Tammy.Bates@gmail.com', NULL);
insert into Customer values ('831076518','Ms','Paul','Williams', '5979073349727561','1-sep-2019','Washington', 'Boston', 'MA', '4642318803', 'Paul.Williams@gmail.com', NULL);
insert into Customer values ('206613312','Mr','Justin','Taylor', '4018366030224145','1-sep-2017','Jefferson', 'Chicago', 'IL', '6775898877', 'Justin.Taylor@gmail.com', NULL);
insert into Customer values ('158150359','Mrs','Frank','Burns', '1679742431820785','1-sep-2018','Fifth', 'Pittsburgh', 'PA', '5631397630', 'Frank.Burns@gmail.com', NULL);
insert into Customer values ('612519991','Ms','Eric','Brown', '7284322048000154','1-sep-2019','Forbes', 'New York', 'NY', '7762046670', 'Eric.Brown@gmail.com', NULL);
insert into Customer values ('874079787','Mr','Bryce','Miller', '8853773253858587','1-sep-2017','Main', 'Boston', 'MA', '3085099071', 'Bryce.Miller@gmail.com', NULL);
insert into Customer values ('286289666','Mrs','Adam','Davis', '8584530934244285','1-sep-2018','Church', 'Chicago', 'IL', '1793228786', 'Adam.Davis@gmail.com', NULL);
insert into Customer values ('539635952','Ms','Jenna','Jackson', '7258453654106159','1-sep-2019','Washington', 'Pittsburgh', 'PA', '3922956258', 'Jenna.Jackson@gmail.com', NULL);
insert into Customer values ('153462887','Mr','Abby','Thompson', '9928344591544379','1-sep-2017','Jefferson', 'New York', 'NY', '5363355570', 'Abby.Thompson@gmail.com', NULL);
insert into Customer values ('658873073','Mrs','Jesse','Johnson', '5901016122751424','1-sep-2018','Fifth', 'Boston', 'MA', '6691004119', 'Jesse.Johnson@gmail.com', NULL);
insert into Customer values ('771477022','Ms','Jessica','Smith', '7093271667203092','1-sep-2019','Forbes', 'Chicago', 'IL', '8098973259', 'Jessica.Smith@gmail.com', NULL);
insert into Customer values ('445817389','Mr','Allison','Jones', '9821380673913790','1-sep-2017','Main', 'Pittsburgh', 'PA', '2627383729', 'Allison.Jones@gmail.com', NULL);
insert into Customer values ('135663338','Mrs','Ally','Hardy', '1709231715392547','1-sep-2018','Church', 'New York', 'NY', '5972094862', 'Ally.Hardy@gmail.com', NULL);
insert into Customer values ('551367201','Ms','Lauren','Ward', '1811013265034092','1-sep-2019','Washington', 'Boston', 'MA', '8822498050', 'Lauren.Ward@gmail.com', NULL);
insert into Customer values ('739805667','Mr','Lindsay','Johnston', '2973906660600581','1-sep-2017','Jefferson', 'Chicago', 'IL', '3590087037', 'Lindsay.Johnston@gmail.com', NULL);
insert into Customer values ('891173872','Mrs','Jim','Sullivan', '9067462413364498','1-sep-2018','Fifth', 'Pittsburgh', 'PA', '8501972516', 'Jim.Sullivan@gmail.com', NULL);
insert into Customer values ('204121367','Ms','John','Crosby', '6659223646967116','1-sep-2019','Forbes', 'New York', 'NY', '4485519209', 'John.Crosby@gmail.com', NULL);
insert into Customer values ('863034733','Mr','Janet','Malkin', '3266633383110674','1-sep-2017','Main', 'Boston', 'MA', '4075573224', 'Janet.Malkin@gmail.com', NULL);
insert into Customer values ('886394889','Mrs','Greg','Peters', '6116541173487844','1-sep-2018','Church', 'Chicago', 'IL', '5375769776', 'Greg.Peters@gmail.com', NULL);
insert into Customer values ('681346590','Ms','James','Palmer', '4350835649203698','1-sep-2019','Washington', 'Pittsburgh', 'PA', '7365182393', 'James.Palmer@gmail.com', NULL);
insert into Customer values ('841574910','Mr','Bill','Woods', '9725441881636423','1-sep-2017','Jefferson', 'New York', 'NY', '3256199609', 'Bill.Woods@gmail.com', NULL);
insert into Customer values ('432001784','Mrs','William','Nicholson', '3535693135318104','1-sep-2018','Fifth', 'Boston', 'MA', '6390105900', 'William.Nicholson@gmail.com', NULL);
insert into Customer values ('229194798','Ms','Albert','Bates', '6015007460056598','1-sep-2019','Forbes', 'Chicago', 'IL', '4204701990', 'Albert.Bates@gmail.com', NULL);
insert into Customer values ('113245440','Mr','Jacob','Williams', '6426839511058676','1-sep-2017','Main', 'Pittsburgh', 'PA', '2270995382', 'Jacob.Williams@gmail.com', NULL);
insert into Customer values ('459823068','Mrs','Marge','Taylor', '5015757699490470','1-sep-2018','Church', 'New York', 'NY', '3495011010', 'Marge.Taylor@gmail.com', NULL);
insert into Customer values ('803479844','Ms','Anita','Burns', '1257868801393423','1-sep-2019','Washington', 'Boston', 'MA', '7956423927', 'Anita.Burns@gmail.com', NULL);
insert into Customer values ('160896017','Mr','Rachel','Brown', '2892350066517627','1-sep-2017','Jefferson', 'Chicago', 'IL', '8733281729', 'Rachel.Brown@gmail.com', NULL);
insert into Customer values ('960570680','Mrs','Ashley','Miller', '7003921153025882','1-sep-2018','Fifth', 'Pittsburgh', 'PA', '9980272125', 'Ashley.Miller@gmail.com', NULL);
insert into Customer values ('322504599','Ms','Tammy','Davis', '3007649252054286','1-sep-2019','Forbes', 'New York', 'NY', '2792407524', 'Tammy.Davis@gmail.com', NULL);
insert into Customer values ('384852053','Mr','Paul','Jackson', '1950371318214233','1-sep-2017','Main', 'Boston', 'MA', '7886943164', 'Paul.Jackson@gmail.com', NULL);
insert into Customer values ('920896041','Mrs','Justin','Thompson', '1983542662763699','1-sep-2018','Church', 'Chicago', 'IL', '2440462089', 'Justin.Thompson@gmail.com', NULL);
insert into Customer values ('941851465','Ms','Frank','Johnson', '5546802225084520','1-sep-2019','Washington', 'Pittsburgh', 'PA', '6104598074', 'Frank.Johnson@gmail.com', NULL);
insert into Customer values ('912284922','Mr','Eric','Smith', '7018945202886494','1-sep-2017','Jefferson', 'New York', 'NY', '1466811475', 'Eric.Smith@gmail.com', NULL);
insert into Customer values ('774588877','Mrs','Bryce','Jones', '1383607407867780','1-sep-2018','Fifth', 'Boston', 'MA', '5092293669', 'Bryce.Jones@gmail.com', NULL);
insert into Customer values ('115413173','Ms','Adam','Hardy', '9075171064640124','1-sep-2019','Forbes', 'Chicago', 'IL', '4312595910', 'Adam.Hardy@gmail.com', NULL);
insert into Customer values ('268175826','Mr','Jenna','Ward', '7357449390734488','1-sep-2017','Main', 'Pittsburgh', 'PA', '8930034783', 'Jenna.Ward@gmail.com', NULL);
insert into Customer values ('466967109','Mrs','Abby','Johnston', '4929236620354557','1-sep-2018','Church', 'New York', 'NY', '8633583733', 'Abby.Johnston@gmail.com', NULL);
insert into Customer values ('527003895','Ms','Jesse','Sullivan', '4408896438919738','1-sep-2019','Washington', 'Boston', 'MA', '3904992714', 'Jesse.Sullivan@gmail.com', NULL);
insert into Customer values ('631412200','Mr','Jessica','Crosby', '4169569822251933','1-sep-2017','Jefferson', 'Chicago', 'IL', '5935216739', 'Jessica.Crosby@gmail.com', NULL);
insert into Customer values ('619136959','Mrs','Allison','Malkin', '4779341011468468','1-sep-2018','Fifth', 'Pittsburgh', 'PA', '9980400147', 'Allison.Malkin@gmail.com', NULL);
insert into Customer values ('957634322','Ms','Ally','Peters', '9759885099515120','1-sep-2019','Forbes', 'New York', 'NY', '9829954649', 'Ally.Peters@gmail.com', NULL);
insert into Customer values ('306165036','Mr','Lauren','Palmer', '8032604973909555','1-sep-2017','Main', 'Boston', 'MA', '9521001418', 'Lauren.Palmer@gmail.com', NULL);
insert into Customer values ('907767340','Mrs','Lindsay','Woods', '3842802004252707','1-sep-2018','Church', 'Chicago', 'IL', '2570181401', 'Lindsay.Woods@gmail.com', NULL);
insert into Customer values ('637728027','Ms','Jim','Nicholson', '1290095448755366','1-sep-2019','Washington', 'Pittsburgh', 'PA', '6215124134', 'Jim.Nicholson@gmail.com', NULL);
insert into Customer values ('323237816','Mr','John','Bates', '8939518227248060','1-sep-2017','Jefferson', 'New York', 'NY', '7802655573', 'John.Bates@gmail.com', NULL);
insert into Customer values ('492553721','Mrs','Janet','Williams', '4621938469563748','1-sep-2018','Fifth', 'Boston', 'MA', '2605120796', 'Janet.Williams@gmail.com', NULL);
insert into Customer values ('687392484','Ms','Greg','Taylor', '1624252948286569','1-sep-2019','Forbes', 'Chicago', 'IL', '6801507424', 'Greg.Taylor@gmail.com', NULL);
insert into Customer values ('710320435','Mr','James','Burns', '7229000233513296','1-sep-2017','Main', 'Pittsburgh', 'PA', '8708329537', 'James.Burns@gmail.com', NULL);
insert into Customer values ('648970166','Mrs','Bill','Brown', '1017903614119673','1-sep-2018','Church', 'New York', 'NY', '7428163276', 'Bill.Brown@gmail.com', NULL);
insert into Customer values ('158795689','Ms','William','Miller', '9655943585795248','1-sep-2019','Washington', 'Boston', 'MA', '3771656968', 'William.Miller@gmail.com', NULL);
insert into Customer values ('932624831','Mr','Albert','Davis', '2448550405499820','1-sep-2017','Jefferson', 'Chicago', 'IL', '6437480715', 'Albert.Davis@gmail.com', NULL);
insert into Customer values ('711511907','Mrs','Jacob','Jackson', '1017731512530561','1-sep-2018','Fifth', 'Pittsburgh', 'PA', '6159343042', 'Jacob.Jackson@gmail.com', NULL);
insert into Customer values ('495125020','Ms','Marge','Thompson', '2729559537886349','1-sep-2019','Forbes', 'New York', 'NY', '8098946921', 'Marge.Thompson@gmail.com', NULL);
insert into Customer values ('545884892','Mr','Anita','Johnson', '2491999637307020','1-sep-2017','Main', 'Boston', 'MA', '2068855659', 'Anita.Johnson@gmail.com', NULL);
insert into Customer values ('428112495','Mrs','Rachel','Smith', '4459420585267850','1-sep-2018','Church', 'Chicago', 'IL', '4123808274', 'Rachel.Smith@gmail.com', NULL);
insert into Customer values ('377564097','Ms','Ashley','Jones', '2506654994595089','1-sep-2019','Washington', 'Pittsburgh', 'PA', '4437099829', 'Ashley.Jones@gmail.com', NULL);
insert into Customer values ('251442546','Mr','Tammy','Hardy', '1465610719732107','1-sep-2017','Jefferson', 'New York', 'NY', '9904021950', 'Tammy.Hardy@gmail.com', NULL);
insert into Customer values ('430723803','Mrs','Paul','Ward', '7810935729383754','1-sep-2018','Fifth', 'Boston', 'MA', '6023608783', 'Paul.Ward@gmail.com', NULL);
insert into Customer values ('830833089','Ms','Justin','Johnston', '9352065696046541','1-sep-2019','Forbes', 'Chicago', 'IL', '3300610439', 'Justin.Johnston@gmail.com', NULL);
insert into Customer values ('299208057','Mr','Frank','Sullivan', '5587040694374375','1-sep-2017','Main', 'Pittsburgh', 'PA', '2491858454', 'Frank.Sullivan@gmail.com', NULL);
insert into Customer values ('439001423','Mrs','Eric','Crosby', '7161986310421062','1-sep-2018','Church', 'New York', 'NY', '4670910616', 'Eric.Crosby@gmail.com', NULL);
insert into Customer values ('364818351','Ms','Bryce','Malkin', '2733201358202230','1-sep-2019','Washington', 'Boston', 'MA', '2633853272', 'Bryce.Malkin@gmail.com', NULL);
insert into Customer values ('619603902','Mr','Adam','Peters', '8226127778224773','1-sep-2017','Jefferson', 'Chicago', 'IL', '9907863381', 'Adam.Peters@gmail.com', NULL);
insert into Customer values ('884900701','Mrs','Jenna','Palmer', '8563765623698520','1-sep-2018','Fifth', 'Pittsburgh', 'PA', '1876824403', 'Jenna.Palmer@gmail.com', NULL);
insert into Customer values ('228341327','Ms','Abby','Woods', '5233054087628355','1-sep-2019','Forbes', 'New York', 'NY', '4602559192', 'Abby.Woods@gmail.com', NULL);
insert into Customer values ('232358305','Mr','Jesse','Nicholson', '7233557528224427','1-sep-2017','Main', 'Boston', 'MA', '1270403867', 'Jesse.Nicholson@gmail.com', NULL);
insert into Customer values ('688431962','Mrs','Jessica','Bates', '7906113175743600','1-sep-2018','Church', 'Chicago', 'IL', '7558614690', 'Jessica.Bates@gmail.com', NULL);
insert into Customer values ('859187181','Ms','Allison','Williams', '2097337995928179','1-sep-2019','Washington', 'Pittsburgh', 'PA', '1735684410', 'Allison.Williams@gmail.com', NULL);
insert into Customer values ('256835349','Mr','Ally','Taylor', '4371524833095299','1-sep-2017','Jefferson', 'New York', 'NY', '7829054573', 'Ally.Taylor@gmail.com', NULL);
insert into Customer values ('761239309','Mrs','Lauren','Burns', '4189563847480412','1-sep-2018','Fifth', 'Boston', 'MA', '7150508351', 'Lauren.Burns@gmail.com', NULL);
insert into Customer values ('357470712','Ms','Lindsay','Brown', '7961612999640820','1-sep-2019','Forbes', 'Chicago', 'IL', '7263990545', 'Lindsay.Brown@gmail.com', NULL);
insert into Customer values ('585198565','Mr','Jim','Miller', '5930476846938085','1-sep-2017','Main', 'Pittsburgh', 'PA', '4152328630', 'Jim.Miller@gmail.com', NULL);
insert into Customer values ('920169487','Mrs','John','Davis', '1284590065684882','1-sep-2018','Church', 'New York', 'NY', '5181998954', 'John.Davis@gmail.com', NULL);
insert into Customer values ('976048138','Ms','Janet','Jackson', '1063988374041957','1-sep-2019','Washington', 'Boston', 'MA', '9259928081', 'Janet.Jackson@gmail.com', NULL);
insert into Customer values ('882560419','Mr','Greg','Thompson', '3372513704946407','1-sep-2017','Jefferson', 'Chicago', 'IL', '6839968288', 'Greg.Thompson@gmail.com', NULL);
insert into Customer values ('227329530','Mrs','James','Johnson', '2353209816568816','1-sep-2018','Fifth', 'Pittsburgh', 'PA', '3724030291', 'James.Johnson@gmail.com', NULL);
insert into Customer values ('332825388','Ms','Bill','Smith', '9978273980394395','1-sep-2019','Forbes', 'New York', 'NY', '5940990517', 'Bill.Smith@gmail.com', NULL);
insert into Customer values ('341877428','Mr','William','Jones', '6101943917937215','1-sep-2017','Main', 'Boston', 'MA', '2682351100', 'William.Jones@gmail.com', NULL);
insert into Customer values ('748201156','Mrs','Albert','Hardy', '2361140689303378','1-sep-2018','Church', 'Chicago', 'IL', '3693607813', 'Albert.Hardy@gmail.com', NULL);
insert into Customer values ('810082974','Ms','Jacob','Ward', '3461333021203150','1-sep-2019','Washington', 'Pittsburgh', 'PA', '8765137724', 'Jacob.Ward@gmail.com', NULL);
insert into Customer values ('227502856','Mr','Marge','Johnston', '6943439982464745','1-sep-2017','Jefferson', 'New York', 'NY', '7628925576', 'Marge.Johnston@gmail.com', NULL);
insert into Customer values ('590401333','Mrs','Anita','Sullivan', '7932211069068055','1-sep-2018','Fifth', 'Boston', 'MA', '5083069335', 'Anita.Sullivan@gmail.com', NULL);
insert into Customer values ('137351606','Ms','Rachel','Crosby', '6510677084822268','1-sep-2019','Forbes', 'Chicago', 'IL', '1608351142', 'Rachel.Crosby@gmail.com', NULL);
insert into Customer values ('998626040','Mr','Ashley','Malkin', '6585729306929722','1-sep-2017','Main', 'Pittsburgh', 'PA', '4155453123', 'Ashley.Malkin@gmail.com', NULL);
insert into Customer values ('771822664','Mrs','Tammy','Peters', '6149960708623503','1-sep-2018','Church', 'New York', 'NY', '6527158303', 'Tammy.Peters@gmail.com', NULL);
insert into Customer values ('790973861','Ms','Paul','Palmer', '6545085121211887','1-sep-2019','Washington', 'Boston', 'MA', '7613154053', 'Paul.Palmer@gmail.com', NULL);
insert into Customer values ('848845847','Mr','Justin','Woods', '9217085304056034','1-sep-2017','Jefferson', 'Chicago', 'IL', '4883260023', 'Justin.Woods@gmail.com', NULL);
insert into Customer values ('412647008','Mrs','Frank','Nicholson', '3730474484074914','1-sep-2018','Fifth', 'Pittsburgh', 'PA', '3397885088', 'Frank.Nicholson@gmail.com', NULL);
insert into Customer values ('689861725','Ms','Eric','Bates', '9022825364673597','1-sep-2019','Forbes', 'New York', 'NY', '3792229335', 'Eric.Bates@gmail.com', NULL);
insert into Customer values ('696521597','Mr','Bryce','Williams', '3419559933206225','1-sep-2017','Main', 'Boston', 'MA', '1313561753', 'Bryce.Williams@gmail.com', NULL);
insert into Customer values ('166942447','Mrs','Adam','Taylor', '5874555858090854','1-sep-2018','Church', 'Chicago', 'IL', '3888179993', 'Adam.Taylor@gmail.com', NULL);
insert into Customer values ('129975053','Ms','Jenna','Burns', '6047020306469991','1-sep-2019','Washington', 'Pittsburgh', 'PA', '8470358757', 'Jenna.Burns@gmail.com', NULL);
insert into Customer values ('868195680','Mr','Abby','Brown', '4149767508468692','1-sep-2017','Jefferson', 'New York', 'NY', '5095386291', 'Abby.Brown@gmail.com', NULL);
insert into Customer values ('544421087','Mrs','Jesse','Miller', '3521875997996284','1-sep-2018','Fifth', 'Boston', 'MA', '2904210467', 'Jesse.Miller@gmail.com', NULL);
insert into Customer values ('955638447','Ms','Jessica','Davis', '3406124916173599','1-sep-2019','Forbes', 'Chicago', 'IL', '7518271330', 'Jessica.Davis@gmail.com', NULL);
insert into Customer values ('850901801','Mr','Allison','Jackson', '2744549098107120','1-sep-2017','Main', 'Pittsburgh', 'PA', '8992200499', 'Allison.Jackson@gmail.com', NULL);
insert into Customer values ('765101127','Mrs','Ally','Thompson', '9668549289984451','1-sep-2018','Church', 'New York', 'NY', '9214842348', 'Ally.Thompson@gmail.com', NULL);
insert into Customer values ('401196169','Ms','Lauren','Johnson', '3088552789339616','1-sep-2019','Washington', 'Boston', 'MA', '6396686896', 'Lauren.Johnson@gmail.com', NULL);
insert into Customer values ('710920093','Mr','Lindsay','Smith', '9040134077185520','1-sep-2017','Jefferson', 'Chicago', 'IL', '1081983400', 'Lindsay.Smith@gmail.com', NULL);
insert into Customer values ('320660567','Mrs','Jim','Jones', '2350879786028674','1-sep-2018','Fifth', 'Pittsburgh', 'PA', '7356694826', 'Jim.Jones@gmail.com', NULL);
insert into Customer values ('126022744','Ms','John','Hardy', '7878366018595868','1-sep-2019','Forbes', 'New York', 'NY', '1266578526', 'John.Hardy@gmail.com', NULL);
insert into Customer values ('307001777','Mr','Janet','Ward', '5918447601333097','1-sep-2017','Main', 'Boston', 'MA', '9894753754', 'Janet.Ward@gmail.com', NULL);
insert into Customer values ('506960065','Mrs','Greg','Johnston', '4461375404911131','1-sep-2018','Church', 'Chicago', 'IL', '5304427211', 'Greg.Johnston@gmail.com', NULL);
insert into Customer values ('297304716','Ms','James','Sullivan', '5896257646770410','1-sep-2019','Washington', 'Pittsburgh', 'PA', '3550064188', 'James.Sullivan@gmail.com', NULL);
insert into Customer values ('338296176','Mr','Bill','Crosby', '5218866746680827','1-sep-2017','Jefferson', 'New York', 'NY', '9072452779', 'Bill.Crosby@gmail.com', NULL);
insert into Customer values ('617830252','Mrs','William','Malkin', '4216215747089984','1-sep-2018','Fifth', 'Boston', 'MA', '9497802920', 'William.Malkin@gmail.com', NULL);
insert into Customer values ('720143263','Ms','Albert','Peters', '4756184331223965','1-sep-2019','Forbes', 'Chicago', 'IL', '3500384363', 'Albert.Peters@gmail.com', NULL);
insert into Customer values ('305145174','Mr','Jacob','Palmer', '1868898512148103','1-sep-2017','Main', 'Pittsburgh', 'PA', '5984201493', 'Jacob.Palmer@gmail.com', NULL);
insert into Customer values ('856086759','Mrs','Marge','Woods', '2817948971868842','1-sep-2018','Church', 'New York', 'NY', '7313402186', 'Marge.Woods@gmail.com', NULL);
insert into Customer values ('174534158','Ms','Anita','Nicholson', '7933554724243210','1-sep-2019','Washington', 'Boston', 'MA', '1597587222', 'Anita.Nicholson@gmail.com', NULL);
insert into Customer values ('422536649','Mr','Rachel','Bates', '3735956173650972','1-sep-2017','Jefferson', 'Chicago', 'IL', '9145752504', 'Rachel.Bates@gmail.com', NULL);
insert into Customer values ('778904661','Mrs','Ashley','Williams', '2909166712089495','1-sep-2018','Fifth', 'Pittsburgh', 'PA', '8260564324', 'Ashley.Williams@gmail.com', NULL);
insert into Customer values ('232757908','Ms','Tammy','Taylor', '2218673027097412','1-sep-2019','Forbes', 'New York', 'NY', '7739488605', 'Tammy.Taylor@gmail.com', NULL);
insert into Customer values ('375693399','Mr','Paul','Burns', '2144126290283188','1-sep-2017','Main', 'Boston', 'MA', '6317737352', 'Paul.Burns@gmail.com', NULL);
insert into Customer values ('517868455','Mrs','Justin','Brown', '7580547901681630','1-sep-2018','Church', 'Chicago', 'IL', '6738707428', 'Justin.Brown@gmail.com', NULL);
insert into Customer values ('791524703','Ms','Frank','Miller', '1579680601209044','1-sep-2019','Washington', 'Pittsburgh', 'PA', '6184745526', 'Frank.Miller@gmail.com', NULL);
insert into Customer values ('807437275','Mr','Eric','Davis', '4352695763516624','1-sep-2017','Jefferson', 'New York', 'NY', '8009412888', 'Eric.Davis@gmail.com', NULL);
insert into Customer values ('693146383','Mrs','Bryce','Jackson', '8525087841119200','1-sep-2018','Fifth', 'Boston', 'MA', '1951591265', 'Bryce.Jackson@gmail.com', NULL);
insert into Customer values ('437712745','Ms','Adam','Thompson', '5748317991537452','1-sep-2019','Forbes', 'Chicago', 'IL', '1945215568', 'Adam.Thompson@gmail.com', NULL);
insert into Customer values ('424777846','Mr','Jenna','Johnson', '3136144055473054','1-sep-2017','Main', 'Pittsburgh', 'PA', '5749251844', 'Jenna.Johnson@gmail.com', NULL);
insert into Customer values ('630037877','Mrs','Abby','Smith', '2418071819795161','1-sep-2018','Church', 'New York', 'NY', '7501839086', 'Abby.Smith@gmail.com', NULL);
insert into Customer values ('714344881','Ms','Jesse','Jones', '6323732260701009','1-sep-2019','Washington', 'Boston', 'MA', '8537815647', 'Jesse.Jones@gmail.com', NULL);
insert into Customer values ('301566670','Mr','Jessica','Hardy', '6185922436802849','1-sep-2017','Jefferson', 'Chicago', 'IL', '8196846312', 'Jessica.Hardy@gmail.com', NULL);
insert into Customer values ('789472689','Mrs','Allison','Ward', '5198680566665334','1-sep-2018','Fifth', 'Pittsburgh', 'PA', '7504336690', 'Allison.Ward@gmail.com', NULL);
insert into Customer values ('400742275','Ms','Ally','Johnston', '7094960410628721','1-sep-2019','Forbes', 'New York', 'NY', '9656624480', 'Ally.Johnston@gmail.com', NULL);
insert into Customer values ('185005922','Mr','Lauren','Sullivan', '3971636135679347','1-sep-2017','Main', 'Boston', 'MA', '2187816886', 'Lauren.Sullivan@gmail.com', NULL);
insert into Customer values ('924464596','Mrs','Lindsay','Crosby', '8540530023519205','1-sep-2018','Church', 'Chicago', 'IL', '6962912770', 'Lindsay.Crosby@gmail.com', NULL);
insert into Customer values ('936445139','Ms','Jim','Malkin', '6290444692903631','1-sep-2019','Washington', 'Pittsburgh', 'PA', '4317086833', 'Jim.Malkin@gmail.com', NULL);
insert into Customer values ('530316490','Mr','John','Peters', '4555061727015486','1-sep-2017','Jefferson', 'New York', 'NY', '2706730120', 'John.Peters@gmail.com', NULL);
insert into Customer values ('134887278','Mrs','Janet','Palmer', '1593058907470899','1-sep-2018','Fifth', 'Boston', 'MA', '2690920544', 'Janet.Palmer@gmail.com', NULL);
insert into Customer values ('743025643','Ms','Greg','Woods', '7684533088380461','1-sep-2019','Forbes', 'Chicago', 'IL', '9938239946', 'Greg.Woods@gmail.com', NULL);
insert into Customer values ('978802775','Mr','James','Nicholson', '4387527999874970','1-sep-2017','Main', 'Pittsburgh', 'PA', '8013617651', 'James.Nicholson@gmail.com', NULL);
insert into Customer values ('240208845','Mrs','Bill','Bates', '2495793383727449','1-sep-2018','Church', 'New York', 'NY', '8835863470', 'Bill.Bates@gmail.com', NULL);
insert into Customer values ('104547254','Ms','William','Williams', '2354650694261770','1-sep-2019','Washington', 'Boston', 'MA', '7941499288', 'William.Williams@gmail.com', NULL);
insert into Customer values ('250763239','Mr','Albert','Taylor', '4632441282132214','1-sep-2017','Jefferson', 'Chicago', 'IL', '1514228824', 'Albert.Taylor@gmail.com', NULL);
insert into Customer values ('841149079','Mrs','Jacob','Burns', '6556862948155163','1-sep-2018','Fifth', 'Pittsburgh', 'PA', '1371114734', 'Jacob.Burns@gmail.com', NULL);
insert into Customer values ('793845948','Ms','Marge','Brown', '3230797094481483','1-sep-2019','Forbes', 'New York', 'NY', '7715099211', 'Marge.Brown@gmail.com', NULL);
insert into Customer values ('273971036','Mr','Anita','Miller', '4292284280020385','1-sep-2017','Main', 'Boston', 'MA', '2005090818', 'Anita.Miller@gmail.com', NULL);
insert into Customer values ('388908770','Mrs','Rachel','Davis', '1193101419507765','1-sep-2018','Church', 'Chicago', 'IL', '1561200462', 'Rachel.Davis@gmail.com', NULL);
insert into Customer values ('245864633','Ms','Ashley','Jackson', '1749458378051365','1-sep-2019','Washington', 'Pittsburgh', 'PA', '9320368321', 'Ashley.Jackson@gmail.com', NULL);
insert into Customer values ('955471289','Mr','Tammy','Thompson', '4794828308952807','1-sep-2017','Jefferson', 'New York', 'NY', '5311628894', 'Tammy.Thompson@gmail.com', NULL);
insert into Customer values ('491396268','Mrs','Paul','Johnson', '7820368386259405','1-sep-2018','Fifth', 'Boston', 'MA', '3486785814', 'Paul.Johnson@gmail.com', NULL);
insert into Customer values ('880492135','Ms','Justin','Smith', '8635101436062291','1-sep-2019','Forbes', 'Chicago', 'IL', '1721252734', 'Justin.Smith@gmail.com', NULL);
insert into Customer values ('206966967','Mr','Frank','Jones', '3909760275270188','1-sep-2017','Main', 'Pittsburgh', 'PA', '4927519372', 'Frank.Jones@gmail.com', NULL);
insert into Customer values ('100033386','Mrs','Eric','Hardy', '5968889098570620','1-sep-2018','Church', 'New York', 'NY', '6272814351', 'Eric.Hardy@gmail.com', NULL);
insert into Customer values ('670250111','Ms','Bryce','Ward', '9359434137447131','1-sep-2019','Washington', 'Boston', 'MA', '8183653641', 'Bryce.Ward@gmail.com', NULL);
insert into Customer values ('595590840','Mr','Adam','Johnston', '2821432924052533','1-sep-2017','Jefferson', 'Chicago', 'IL', '5457161672', 'Adam.Johnston@gmail.com', NULL);
insert into Customer values ('925018482','Mrs','Jenna','Sullivan', '3967836966043955','1-sep-2018','Fifth', 'Pittsburgh', 'PA', '4695851394', 'Jenna.Sullivan@gmail.com', NULL);
insert into Customer values ('460121139','Ms','Abby','Crosby', '8870386370017211','1-sep-2019','Forbes', 'New York', 'NY', '4272131791', 'Abby.Crosby@gmail.com', NULL);
insert into Customer values ('809061795','Mr','Jesse','Malkin', '9811340608000439','1-sep-2017','Main', 'Boston', 'MA', '8655950424', 'Jesse.Malkin@gmail.com', NULL);
insert into Customer values ('173858569','Mrs','Jessica','Peters', '8168749149162986','1-sep-2018','Church', 'Chicago', 'IL', '1577699774', 'Jessica.Peters@gmail.com', NULL);
insert into Customer values ('470426775','Ms','Allison','Palmer', '7190705381523340','1-sep-2019','Washington', 'Pittsburgh', 'PA', '4737662674', 'Allison.Palmer@gmail.com', NULL);
insert into Customer values ('570798536','Mr','Ally','Woods', '1707510021931073','1-sep-2017','Jefferson', 'New York', 'NY', '4934017504', 'Ally.Woods@gmail.com', NULL);
insert into Customer values ('100398233','Mrs','Lauren','Nicholson', '4660669327877246','1-sep-2018','Fifth', 'Boston', 'MA', '7874333036', 'Lauren.Nicholson@gmail.com', NULL);
insert into Customer values ('553870331','Ms','Lindsay','Bates', '5681870553499362','1-sep-2019','Forbes', 'Chicago', 'IL', '2415848649', 'Lindsay.Bates@gmail.com', NULL);
insert into Customer values ('310127544','Mr','Jim','Williams', '1543786812838335','1-sep-2017','Main', 'Pittsburgh', 'PA', '2097793499', 'Jim.Williams@gmail.com', NULL);
insert into Customer values ('767420394','Mrs','John','Taylor', '9135127400080164','1-sep-2018','Church', 'New York', 'NY', '1976416067', 'John.Taylor@gmail.com', NULL);
insert into Customer values ('298572413','Ms','Janet','Burns', '8638713089616745','1-sep-2019','Washington', 'Boston', 'MA', '6206482599', 'Janet.Burns@gmail.com', NULL);
insert into Customer values ('992556990','Mr','Greg','Brown', '1146308831624280','1-sep-2017','Jefferson', 'Chicago', 'IL', '4948836545', 'Greg.Brown@gmail.com', NULL);
insert into Customer values ('248640017','Mrs','James','Miller', '4968902265114649','1-sep-2018','Fifth', 'Pittsburgh', 'PA', '7384536747', 'James.Miller@gmail.com', NULL);
insert into Customer values ('289840710','Ms','Bill','Davis', '6936429614075557','1-sep-2019','Forbes', 'New York', 'NY', '8098045266', 'Bill.Davis@gmail.com', NULL);
insert into Customer values ('499169308','Mr','William','Jackson', '9693623890985362','1-sep-2017','Main', 'Boston', 'MA', '7154074067', 'William.Jackson@gmail.com', NULL);
insert into Customer values ('203716613','Mrs','Albert','Thompson', '8871198580282056','1-sep-2018','Church', 'Chicago', 'IL', '7397255949', 'Albert.Thompson@gmail.com', NULL);
insert into Customer values ('349017612','Ms','Jacob','Johnson', '3700723407365503','1-sep-2019','Washington', 'Pittsburgh', 'PA', '5834699841', 'Jacob.Johnson@gmail.com', NULL);
insert into Customer values ('611152713','Mr','Marge','Smith', '7896583832627962','1-sep-2017','Jefferson', 'New York', 'NY', '5501360929', 'Marge.Smith@gmail.com', NULL);
insert into Customer values ('707465170','Mrs','Anita','Jones', '7513629470506115','1-sep-2018','Fifth', 'Boston', 'MA', '6288606452', 'Anita.Jones@gmail.com', NULL);
insert into Customer values ('665695661','Ms','Rachel','Hardy', '5190657555572361','1-sep-2019','Forbes', 'Chicago', 'IL', '3161948475', 'Rachel.Hardy@gmail.com', NULL);
insert into Customer values ('959522043','Mr','Ashley','Ward', '5295890674145586','1-sep-2017','Main', 'Pittsburgh', 'PA', '7651255350', 'Ashley.Ward@gmail.com', NULL);
insert into Customer values ('927043695','Mrs','Tammy','Johnston', '7608038744021196','1-sep-2018','Church', 'New York', 'NY', '3633971987', 'Tammy.Johnston@gmail.com', NULL);
insert into Customer values ('630668273','Ms','Paul','Sullivan', '3871483592108593','1-sep-2019','Washington', 'Boston', 'MA', '3609116345', 'Paul.Sullivan@gmail.com', NULL);
insert into Customer values ('536946901','Mr','Justin','Crosby', '3829861287706264','1-sep-2017','Jefferson', 'Chicago', 'IL', '1099363353', 'Justin.Crosby@gmail.com', NULL);
insert into Customer values ('286670831','Mrs','Frank','Malkin', '4540229482056442','1-sep-2018','Fifth', 'Pittsburgh', 'PA', '5414201959', 'Frank.Malkin@gmail.com', NULL);
insert into Customer values ('317660313','Ms','Eric','Peters', '2021618162016722','1-sep-2019','Forbes', 'New York', 'NY', '5976248507', 'Eric.Peters@gmail.com', NULL);
insert into Customer values ('113771095','Mr','Bryce','Palmer', '4945656819893885','1-sep-2017','Main', 'Boston', 'MA', '2929977291', 'Bryce.Palmer@gmail.com', NULL);
insert into Customer values ('559426696','Mrs','Adam','Woods', '9608736646645416','1-sep-2018','Church', 'Chicago', 'IL', '1405779988', 'Adam.Woods@gmail.com', NULL);
insert into Customer values ('121991259','Ms','Jenna','Nicholson', '4025894674161041','1-sep-2019','Washington', 'Pittsburgh', 'PA', '3124588171', 'Jenna.Nicholson@gmail.com', NULL);
insert into Customer values ('587078772','Mr','Abby','Bates', '8726890089601028','1-sep-2017','Jefferson', 'New York', 'NY', '3271649394', 'Abby.Bates@gmail.com', NULL);
insert into Customer values ('904052634','Mrs','Jesse','Williams', '5355389860528559','1-sep-2018','Fifth', 'Boston', 'MA', '5197923050', 'Jesse.Williams@gmail.com', NULL);
insert into Customer values ('564506236','Ms','Jessica','Taylor', '4771002796549169','1-sep-2019','Forbes', 'Chicago', 'IL', '2788591318', 'Jessica.Taylor@gmail.com', NULL);
insert into Customer values ('262449900','Mr','Allison','Burns', '6890224797955937','1-sep-2017','Main', 'Pittsburgh', 'PA', '2972486520', 'Allison.Burns@gmail.com', NULL);
insert into Customer values ('798127948','Mrs','Ally','Brown', '9992522389295459','1-sep-2018','Church', 'New York', 'NY', '8512210169', 'Ally.Brown@gmail.com', NULL);
insert into Customer values ('601821129','Ms','Lauren','Miller', '6811552259537058','1-sep-2019','Washington', 'Boston', 'MA', '1841233423', 'Lauren.Miller@gmail.com', NULL);
insert into Customer values ('746558134','Mr','Lindsay','Davis', '9402069501270213','1-sep-2017','Jefferson', 'Chicago', 'IL', '3351632949', 'Lindsay.Davis@gmail.com', NULL);
insert into Customer values ('647405905','Mrs','Jim','Jackson', '8553203356547398','1-sep-2018','Fifth', 'Pittsburgh', 'PA', '6607869970', 'Jim.Jackson@gmail.com', NULL);
insert into Customer values ('705760023','Ms','John','Thompson', '1395889926686003','1-sep-2019','Forbes', 'New York', 'NY', '8898787042', 'John.Thompson@gmail.com', NULL);
insert into Customer values ('121172540','Mr','Janet','Johnson', '2738731940797380','1-sep-2017','Main', 'Boston', 'MA', '2633348031', 'Janet.Johnson@gmail.com', NULL);
insert into Customer values ('447831284','Mrs','Greg','Smith', '3936041757354157','1-sep-2018','Church', 'Chicago', 'IL', '4394562863', 'Greg.Smith@gmail.com', NULL);
insert into Customer values ('679254104','Ms','James','Jones', '1680627309088515','1-sep-2019','Washington', 'Pittsburgh', 'PA', '5419714071', 'James.Jones@gmail.com', NULL);
insert into Customer values ('272693849','Mr','Bill','Hardy', '4248823372357108','1-sep-2017','Jefferson', 'New York', 'NY', '7242526312', 'Bill.Hardy@gmail.com', NULL);
insert into Customer values ('523104808','Mrs','William','Ward', '2311368871305829','1-sep-2018','Fifth', 'Boston', 'MA', '7365992940', 'William.Ward@gmail.com', NULL);
insert into Customer values ('884222643','Ms','Albert','Johnston', '1133192493043129','1-sep-2019','Forbes', 'Chicago', 'IL', '9876193171', 'Albert.Johnston@gmail.com', NULL);
insert into Customer values ('835260691','Mr','Jacob','Sullivan', '1599847776265296','1-sep-2017','Main', 'Pittsburgh', 'PA', '2556174261', 'Jacob.Sullivan@gmail.com', NULL);
insert into Customer values ('242319507','Mrs','Marge','Crosby', '3072360526791808','1-sep-2018','Church', 'New York', 'NY', '8988472100', 'Marge.Crosby@gmail.com', NULL);
insert into Customer values ('799678053','Ms','Anita','Malkin', '2055617585737246','1-sep-2019','Washington', 'Boston', 'MA', '7816761130', 'Anita.Malkin@gmail.com', NULL);
insert into Customer values ('853853285','Mr','Rachel','Peters', '4548629376013029','1-sep-2017','Jefferson', 'Chicago', 'IL', '5779772171', 'Rachel.Peters@gmail.com', NULL);
insert into Customer values ('781159418','Mrs','Ashley','Palmer', '9294155501140529','1-sep-2018','Fifth', 'Pittsburgh', 'PA', '6816573630', 'Ashley.Palmer@gmail.com', NULL);
insert into Customer values ('353200844','Ms','Tammy','Woods', '9313504637030075','1-sep-2019','Forbes', 'New York', 'NY', '9963576763', 'Tammy.Woods@gmail.com', NULL);
insert into Customer values ('476782296','Mr','Paul','Nicholson', '3142885625726743','1-sep-2017','Main', 'Boston', 'MA', '3976018403', 'Paul.Nicholson@gmail.com', NULL);
insert into Customer values ('908066623','Mrs','Justin','Bates', '8627333287949538','1-sep-2018','Church', 'Chicago', 'IL', '6639869915', 'Justin.Bates@gmail.com', NULL);
insert into Customer values ('805607309','Ms','Frank','Williams', '7882350231669129','1-sep-2019','Washington', 'Pittsburgh', 'PA', '5858360952', 'Frank.Williams@gmail.com', NULL);
insert into Customer values ('249586271','Mr','Eric','Taylor', '9636621014702615','1-sep-2017','Jefferson', 'New York', 'NY', '9773815723', 'Eric.Taylor@gmail.com', NULL);
insert into Customer values ('680347870','Mrs','Bryce','Burns', '1002126517171610','1-sep-2018','Fifth', 'Boston', 'MA', '5571476453', 'Bryce.Burns@gmail.com', NULL);
insert into Customer values ('123386686','Ms','Adam','Brown', '9724272661739070','1-sep-2019','Forbes', 'Chicago', 'IL', '8400658456', 'Adam.Brown@gmail.com', NULL);
insert into Customer values ('366967575','Mr','Jenna','Miller', '6865862365967567','1-sep-2017','Main', 'Pittsburgh', 'PA', '5538732510', 'Jenna.Miller@gmail.com', NULL);
insert into Customer values ('558576790','Mrs','Abby','Davis', '8372115985221245','1-sep-2018','Church', 'New York', 'NY', '5659098055', 'Abby.Davis@gmail.com', NULL);
insert into Customer values ('229904930','Ms','Jesse','Jackson', '2315245245197232','1-sep-2019','Washington', 'Boston', 'MA', '1965076160', 'Jesse.Jackson@gmail.com', NULL);
insert into Customer values ('686800873','Mr','Jessica','Thompson', '1874629909198339','1-sep-2017','Jefferson', 'Chicago', 'IL', '9819169955', 'Jessica.Thompson@gmail.com', NULL);
insert into Customer values ('338752980','Mrs','Allison','Johnson', '2300174222088283','1-sep-2018','Fifth', 'Pittsburgh', 'PA', '4744277935', 'Allison.Johnson@gmail.com', NULL);
insert into Customer values ('441162720','Ms','Ally','Smith', '6537611255086308','1-sep-2019','Forbes', 'New York', 'NY', '1594464320', 'Ally.Smith@gmail.com', NULL);
insert into Customer values ('647923037','Mr','Lauren','Jones', '9013236201403000','1-sep-2017','Main', 'Boston', 'MA', '8678529015', 'Lauren.Jones@gmail.com', NULL);
insert into Customer values ('190601471','Mrs','Lindsay','Hardy', '2913743538104303','1-sep-2018','Church', 'Chicago', 'IL', '8412002129', 'Lindsay.Hardy@gmail.com', NULL);
insert into Customer values ('940274904','Ms','Jim','Ward', '2945762056772817','1-sep-2019','Washington', 'Pittsburgh', 'PA', '4462081047', 'Jim.Ward@gmail.com', NULL);
insert into Customer values ('292787861','Mr','John','Johnston', '1085937508814131','1-sep-2017','Jefferson', 'New York', 'NY', '9567533520', 'John.Johnston@gmail.com', NULL);
insert into Customer values ('985701599','Mrs','Janet','Sullivan', '3541041432638264','1-sep-2018','Fifth', 'Boston', 'MA', '1976805133', 'Janet.Sullivan@gmail.com', NULL);
insert into Customer values ('252214964','Ms','Greg','Crosby', '3505060496350762','1-sep-2019','Forbes', 'Chicago', 'IL', '4130147380', 'Greg.Crosby@gmail.com', NULL);
insert into Customer values ('607149182','Mr','James','Malkin', '7801405769052001','1-sep-2017','Main', 'Pittsburgh', 'PA', '7202998406', 'James.Malkin@gmail.com', NULL);
insert into Customer values ('257792685','Mrs','Bill','Peters', '7534263821105936','1-sep-2018','Church', 'New York', 'NY', '4756488734', 'Bill.Peters@gmail.com', NULL);
insert into Customer values ('323558824','Ms','William','Palmer', '8334671588547782','1-sep-2019','Washington', 'Boston', 'MA', '8834246710', 'William.Palmer@gmail.com', NULL);
insert into Customer values ('883801418','Mr','Albert','Woods', '2647855991326832','1-sep-2017','Jefferson', 'Chicago', 'IL', '3404375375', 'Albert.Woods@gmail.com', NULL);
insert into Customer values ('705662907','Mrs','Jacob','Nicholson', '6446776838090418','1-sep-2018','Fifth', 'Pittsburgh', 'PA', '3718988506', 'Jacob.Nicholson@gmail.com', NULL);
insert into Customer values ('227567495','Ms','Marge','Bates', '1810950207130646','1-sep-2019','Forbes', 'New York', 'NY', '7775358239', 'Marge.Bates@gmail.com', NULL);
insert into Customer values ('303656903','Mr','Anita','Williams', '6301719680974981','1-sep-2017','Main', 'Boston', 'MA', '1618275026', 'Anita.Williams@gmail.com', NULL);
insert into Customer values ('867800606','Mrs','Rachel','Taylor', '6711854992780829','1-sep-2018','Church', 'Chicago', 'IL', '1978510527', 'Rachel.Taylor@gmail.com', NULL);
insert into Customer values ('814699550','Ms','Ashley','Burns', '8102984566945102','1-sep-2019','Washington', 'Pittsburgh', 'PA', '9015723171', 'Ashley.Burns@gmail.com', NULL);
insert into Customer values ('825660056','Mr','Tammy','Brown', '9497672957482920','1-sep-2017','Jefferson', 'New York', 'NY', '9810971247', 'Tammy.Brown@gmail.com', NULL);
insert into Customer values ('355450138','Mrs','Paul','Miller', '3850431762161172','1-sep-2018','Fifth', 'Boston', 'MA', '2895088083', 'Paul.Miller@gmail.com', NULL);
insert into Customer values ('812509224','Ms','Justin','Davis', '2889301554554914','1-sep-2019','Forbes', 'Chicago', 'IL', '1130459857', 'Justin.Davis@gmail.com', NULL);
insert into Customer values ('923587084','Mr','Frank','Jackson', '1165776834471515','1-sep-2017','Main', 'Pittsburgh', 'PA', '2842110068', 'Frank.Jackson@gmail.com', NULL);
insert into Customer values ('474326371','Mrs','Eric','Thompson', '6284812410550362','1-sep-2018','Church', 'New York', 'NY', '2529537778', 'Eric.Thompson@gmail.com', NULL);
insert into Customer values ('616752438','Ms','Bryce','Johnson', '1242264553276777','1-sep-2019','Washington', 'Boston', 'MA', '9726225297', 'Bryce.Johnson@gmail.com', NULL);
insert into Customer values ('868548723','Mr','Adam','Smith', '3245745977559646','1-sep-2017','Jefferson', 'Chicago', 'IL', '6175118081', 'Adam.Smith@gmail.com', NULL);
insert into Customer values ('476167889','Mrs','Jenna','Jones', '1312826346342625','1-sep-2018','Fifth', 'Pittsburgh', 'PA', '3135812813', 'Jenna.Jones@gmail.com', NULL);
insert into Customer values ('132239844','Ms','Abby','Hardy', '8304906124468705','1-sep-2019','Forbes', 'New York', 'NY', '2710087401', 'Abby.Hardy@gmail.com', NULL);
insert into Customer values ('212114452','Mr','Jesse','Ward', '1601687716639433','1-sep-2017','Main', 'Boston', 'MA', '7274224362', 'Jesse.Ward@gmail.com', NULL);
insert into Customer values ('745079319','Mrs','Jessica','Johnston', '3734092832054203','1-sep-2018','Church', 'Chicago', 'IL', '4979213998', 'Jessica.Johnston@gmail.com', NULL);
insert into Customer values ('382914405','Ms','Allison','Sullivan', '4773000542756619','1-sep-2019','Washington', 'Pittsburgh', 'PA', '7181794243', 'Allison.Sullivan@gmail.com', NULL);
insert into Customer values ('382018608','Mr','Ally','Crosby', '3316735816885689','1-sep-2017','Jefferson', 'New York', 'NY', '9252753915', 'Ally.Crosby@gmail.com', NULL);


--Reservation sample data

insert into Reservation values ('25328', '180064389', '4256', '5243910855264779', '28-apr-2016', 'Y', 'NY', 'PIT');
insert into Reservation values ('62434', '953061911', '38', '6803434554006523', '17-sep-2017', 'Y', 'PIT', 'BOS');
insert into Reservation values ('81034', '574251045', '4546', '7139547028272756', '8-aug-2017', 'Y', 'BOS', 'CHI');
insert into Reservation values ('79207', '873879802', '4848', '4492628614294329', '12-jul-2018', 'Y', 'CHI', 'LA');
insert into Reservation values ('54977', '965011240', '3', '1340266970525785', '2-jun-2017', 'N', 'LA', 'MIL');
insert into Reservation values ('31351', '883013832', '1970', '2544872097029614', '22-oct-2019', 'Y', 'MIL', 'NY');
insert into Reservation values ('81464', '463407693', '1507', '9214637634243383', '4-dec-2016', 'N', 'NY', 'PIT');
insert into Reservation values ('95335', '706956961', '4940', '9646338331724057', '11-dec-2017', 'Y', 'PIT', 'BOS');
insert into Reservation values ('96708', '990561478', '2460', '8730870105806244', '25-feb-2019', 'Y', 'BOS', 'CHI');
insert into Reservation values ('69859', '554120538', '3300', '1711641049672988', '22-feb-2019', 'N', 'CHI', 'LA');
insert into Reservation values ('26041', '445455176', '135', '8078763687138955', '7-oct-2017', 'N', 'LA', 'MIL');
insert into Reservation values ('67728', '435659356', '3252', '7541973104170685', '24-aug-2018', 'N', 'MIL', 'NY');
insert into Reservation values ('62711', '358719762', '2143', '6986621192725753', '27-mar-2019', 'Y', 'NY', 'PIT');
insert into Reservation values ('26938', '988140908', '4862', '9819644495082972', '1-jul-2016', 'Y', 'PIT', 'BOS');
insert into Reservation values ('51756', '831076518', '4382', '5979073349727561', '15-apr-2018', 'Y', 'BOS', 'CHI');
insert into Reservation values ('66874', '206613312', '1336', '4018366030224145', '6-mar-2017', 'Y', 'CHI', 'LA');
insert into Reservation values ('16462', '158150359', '4820', '1679742431820785', '15-oct-2016', 'Y', 'LA', 'MIL');
insert into Reservation values ('12616', '612519991', '4940', '7284322048000154', '20-feb-2018', 'Y', 'MIL', 'NY');
insert into Reservation values ('51561', '874079787', '277', '8853773253858587', '1-jun-2016', 'Y', 'NY', 'PIT');
insert into Reservation values ('84717', '286289666', '2043', '8584530934244285', '26-apr-2018', 'N', 'PIT', 'BOS');
insert into Reservation values ('90388', '539635952', '3924', '7258453654106159', '20-apr-2019', 'N', 'BOS', 'CHI');
insert into Reservation values ('84305', '153462887', '3931', '9928344591544379', '27-jun-2019', 'N', 'CHI', 'LA');
insert into Reservation values ('41226', '658873073', '1261', '5901016122751424', '23-oct-2017', 'Y', 'LA', 'MIL');
insert into Reservation values ('97014', '771477022', '3038', '7093271667203092', '7-mar-2016', 'Y', 'MIL', 'NY');
insert into Reservation values ('96538', '445817389', '3204', '9821380673913790', '11-aug-2017', 'Y', 'NY', 'PIT');
insert into Reservation values ('64642', '135663338', '4991', '1709231715392547', '5-jul-2018', 'N', 'PIT', 'BOS');
insert into Reservation values ('74734', '551367201', '635', '1811013265034092', '22-aug-2019', 'Y', 'BOS', 'CHI');
insert into Reservation values ('46236', '739805667', '2691', '2973906660600581', '22-jul-2016', 'Y', 'CHI', 'LA');
insert into Reservation values ('14372', '891173872', '3855', '9067462413364498', '7-aug-2017', 'N', 'LA', 'MIL');
insert into Reservation values ('17996', '204121367', '2554', '6659223646967116', '24-mar-2017', 'Y', 'MIL', 'NY');
insert into Reservation values ('61261', '863034733', '3862', '3266633383110674', '9-nov-2016', 'Y', 'NY', 'PIT');
insert into Reservation values ('56403', '886394889', '3432', '6116541173487844', '1-jan-2019', 'N', 'PIT', 'BOS');
insert into Reservation values ('68619', '681346590', '1805', '4350835649203698', '7-oct-2019', 'Y', 'BOS', 'CHI');
insert into Reservation values ('15809', '841574910', '3909', '9725441881636423', '9-mar-2019', 'Y', 'CHI', 'LA');
insert into Reservation values ('44343', '432001784', '871', '3535693135318104', '26-jul-2018', 'Y', 'LA', 'MIL');
insert into Reservation values ('42061', '229194798', '539', '6015007460056598', '10-may-2017', 'Y', 'MIL', 'NY');
insert into Reservation values ('14103', '113245440', '3157', '6426839511058676', '5-feb-2019', 'Y', 'NY', 'PIT');
insert into Reservation values ('49948', '459823068', '2254', '5015757699490470', '24-feb-2019', 'N', 'PIT', 'BOS');
insert into Reservation values ('59104', '803479844', '2299', '1257868801393423', '6-aug-2019', 'Y', 'BOS', 'CHI');
insert into Reservation values ('62277', '160896017', '1577', '2892350066517627', '5-sep-2018', 'Y', 'CHI', 'LA');
insert into Reservation values ('35769', '960570680', '3585', '7003921153025882', '27-feb-2018', 'Y', 'LA', 'MIL');
insert into Reservation values ('48430', '322504599', '4848', '3007649252054286', '24-jan-2017', 'N', 'MIL', 'NY');
insert into Reservation values ('75400', '384852053', '64', '1950371318214233', '9-feb-2019', 'N', 'NY', 'PIT');
insert into Reservation values ('68845', '920896041', '580', '1983542662763699', '25-dec-2016', 'Y', 'PIT', 'BOS');
insert into Reservation values ('87259', '941851465', '3351', '5546802225084520', '2-aug-2018', 'N', 'BOS', 'CHI');
insert into Reservation values ('55153', '912284922', '4173', '7018945202886494', '15-jan-2018', 'Y', 'CHI', 'LA');
insert into Reservation values ('95119', '774588877', '3195', '1383607407867780', '22-mar-2017', 'N', 'LA', 'MIL');
insert into Reservation values ('95332', '115413173', '4110', '9075171064640124', '25-aug-2018', 'Y', 'MIL', 'NY');
insert into Reservation values ('35559', '268175826', '4090', '7357449390734488', '19-feb-2016', 'N', 'NY', 'PIT');
insert into Reservation values ('78891', '466967109', '1937', '4929236620354557', '1-jul-2018', 'N', 'PIT', 'BOS');
insert into Reservation values ('88202', '527003895', '4093', '4408896438919738', '16-mar-2016', 'Y', 'BOS', 'CHI');
insert into Reservation values ('40322', '631412200', '3628', '4169569822251933', '27-apr-2016', 'Y', 'CHI', 'LA');
insert into Reservation values ('44601', '619136959', '654', '4779341011468468', '20-nov-2016', 'N', 'LA', 'MIL');
insert into Reservation values ('98265', '957634322', '2270', '9759885099515120', '15-oct-2019', 'N', 'MIL', 'NY');
insert into Reservation values ('63580', '306165036', '950', '8032604973909555', '7-jun-2016', 'N', 'NY', 'PIT');
insert into Reservation values ('98174', '907767340', '3653', '3842802004252707', '25-feb-2017', 'Y', 'PIT', 'BOS');
insert into Reservation values ('39357', '637728027', '2540', '1290095448755366', '13-dec-2018', 'Y', 'BOS', 'CHI');
insert into Reservation values ('69717', '323237816', '3281', '8939518227248060', '15-sep-2017', 'N', 'CHI', 'LA');
insert into Reservation values ('57606', '492553721', '4274', '4621938469563748', '4-may-2019', 'N', 'LA', 'MIL');
insert into Reservation values ('49902', '687392484', '341', '1624252948286569', '1-jan-2019', 'N', 'MIL', 'NY');
insert into Reservation values ('46727', '710320435', '3009', '7229000233513296', '28-nov-2019', 'N', 'NY', 'PIT');
insert into Reservation values ('21665', '648970166', '4352', '1017903614119673', '23-sep-2016', 'Y', 'PIT', 'BOS');
insert into Reservation values ('86774', '158795689', '1456', '9655943585795248', '17-jul-2018', 'N', 'BOS', 'CHI');
insert into Reservation values ('33013', '932624831', '1370', '2448550405499820', '2-apr-2017', 'N', 'CHI', 'LA');
insert into Reservation values ('17353', '711511907', '1793', '1017731512530561', '24-aug-2017', 'N', 'LA', 'MIL');
insert into Reservation values ('98710', '495125020', '672', '2729559537886349', '8-aug-2016', 'N', 'MIL', 'NY');
insert into Reservation values ('60631', '545884892', '1144', '2491999637307020', '8-oct-2018', 'Y', 'NY', 'PIT');
insert into Reservation values ('62567', '428112495', '3646', '4459420585267850', '26-oct-2018', 'N', 'PIT', 'BOS');
insert into Reservation values ('56324', '377564097', '4239', '2506654994595089', '14-dec-2017', 'Y', 'BOS', 'CHI');
insert into Reservation values ('18936', '251442546', '4159', '1465610719732107', '9-aug-2019', 'N', 'CHI', 'LA');
insert into Reservation values ('63891', '430723803', '1742', '7810935729383754', '16-dec-2016', 'Y', 'LA', 'MIL');
insert into Reservation values ('59554', '830833089', '5', '9352065696046541', '15-aug-2016', 'Y', 'MIL', 'NY');
insert into Reservation values ('74996', '299208057', '2118', '5587040694374375', '11-apr-2016', 'N', 'NY', 'PIT');
insert into Reservation values ('93211', '439001423', '1479', '7161986310421062', '9-jan-2018', 'Y', 'PIT', 'BOS');
insert into Reservation values ('83499', '364818351', '2902', '2733201358202230', '15-feb-2018', 'N', 'BOS', 'CHI');
insert into Reservation values ('56713', '619603902', '3856', '8226127778224773', '6-may-2016', 'N', 'CHI', 'LA');
insert into Reservation values ('16769', '884900701', '4937', '8563765623698520', '3-sep-2019', 'Y', 'LA', 'MIL');
insert into Reservation values ('25301', '228341327', '3479', '5233054087628355', '25-apr-2016', 'Y', 'MIL', 'NY');
insert into Reservation values ('10299', '232358305', '135', '7233557528224427', '16-dec-2019', 'Y', 'NY', 'PIT');
insert into Reservation values ('71836', '688431962', '3791', '7906113175743600', '7-apr-2016', 'Y', 'PIT', 'BOS');
insert into Reservation values ('43439', '859187181', '4394', '2097337995928179', '2-oct-2018', 'N', 'BOS', 'CHI');
insert into Reservation values ('78517', '256835349', '4020', '4371524833095299', '11-nov-2019', 'Y', 'CHI', 'LA');
insert into Reservation values ('90976', '761239309', '3463', '4189563847480412', '19-mar-2018', 'Y', 'LA', 'MIL');
insert into Reservation values ('33051', '357470712', '1414', '7961612999640820', '16-apr-2019', 'N', 'MIL', 'NY');
insert into Reservation values ('78255', '585198565', '3839', '5930476846938085', '1-jan-2018', 'Y', 'NY', 'PIT');
insert into Reservation values ('13686', '920169487', '26', '1284590065684882', '13-jan-2016', 'Y', 'PIT', 'BOS');
insert into Reservation values ('27336', '976048138', '3688', '1063988374041957', '22-nov-2018', 'N', 'BOS', 'CHI');
insert into Reservation values ('53074', '882560419', '4480', '3372513704946407', '16-jul-2019', 'Y', 'CHI', 'LA');
insert into Reservation values ('72605', '227329530', '2500', '2353209816568816', '4-feb-2018', 'N', 'LA', 'MIL');
insert into Reservation values ('40089', '332825388', '2898', '9978273980394395', '9-aug-2019', 'Y', 'MIL', 'NY');
insert into Reservation values ('36466', '341877428', '4556', '6101943917937215', '24-feb-2017', 'Y', 'NY', 'PIT');
insert into Reservation values ('49054', '748201156', '309', '2361140689303378', '20-jan-2018', 'Y', 'PIT', 'BOS');
insert into Reservation values ('76221', '810082974', '4392', '3461333021203150', '10-mar-2019', 'Y', 'BOS', 'CHI');
insert into Reservation values ('37472', '227502856', '784', '6943439982464745', '15-dec-2017', 'N', 'CHI', 'LA');
insert into Reservation values ('50872', '590401333', '1457', '7932211069068055', '26-sep-2019', 'Y', 'LA', 'MIL');
insert into Reservation values ('23614', '137351606', '1853', '6510677084822268', '17-apr-2017', 'N', 'MIL', 'NY');
insert into Reservation values ('25855', '998626040', '244', '6585729306929722', '27-feb-2016', 'Y', 'NY', 'PIT');
insert into Reservation values ('20521', '771822664', '778', '6149960708623503', '3-nov-2019', 'Y', 'PIT', 'BOS');
insert into Reservation values ('15169', '790973861', '4185', '6545085121211887', '24-aug-2018', 'Y', 'BOS', 'CHI');
insert into Reservation values ('11140', '848845847', '210', '9217085304056034', '8-dec-2018', 'Y', 'CHI', 'LA');
insert into Reservation values ('92122', '412647008', '73', '3730474484074914', '28-jun-2017', 'N', 'LA', 'MIL');
insert into Reservation values ('76030', '689861725', '3017', '9022825364673597', '25-apr-2019', 'Y', 'MIL', 'NY');
insert into Reservation values ('14847', '696521597', '2925', '3419559933206225', '10-jan-2017', 'Y', 'NY', 'PIT');
insert into Reservation values ('84021', '166942447', '4035', '5874555858090854', '1-jul-2019', 'N', 'PIT', 'BOS');
insert into Reservation values ('59409', '129975053', '1601', '6047020306469991', '25-sep-2019', 'N', 'BOS', 'CHI');
insert into Reservation values ('69829', '868195680', '4516', '4149767508468692', '16-nov-2018', 'N', 'CHI', 'LA');
insert into Reservation values ('58463', '544421087', '2954', '3521875997996284', '25-may-2016', 'N', 'LA', 'MIL');
insert into Reservation values ('54737', '955638447', '3620', '3406124916173599', '1-may-2019', 'Y', 'MIL', 'NY');
insert into Reservation values ('76208', '850901801', '2272', '2744549098107120', '14-sep-2017', 'N', 'NY', 'PIT');
insert into Reservation values ('96864', '765101127', '2091', '9668549289984451', '24-aug-2019', 'N', 'PIT', 'BOS');
insert into Reservation values ('33076', '401196169', '308', '3088552789339616', '16-jul-2016', 'N', 'BOS', 'CHI');
insert into Reservation values ('72648', '710920093', '1560', '9040134077185520', '8-may-2018', 'Y', 'CHI', 'LA');
insert into Reservation values ('69750', '320660567', '3649', '2350879786028674', '21-sep-2018', 'N', 'LA', 'MIL');
insert into Reservation values ('26799', '126022744', '3702', '7878366018595868', '25-mar-2018', 'Y', 'MIL', 'NY');
insert into Reservation values ('29723', '307001777', '2812', '5918447601333097', '26-feb-2017', 'Y', 'NY', 'PIT');
insert into Reservation values ('44158', '506960065', '2941', '4461375404911131', '10-jul-2016', 'N', 'PIT', 'BOS');
insert into Reservation values ('60608', '297304716', '2467', '5896257646770410', '10-feb-2019', 'N', 'BOS', 'CHI');
insert into Reservation values ('66919', '338296176', '3586', '5218866746680827', '7-jul-2017', 'Y', 'CHI', 'LA');
insert into Reservation values ('26244', '617830252', '4515', '4216215747089984', '11-nov-2018', 'N', 'LA', 'MIL');
insert into Reservation values ('93851', '720143263', '1743', '4756184331223965', '19-feb-2018', 'Y', 'MIL', 'NY');
insert into Reservation values ('84618', '305145174', '868', '1868898512148103', '18-may-2016', 'Y', 'NY', 'PIT');
insert into Reservation values ('26649', '856086759', '2368', '2817948971868842', '3-jan-2017', 'Y', 'PIT', 'BOS');
insert into Reservation values ('67720', '174534158', '4815', '7933554724243210', '11-mar-2018', 'Y', 'BOS', 'CHI');
insert into Reservation values ('36493', '422536649', '445', '3735956173650972', '7-feb-2016', 'N', 'CHI', 'LA');
insert into Reservation values ('53327', '778904661', '4476', '2909166712089495', '17-feb-2019', 'Y', 'LA', 'MIL');
insert into Reservation values ('33152', '232757908', '1619', '2218673027097412', '15-jul-2018', 'Y', 'MIL', 'NY');
insert into Reservation values ('72072', '375693399', '124', '2144126290283188', '4-dec-2016', 'Y', 'NY', 'PIT');
insert into Reservation values ('55552', '517868455', '2979', '7580547901681630', '28-jan-2017', 'Y', 'PIT', 'BOS');
insert into Reservation values ('33447', '791524703', '4712', '1579680601209044', '27-nov-2018', 'Y', 'BOS', 'CHI');
insert into Reservation values ('85261', '807437275', '2987', '4352695763516624', '11-sep-2016', 'N', 'CHI', 'LA');
insert into Reservation values ('99413', '693146383', '888', '8525087841119200', '2-may-2017', 'N', 'LA', 'MIL');
insert into Reservation values ('75926', '437712745', '1315', '5748317991537452', '24-jul-2019', 'N', 'MIL', 'NY');
insert into Reservation values ('56992', '424777846', '977', '3136144055473054', '7-jul-2018', 'Y', 'NY', 'PIT');
insert into Reservation values ('73390', '630037877', '4066', '2418071819795161', '11-sep-2019', 'N', 'PIT', 'BOS');
insert into Reservation values ('97002', '714344881', '2241', '6323732260701009', '23-sep-2017', 'Y', 'BOS', 'CHI');
insert into Reservation values ('70234', '301566670', '4947', '6185922436802849', '22-apr-2016', 'Y', 'CHI', 'LA');
insert into Reservation values ('65488', '789472689', '1485', '5198680566665334', '8-jun-2016', 'N', 'LA', 'MIL');
insert into Reservation values ('85575', '400742275', '4258', '7094960410628721', '18-mar-2019', 'N', 'MIL', 'NY');
insert into Reservation values ('87214', '185005922', '3597', '3971636135679347', '7-nov-2019', 'Y', 'NY', 'PIT');
insert into Reservation values ('86724', '924464596', '2150', '8540530023519205', '3-aug-2016', 'N', 'PIT', 'BOS');
insert into Reservation values ('68385', '936445139', '3671', '6290444692903631', '18-mar-2019', 'Y', 'BOS', 'CHI');
insert into Reservation values ('92414', '530316490', '3073', '4555061727015486', '5-mar-2018', 'Y', 'CHI', 'LA');
insert into Reservation values ('43485', '134887278', '1578', '1593058907470899', '10-nov-2017', 'Y', 'LA', 'MIL');
insert into Reservation values ('77416', '743025643', '4925', '7684533088380461', '2-jan-2019', 'Y', 'MIL', 'NY');
insert into Reservation values ('34997', '978802775', '89', '4387527999874970', '5-jun-2018', 'Y', 'NY', 'PIT');
insert into Reservation values ('88452', '240208845', '2703', '2495793383727449', '3-jun-2019', 'Y', 'PIT', 'BOS');
insert into Reservation values ('28353', '104547254', '382', '2354650694261770', '11-oct-2019', 'N', 'BOS', 'CHI');
insert into Reservation values ('90805', '250763239', '1324', '4632441282132214', '3-feb-2017', 'Y', 'CHI', 'LA');
insert into Reservation values ('42557', '841149079', '4715', '6556862948155163', '22-sep-2017', 'N', 'LA', 'MIL');
insert into Reservation values ('14290', '793845948', '395', '3230797094481483', '2-feb-2017', 'Y', 'MIL', 'NY');
insert into Reservation values ('64450', '273971036', '709', '4292284280020385', '8-dec-2017', 'Y', 'NY', 'PIT');
insert into Reservation values ('66581', '388908770', '2035', '1193101419507765', '4-aug-2016', 'N', 'PIT', 'BOS');
insert into Reservation values ('49965', '245864633', '1410', '1749458378051365', '21-apr-2017', 'N', 'BOS', 'CHI');
insert into Reservation values ('90432', '955471289', '2972', '4794828308952807', '5-apr-2016', 'N', 'CHI', 'LA');
insert into Reservation values ('77263', '491396268', '157', '7820368386259405', '11-jan-2019', 'N', 'LA', 'MIL');
insert into Reservation values ('96152', '880492135', '2863', '8635101436062291', '13-nov-2017', 'Y', 'MIL', 'NY');
insert into Reservation values ('89885', '206966967', '4373', '3909760275270188', '24-sep-2017', 'N', 'NY', 'PIT');
insert into Reservation values ('24695', '100033386', '3513', '5968889098570620', '28-dec-2016', 'Y', 'PIT', 'BOS');
insert into Reservation values ('21465', '670250111', '2473', '9359434137447131', '5-apr-2017', 'Y', 'BOS', 'CHI');
insert into Reservation values ('10380', '595590840', '2501', '2821432924052533', '27-jul-2016', 'N', 'CHI', 'LA');
insert into Reservation values ('41920', '925018482', '2712', '3967836966043955', '24-jul-2018', 'Y', 'LA', 'MIL');
insert into Reservation values ('70935', '460121139', '4806', '8870386370017211', '6-jan-2017', 'N', 'MIL', 'NY');
insert into Reservation values ('67662', '809061795', '1588', '9811340608000439', '1-mar-2018', 'Y', 'NY', 'PIT');
insert into Reservation values ('15083', '173858569', '2600', '8168749149162986', '4-jan-2019', 'N', 'PIT', 'BOS');
insert into Reservation values ('23898', '470426775', '2619', '7190705381523340', '11-aug-2019', 'N', 'BOS', 'CHI');
insert into Reservation values ('93364', '570798536', '17', '1707510021931073', '4-apr-2018', 'Y', 'CHI', 'LA');
insert into Reservation values ('83046', '100398233', '3299', '4660669327877246', '12-dec-2017', 'Y', 'LA', 'MIL');
insert into Reservation values ('79572', '553870331', '1993', '5681870553499362', '12-may-2017', 'Y', 'MIL', 'NY');
insert into Reservation values ('42733', '310127544', '2668', '1543786812838335', '1-mar-2017', 'N', 'NY', 'PIT');
insert into Reservation values ('90740', '767420394', '3586', '9135127400080164', '15-mar-2016', 'Y', 'PIT', 'BOS');
insert into Reservation values ('61927', '298572413', '1775', '8638713089616745', '17-feb-2016', 'N', 'BOS', 'CHI');
insert into Reservation values ('10989', '992556990', '959', '1146308831624280', '28-feb-2016', 'Y', 'CHI', 'LA');
insert into Reservation values ('84216', '248640017', '2426', '4968902265114649', '25-nov-2019', 'N', 'LA', 'MIL');
insert into Reservation values ('77700', '289840710', '4257', '6936429614075557', '27-mar-2016', 'N', 'MIL', 'NY');
insert into Reservation values ('36905', '499169308', '3732', '9693623890985362', '8-feb-2016', 'N', 'NY', 'PIT');
insert into Reservation values ('89548', '203716613', '351', '8871198580282056', '22-nov-2016', 'N', 'PIT', 'BOS');
insert into Reservation values ('20923', '349017612', '2165', '3700723407365503', '10-jan-2016', 'Y', 'BOS', 'CHI');
insert into Reservation values ('78652', '611152713', '141', '7896583832627962', '12-feb-2016', 'N', 'CHI', 'LA');
insert into Reservation values ('40896', '707465170', '713', '7513629470506115', '11-oct-2019', 'Y', 'LA', 'MIL');
insert into Reservation values ('41921', '665695661', '1131', '5190657555572361', '26-oct-2019', 'N', 'MIL', 'NY');
insert into Reservation values ('68306', '959522043', '797', '5295890674145586', '7-oct-2017', 'N', 'NY', 'PIT');
insert into Reservation values ('20038', '927043695', '2670', '7608038744021196', '20-jul-2017', 'Y', 'PIT', 'BOS');
insert into Reservation values ('85436', '630668273', '294', '3871483592108593', '18-jun-2019', 'N', 'BOS', 'CHI');
insert into Reservation values ('67118', '536946901', '4771', '3829861287706264', '16-dec-2018', 'N', 'CHI', 'LA');
insert into Reservation values ('26439', '286670831', '1444', '4540229482056442', '26-dec-2019', 'Y', 'LA', 'MIL');
insert into Reservation values ('29287', '317660313', '4511', '2021618162016722', '9-may-2018', 'Y', 'MIL', 'NY');
insert into Reservation values ('25049', '113771095', '1720', '4945656819893885', '2-dec-2018', 'Y', 'NY', 'PIT');
insert into Reservation values ('25484', '559426696', '3133', '9608736646645416', '1-apr-2017', 'Y', 'PIT', 'BOS');
insert into Reservation values ('84882', '121991259', '2682', '4025894674161041', '9-mar-2019', 'N', 'BOS', 'CHI');
insert into Reservation values ('94482', '587078772', '844', '8726890089601028', '3-mar-2017', 'Y', 'CHI', 'LA');
insert into Reservation values ('69111', '904052634', '1588', '5355389860528559', '28-mar-2018', 'Y', 'LA', 'MIL');
insert into Reservation values ('80776', '564506236', '3178', '4771002796549169', '16-jun-2018', 'N', 'MIL', 'NY');
insert into Reservation values ('93023', '262449900', '1372', '6890224797955937', '1-jul-2019', 'N', 'NY', 'PIT');
insert into Reservation values ('92755', '798127948', '2707', '9992522389295459', '10-sep-2019', 'Y', 'PIT', 'BOS');
insert into Reservation values ('54829', '601821129', '1037', '6811552259537058', '2-aug-2017', 'Y', 'BOS', 'CHI');
insert into Reservation values ('84384', '746558134', '4328', '9402069501270213', '23-nov-2016', 'Y', 'CHI', 'LA');
insert into Reservation values ('30631', '647405905', '1715', '8553203356547398', '26-oct-2018', 'N', 'LA', 'MIL');
insert into Reservation values ('29832', '705760023', '1824', '1395889926686003', '2-oct-2017', 'N', 'MIL', 'NY');
insert into Reservation values ('38960', '121172540', '743', '2738731940797380', '25-may-2019', 'N', 'NY', 'PIT');
insert into Reservation values ('96309', '447831284', '3311', '3936041757354157', '23-nov-2019', 'N', 'PIT', 'BOS');
insert into Reservation values ('88842', '679254104', '3391', '1680627309088515', '21-jul-2016', 'Y', 'BOS', 'CHI');
insert into Reservation values ('52353', '272693849', '4096', '4248823372357108', '14-oct-2018', 'N', 'CHI', 'LA');
insert into Reservation values ('59978', '523104808', '2987', '2311368871305829', '18-jun-2016', 'N', 'LA', 'MIL');
insert into Reservation values ('98849', '884222643', '4931', '1133192493043129', '27-nov-2018', 'N', 'MIL', 'NY');
insert into Reservation values ('56782', '835260691', '333', '1599847776265296', '10-jan-2019', 'Y', 'NY', 'PIT');
insert into Reservation values ('75195', '242319507', '497', '3072360526791808', '8-oct-2019', 'Y', 'PIT', 'BOS');
insert into Reservation values ('57428', '799678053', '2824', '2055617585737246', '6-nov-2018', 'Y', 'BOS', 'CHI');
insert into Reservation values ('68475', '853853285', '3432', '4548629376013029', '1-sep-2018', 'Y', 'CHI', 'LA');
insert into Reservation values ('38531', '781159418', '4115', '9294155501140529', '13-jul-2018', 'Y', 'LA', 'MIL');
insert into Reservation values ('78099', '353200844', '1160', '9313504637030075', '12-jan-2019', 'N', 'MIL', 'NY');
insert into Reservation values ('48265', '476782296', '308', '3142885625726743', '4-oct-2016', 'Y', 'NY', 'PIT');
insert into Reservation values ('55902', '908066623', '3712', '8627333287949538', '13-oct-2017', 'N', 'PIT', 'BOS');
insert into Reservation values ('22115', '805607309', '3139', '7882350231669129', '27-dec-2018', 'Y', 'BOS', 'CHI');
insert into Reservation values ('85572', '249586271', '504', '9636621014702615', '11-jun-2016', 'N', 'CHI', 'LA');
insert into Reservation values ('37714', '680347870', '4045', '1002126517171610', '21-dec-2019', 'Y', 'LA', 'MIL');
insert into Reservation values ('13971', '123386686', '4207', '9724272661739070', '14-dec-2016', 'N', 'MIL', 'NY');
insert into Reservation values ('35415', '366967575', '3452', '6865862365967567', '23-jan-2016', 'N', 'NY', 'PIT');
insert into Reservation values ('93767', '558576790', '3201', '8372115985221245', '11-jul-2018', 'N', 'PIT', 'BOS');
insert into Reservation values ('65408', '229904930', '3386', '2315245245197232', '22-may-2016', 'Y', 'BOS', 'CHI');
insert into Reservation values ('68325', '686800873', '3843', '1874629909198339', '24-dec-2018', 'Y', 'CHI', 'LA');
insert into Reservation values ('62463', '338752980', '2502', '2300174222088283', '13-feb-2019', 'N', 'LA', 'MIL');
insert into Reservation values ('25542', '441162720', '3525', '6537611255086308', '21-mar-2018', 'N', 'MIL', 'NY');
insert into Reservation values ('97632', '647923037', '1867', '9013236201403000', '10-nov-2017', 'N', 'NY', 'PIT');
insert into Reservation values ('51444', '190601471', '3981', '2913743538104303', '27-sep-2018', 'N', 'PIT', 'BOS');
insert into Reservation values ('33583', '940274904', '3313', '2945762056772817', '24-jul-2018', 'N', 'BOS', 'CHI');
insert into Reservation values ('40749', '292787861', '2921', '1085937508814131', '21-mar-2018', 'N', 'CHI', 'LA');
insert into Reservation values ('81896', '985701599', '3608', '3541041432638264', '16-nov-2017', 'Y', 'LA', 'MIL');
insert into Reservation values ('82414', '252214964', '1338', '3505060496350762', '14-aug-2019', 'N', 'MIL', 'NY');
insert into Reservation values ('55641', '607149182', '1186', '7801405769052001', '25-jul-2017', 'Y', 'NY', 'PIT');
insert into Reservation values ('81344', '257792685', '3536', '7534263821105936', '4-aug-2019', 'N', 'PIT', 'BOS');
insert into Reservation values ('36471', '323558824', '3865', '8334671588547782', '2-aug-2017', 'Y', 'BOS', 'CHI');
insert into Reservation values ('79753', '883801418', '4001', '2647855991326832', '10-jul-2018', 'Y', 'CHI', 'LA');
insert into Reservation values ('61032', '705662907', '2634', '6446776838090418', '20-feb-2019', 'N', 'LA', 'MIL');
insert into Reservation values ('92678', '227567495', '4140', '1810950207130646', '24-aug-2017', 'Y', 'MIL', 'NY');
insert into Reservation values ('25803', '303656903', '1523', '6301719680974981', '14-aug-2019', 'Y', 'NY', 'PIT');
insert into Reservation values ('52728', '867800606', '2181', '6711854992780829', '12-aug-2016', 'N', 'PIT', 'BOS');
insert into Reservation values ('28703', '814699550', '4530', '8102984566945102', '1-feb-2019', 'Y', 'BOS', 'CHI');
insert into Reservation values ('23578', '825660056', '3597', '9497672957482920', '21-feb-2017', 'Y', 'CHI', 'LA');
insert into Reservation values ('44536', '355450138', '2443', '3850431762161172', '23-oct-2018', 'Y', 'LA', 'MIL');
insert into Reservation values ('59040', '812509224', '3643', '2889301554554914', '11-aug-2018', 'Y', 'MIL', 'NY');
insert into Reservation values ('21410', '923587084', '813', '1165776834471515', '27-jun-2016', 'N', 'NY', 'PIT');
insert into Reservation values ('39736', '474326371', '4192', '6284812410550362', '23-jul-2016', 'Y', 'PIT', 'BOS');
insert into Reservation values ('81325', '616752438', '3574', '1242264553276777', '28-mar-2016', 'N', 'BOS', 'CHI');
insert into Reservation values ('17860', '868548723', '4453', '3245745977559646', '25-apr-2019', 'N', 'CHI', 'LA');
insert into Reservation values ('53049', '476167889', '4750', '1312826346342625', '20-apr-2016', 'Y', 'LA', 'MIL');
insert into Reservation values ('12403', '132239844', '939', '8304906124468705', '20-apr-2019', 'Y', 'MIL', 'NY');
insert into Reservation values ('71609', '212114452', '1404', '1601687716639433', '10-oct-2019', 'Y', 'NY', 'PIT');
insert into Reservation values ('13589', '745079319', '770', '3734092832054203', '5-jul-2018', 'N', 'PIT', 'BOS');
insert into Reservation values ('73193', '382914405', '3719', '4773000542756619', '12-oct-2016', 'N', 'BOS', 'CHI');
insert into Reservation values ('20197', '382018608', '1981', '3316735816885689', '17-sep-2016', 'N', 'CHI', 'LA');
insert into Reservation values ('16410', '180064389', '195', '5243910855264779', '24-nov-2019', 'Y', 'LA', 'MIL');
insert into Reservation values ('20927', '953061911', '2662', '6803434554006523', '26-aug-2018', 'Y', 'MIL', 'NY');
insert into Reservation values ('76807', '574251045', '1405', '7139547028272756', '11-feb-2019', 'Y', 'NY', 'PIT');
insert into Reservation values ('82826', '873879802', '4397', '4492628614294329', '7-dec-2018', 'Y', 'PIT', 'BOS');
insert into Reservation values ('48066', '965011240', '4755', '1340266970525785', '14-aug-2016', 'N', 'BOS', 'CHI');
insert into Reservation values ('44338', '883013832', '834', '2544872097029614', '4-jun-2016', 'N', 'CHI', 'LA');
insert into Reservation values ('99370', '463407693', '2818', '9214637634243383', '28-apr-2017', 'Y', 'LA', 'MIL');
insert into Reservation values ('76610', '706956961', '2444', '9646338331724057', '12-apr-2017', 'Y', 'MIL', 'NY');
insert into Reservation values ('42701', '990561478', '2366', '8730870105806244', '8-apr-2016', 'N', 'NY', 'PIT');
insert into Reservation values ('12865', '554120538', '3659', '1711641049672988', '4-aug-2017', 'Y', 'PIT', 'BOS');
insert into Reservation values ('20663', '445455176', '1393', '8078763687138955', '7-apr-2017', 'N', 'BOS', 'CHI');
insert into Reservation values ('73956', '435659356', '3678', '7541973104170685', '4-apr-2016', 'Y', 'CHI', 'LA');
insert into Reservation values ('14874', '358719762', '4897', '6986621192725753', '2-sep-2017', 'N', 'LA', 'MIL');
insert into Reservation values ('47877', '988140908', '1628', '9819644495082972', '25-nov-2019', 'Y', 'MIL', 'NY');
insert into Reservation values ('23140', '831076518', '3028', '5979073349727561', '11-jul-2017', 'Y', 'NY', 'PIT');
insert into Reservation values ('40202', '206613312', '983', '4018366030224145', '23-mar-2017', 'N', 'PIT', 'BOS');
insert into Reservation values ('24628', '158150359', '3336', '1679742431820785', '2-apr-2017', 'Y', 'BOS', 'CHI');
insert into Reservation values ('57250', '612519991', '790', '7284322048000154', '5-may-2017', 'Y', 'CHI', 'LA');
insert into Reservation values ('25651', '874079787', '1121', '8853773253858587', '25-jun-2016', 'N', 'LA', 'MIL');
insert into Reservation values ('57381', '286289666', '3209', '8584530934244285', '14-apr-2016', 'N', 'MIL', 'NY');
insert into Reservation values ('45222', '539635952', '718', '7258453654106159', '15-may-2016', 'Y', 'NY', 'PIT');
insert into Reservation values ('14648', '153462887', '1444', '9928344591544379', '4-apr-2017', 'N', 'PIT', 'BOS');
insert into Reservation values ('55094', '658873073', '4125', '5901016122751424', '16-aug-2018', 'Y', 'BOS', 'CHI');
insert into Reservation values ('48569', '771477022', '2429', '7093271667203092', '22-oct-2019', 'Y', 'CHI', 'LA');
insert into Reservation values ('22964', '445817389', '4770', '9821380673913790', '1-mar-2017', 'N', 'LA', 'MIL');
insert into Reservation values ('92467', '135663338', '586', '1709231715392547', '9-oct-2019', 'Y', 'MIL', 'NY');
insert into Reservation values ('93453', '551367201', '736', '1811013265034092', '20-sep-2018', 'Y', 'NY', 'PIT');
insert into Reservation values ('36329', '739805667', '1995', '2973906660600581', '2-dec-2016', 'N', 'PIT', 'BOS');
insert into Reservation values ('66754', '891173872', '3914', '9067462413364498', '28-dec-2018', 'N', 'BOS', 'CHI');
insert into Reservation values ('64244', '204121367', '918', '6659223646967116', '16-apr-2018', 'N', 'CHI', 'LA');
insert into Reservation values ('80339', '863034733', '180', '3266633383110674', '17-jul-2018', 'N', 'LA', 'MIL');
insert into Reservation values ('39907', '886394889', '278', '6116541173487844', '5-nov-2018', 'N', 'MIL', 'NY');
insert into Reservation values ('76329', '681346590', '4081', '4350835649203698', '5-aug-2018', 'N', 'NY', 'PIT');
insert into Reservation values ('57475', '841574910', '667', '9725441881636423', '27-feb-2017', 'Y', 'PIT', 'BOS');
insert into Reservation values ('67943', '432001784', '2020', '3535693135318104', '2-jun-2018', 'Y', 'BOS', 'CHI');
insert into Reservation values ('73710', '229194798', '1036', '6015007460056598', '26-feb-2019', 'Y', 'CHI', 'LA');
insert into Reservation values ('21074', '113245440', '2161', '6426839511058676', '2-mar-2018', 'N', 'LA', 'MIL');
insert into Reservation values ('90822', '459823068', '2087', '5015757699490470', '18-sep-2019', 'N', 'MIL', 'NY');
insert into Reservation values ('29676', '803479844', '2699', '1257868801393423', '15-nov-2019', 'N', 'NY', 'PIT');
insert into Reservation values ('74548', '160896017', '3599', '2892350066517627', '23-dec-2016', 'N', 'PIT', 'BOS');
insert into Reservation values ('60948', '960570680', '1559', '7003921153025882', '15-oct-2016', 'Y', 'BOS', 'CHI');
insert into Reservation values ('58992', '322504599', '2725', '3007649252054286', '8-mar-2018', 'Y', 'CHI', 'LA');
insert into Reservation values ('37242', '384852053', '2081', '1950371318214233', '10-may-2017', 'N', 'LA', 'MIL');
insert into Reservation values ('61395', '920896041', '4022', '1983542662763699', '8-may-2019', 'N', 'MIL', 'NY');
insert into Reservation values ('93431', '941851465', '4971', '5546802225084520', '2-may-2016', 'N', 'NY', 'PIT');
insert into Reservation values ('42539', '912284922', '1273', '7018945202886494', '19-jul-2016', 'N', 'PIT', 'BOS');
insert into Reservation values ('76622', '774588877', '2817', '1383607407867780', '25-may-2019', 'N', 'BOS', 'CHI');
insert into Reservation values ('80096', '115413173', '936', '9075171064640124', '3-mar-2016', 'N', 'CHI', 'LA');
insert into Reservation values ('23579', '268175826', '4979', '7357449390734488', '7-feb-2018', 'Y', 'LA', 'MIL');
insert into Reservation values ('74306', '466967109', '3129', '4929236620354557', '19-jul-2016', 'Y', 'MIL', 'NY');
insert into Reservation values ('68660', '527003895', '1709', '4408896438919738', '19-mar-2016', 'N', 'NY', 'PIT');
insert into Reservation values ('27668', '631412200', '3539', '4169569822251933', '21-feb-2018', 'N', 'PIT', 'BOS');
insert into Reservation values ('95135', '619136959', '3883', '4779341011468468', '6-may-2018', 'N', 'BOS', 'CHI');
insert into Reservation values ('11338', '957634322', '3836', '9759885099515120', '6-sep-2018', 'Y', 'CHI', 'LA');
insert into Reservation values ('18640', '306165036', '4390', '8032604973909555', '8-jul-2019', 'Y', 'LA', 'MIL');
insert into Reservation values ('50971', '907767340', '2300', '3842802004252707', '20-mar-2017', 'Y', 'MIL', 'NY');
insert into Reservation values ('43010', '637728027', '1283', '1290095448755366', '17-apr-2019', 'Y', 'NY', 'PIT');
insert into Reservation values ('66316', '323237816', '1113', '8939518227248060', '7-oct-2019', 'Y', 'PIT', 'BOS');
insert into Reservation values ('92162', '492553721', '2176', '4621938469563748', '11-jun-2018', 'Y', 'BOS', 'CHI');
insert into Reservation values ('27713', '687392484', '1334', '1624252948286569', '22-dec-2016', 'Y', 'CHI', 'LA');
insert into Reservation values ('46212', '710320435', '3038', '7229000233513296', '9-apr-2016', 'N', 'LA', 'MIL');
insert into Reservation values ('32180', '648970166', '579', '1017903614119673', '4-jun-2019', 'Y', 'MIL', 'NY');
insert into Reservation values ('57219', '158795689', '3379', '9655943585795248', '11-dec-2016', 'N', 'NY', 'PIT');
insert into Reservation values ('19835', '932624831', '3589', '2448550405499820', '28-nov-2017', 'N', 'PIT', 'BOS');
insert into Reservation values ('95813', '711511907', '29', '1017731512530561', '18-jul-2017', 'N', 'BOS', 'CHI');
insert into Reservation values ('93498', '495125020', '818', '2729559537886349', '21-oct-2019', 'N', 'CHI', 'LA');
insert into Reservation values ('59525', '545884892', '3712', '2491999637307020', '21-may-2016', 'Y', 'LA', 'MIL');
insert into Reservation values ('45020', '428112495', '2518', '4459420585267850', '5-jan-2016', 'N', 'MIL', 'NY');
insert into Reservation values ('69879', '377564097', '1463', '2506654994595089', '8-aug-2018', 'Y', 'NY', 'PIT');
insert into Reservation values ('52446', '251442546', '3683', '1465610719732107', '6-nov-2018', 'Y', 'PIT', 'BOS');
insert into Reservation values ('44632', '430723803', '900', '7810935729383754', '1-jul-2016', 'Y', 'BOS', 'CHI');
insert into Reservation values ('27319', '830833089', '1960', '9352065696046541', '25-feb-2019', 'Y', 'CHI', 'LA');
insert into Reservation values ('43241', '299208057', '545', '5587040694374375', '26-jan-2017', 'Y', 'LA', 'MIL');
insert into Reservation values ('39101', '439001423', '4577', '7161986310421062', '17-dec-2016', 'N', 'MIL', 'NY');
insert into Reservation values ('65039', '364818351', '3289', '2733201358202230', '13-jul-2018', 'N', 'NY', 'PIT');
insert into Reservation values ('84995', '619603902', '2845', '8226127778224773', '7-oct-2019', 'N', 'PIT', 'BOS');
insert into Reservation values ('22832', '884900701', '2893', '8563765623698520', '11-apr-2018', 'N', 'BOS', 'CHI');
insert into Reservation values ('16096', '228341327', '3934', '5233054087628355', '18-may-2017', 'N', 'CHI', 'LA');
insert into Reservation values ('40037', '232358305', '3525', '7233557528224427', '10-aug-2018', 'N', 'LA', 'MIL');
insert into Reservation values ('98388', '688431962', '1013', '7906113175743600', '17-feb-2019', 'Y', 'MIL', 'NY');
insert into Reservation values ('99499', '859187181', '2616', '2097337995928179', '14-may-2018', 'Y', 'NY', 'PIT');
insert into Reservation values ('47593', '256835349', '165', '4371524833095299', '2-dec-2017', 'N', 'PIT', 'BOS');
insert into Reservation values ('59444', '761239309', '17', '4189563847480412', '9-aug-2016', 'N', 'BOS', 'CHI');
insert into Reservation values ('69370', '357470712', '2856', '7961612999640820', '7-sep-2019', 'N', 'CHI', 'LA');
insert into Reservation values ('59485', '585198565', '1134', '5930476846938085', '6-may-2019', 'N', 'LA', 'MIL');
insert into Reservation values ('39508', '920169487', '3309', '1284590065684882', '13-dec-2017', 'Y', 'MIL', 'NY');
insert into Reservation values ('55025', '976048138', '4551', '1063988374041957', '4-oct-2019', 'N', 'NY', 'PIT');
insert into Reservation values ('57305', '882560419', '4279', '3372513704946407', '11-mar-2016', 'N', 'PIT', 'BOS');
insert into Reservation values ('81990', '227329530', '4477', '2353209816568816', '5-may-2019', 'N', 'BOS', 'CHI');
insert into Reservation values ('95271', '332825388', '1317', '9978273980394395', '12-dec-2016', 'N', 'CHI', 'LA');
insert into Reservation values ('62594', '341877428', '11', '6101943917937215', '24-oct-2017', 'N', 'LA', 'MIL');
insert into Reservation values ('55712', '748201156', '2304', '2361140689303378', '8-aug-2016', 'N', 'MIL', 'NY');
insert into Reservation values ('15617', '810082974', '187', '3461333021203150', '3-dec-2019', 'Y', 'NY', 'PIT');
insert into Reservation values ('84276', '227502856', '3434', '6943439982464745', '22-may-2016', 'Y', 'PIT', 'BOS');
insert into Reservation values ('87638', '590401333', '2067', '7932211069068055', '14-oct-2017', 'N', 'BOS', 'CHI');
insert into Reservation values ('42396', '137351606', '1721', '6510677084822268', '10-apr-2017', 'N', 'CHI', 'LA');
insert into Reservation values ('75413', '998626040', '4659', '6585729306929722', '20-apr-2018', 'N', 'LA', 'MIL');
insert into Reservation values ('27493', '771822664', '4264', '6149960708623503', '20-nov-2019', 'Y', 'MIL', 'NY');
insert into Reservation values ('65677', '790973861', '4686', '6545085121211887', '26-jul-2018', 'Y', 'NY', 'PIT');
insert into Reservation values ('27811', '848845847', '3217', '9217085304056034', '15-dec-2017', 'Y', 'PIT', 'BOS');


--Airline sample data

insert into Airline values ('001', 'United Airlines', 'UAL', 1931);
insert into Airline values ('002', 'Delta Airlines', 'DAL', 1931);
insert into Airline values ('003', 'American Airlines', 'AME', 1931);
insert into Airline values ('004', 'Northwest Airlines', 'NWA', 1931);
insert into Airline values ('005', 'Southwest Airlines', 'SWA', 1931);
insert into Airline values ('006', 'Fronteir Airlines', 'FAL', 1931);
insert into Airline values ('007', 'Malaysia Airlines', 'MAL', 1931);
insert into Airline values ('008', 'Emirates Airlines', 'EAL', 1931);
insert into Airline values ('009', 'Alaska Airlines', 'AAL', 1931);
insert into Airline values ('010', 'JetBlue', 'JTB', 1931);


--Plane sample data

insert into Plane values ('C00', 'Cessna', 194, '23-apr-1988', 1979, '001');
insert into Plane values ('C01', 'Cessna', 212, '27-apr-2008', 1995, '002');
insert into Plane values ('C02', 'Cessna', 79, '3-jan-2004', 1967, '003');
insert into Plane values ('C03', 'Cessna', 68, '27-jul-1994', 2003, '004');
insert into Plane values ('C04', 'Cessna', 100, '4-jun-1994', 1974, '005');
insert into Plane values ('C05', 'Cessna', 240, '2-feb-2000', 1995, '006');
insert into Plane values ('C06', 'Cessna', 54, '3-aug-1989', 2006, '007');
insert into Plane values ('C07', 'Cessna', 184, '10-jul-1997', 2010, '008');
insert into Plane values ('C08', 'Cessna', 139, '26-jul-1989', 1997, '009');
insert into Plane values ('C09', 'Cessna', 167, '18-jun-1991', 1996, '010');
insert into Plane values ('C010', 'Cessna', 107, '20-sep-1998', 1969, '001');
insert into Plane values ('C011', 'Cessna', 61, '17-jun-2003', 1972, '002');
insert into Plane values ('C012', 'Cessna', 162, '16-mar-2002', 2004, '003');
insert into Plane values ('C013', 'Cessna', 68, '2-apr-1995', 1969, '004');
insert into Plane values ('C014', 'Cessna', 187, '16-jul-1994', 2000, '005');
insert into Plane values ('C015', 'Cessna', 155, '11-feb-1996', 1996, '006');
insert into Plane values ('C016', 'Cessna', 124, '22-dec-2009', 1987, '007');
insert into Plane values ('C017', 'Cessna', 112, '17-nov-1987', 1983, '008');
insert into Plane values ('C018', 'Cessna', 238, '10-jan-2007', 1978, '009');
insert into Plane values ('C019', 'Cessna', 237, '10-apr-2000', 1983, '010');
insert into Plane values ('C020', 'Cessna', 245, '12-jul-1985', 1987, '001');
insert into Plane values ('C021', 'Cessna', 221, '17-sep-2005', 1983, '002');
insert into Plane values ('C022', 'Cessna', 189, '16-jan-2007', 1981, '003');
insert into Plane values ('C023', 'Cessna', 68, '28-oct-1997', 1997, '004');
insert into Plane values ('C024', 'Cessna', 129, '25-apr-2005', 2007, '005');
insert into Plane values ('C025', 'Cessna', 129, '22-jan-2010', 1991, '006');
insert into Plane values ('C026', 'Cessna', 99, '27-nov-2009', 2008, '007');
insert into Plane values ('C027', 'Cessna', 239, '18-apr-1999', 1998, '008');
insert into Plane values ('C028', 'Cessna', 131, '10-oct-1993', 1998, '009');
insert into Plane values ('C029', 'Cessna', 76, '1-jun-2002', 1988, '010');


--Flight sample data

insert into Flight values ('0', '001', 'C00', 'NY', 'PIT', '634', '1240', 'SMTWTFS');
insert into Flight values ('1', '002', 'C01', 'PIT', 'BOS', '2130', '2537', 'SMTWTFS');
insert into Flight values ('2', '003', 'C02', 'BOS', 'CHI', '1545', '2085', 'SMTWTFS');
insert into Flight values ('3', '004', 'C03', 'CHI', 'LA', '455', '582', 'SMTWTFS');
insert into Flight values ('4', '005', 'C04', 'LA', 'MIL', '231', '559', 'SMTWTFS');
insert into Flight values ('5', '006', 'C05', 'MIL', 'NY', '544', '1035', 'SMTWTFS');
insert into Flight values ('6', '007', 'C06', 'NY', 'PIT', '1658', '2158', 'SMTWTFS');
insert into Flight values ('7', '008', 'C07', 'PIT', 'BOS', '1867', '2633', 'SMTWTFS');
insert into Flight values ('8', '009', 'C08', 'BOS', 'CHI', '2067', '2570', 'SMTWTFS');
insert into Flight values ('9', '010', 'C09', 'CHI', 'LA', '800', '1075', 'SMTWTFS');
insert into Flight values ('10', '001', 'C010', 'LA', 'MIL', '530', '913', 'SMTWTFS');
insert into Flight values ('11', '002', 'C011', 'MIL', 'NY', '1434', '1821', 'SMTWTFS');
insert into Flight values ('12', '003', 'C012', 'NY', 'PIT', '1144', '1529', 'SMTWTFS');
insert into Flight values ('13', '004', 'C013', 'PIT', 'BOS', '1097', '1746', 'SMTWTFS');
insert into Flight values ('14', '005', 'C014', 'BOS', 'CHI', '1503', '1949', 'SMTWTFS');
insert into Flight values ('15', '006', 'C015', 'CHI', 'LA', '1517', '1813', 'SMTWTFS');
insert into Flight values ('16', '007', 'C016', 'LA', 'MIL', '1344', '1457', 'SMTWTFS');
insert into Flight values ('17', '008', 'C017', 'MIL', 'NY', '1842', '2406', 'SMTWTFS');
insert into Flight values ('18', '009', 'C018', 'NY', 'PIT', '745', '1400', 'SMTWTFS');
insert into Flight values ('19', '010', 'C019', 'PIT', 'BOS', '794', '1399', 'SMTWTFS');
insert into Flight values ('20', '001', 'C020', 'BOS', 'CHI', '1294', '1498', 'SMTWTFS');
insert into Flight values ('21', '002', 'C021', 'CHI', 'LA', '579', '973', 'SMTWTFS');
insert into Flight values ('22', '003', 'C022', 'LA', 'MIL', '1328', '1683', 'SMTWTFS');
insert into Flight values ('23', '004', 'C023', 'MIL', 'NY', '233', '545', 'SMTWTFS');
insert into Flight values ('24', '005', 'C024', 'NY', 'PIT', '1994', '2721', 'SMTWTFS');
insert into Flight values ('25', '006', 'C025', 'PIT', 'BOS', '702', '1486', 'SMTWTFS');
insert into Flight values ('26', '007', 'C026', 'BOS', 'CHI', '875', '1451', 'SMTWTFS');
insert into Flight values ('27', '008', 'C027', 'CHI', 'LA', '2324', '2888', 'SMTWTFS');
insert into Flight values ('28', '009', 'C028', 'LA', 'MIL', '890', '1112', 'SMTWTFS');
insert into Flight values ('29', '010', 'C029', 'MIL', 'NY', '1233', '1973', 'SMTWTFS');
insert into Flight values ('30', '001', 'C00', 'NY', 'PIT', '315', '1015', 'SMTWTFS');
insert into Flight values ('31', '002', 'C01', 'PIT', 'BOS', '1762', '2141', 'SMTWTFS');
insert into Flight values ('32', '003', 'C02', 'BOS', 'CHI', '557', '1283', 'SMTWTFS');
insert into Flight values ('33', '004', 'C03', 'CHI', 'LA', '1123', '1656', 'SMTWTFS');
insert into Flight values ('34', '005', 'C04', 'LA', 'MIL', '399', '772', 'SMTWTFS');
insert into Flight values ('35', '006', 'C05', 'MIL', 'NY', '353', '657', 'SMTWTFS');
insert into Flight values ('36', '007', 'C06', 'NY', 'PIT', '2009', '2502', 'SMTWTFS');
insert into Flight values ('37', '008', 'C07', 'PIT', 'BOS', '1738', '2117', 'SMTWTFS');
insert into Flight values ('38', '009', 'C08', 'BOS', 'CHI', '2142', '2366', 'SMTWTFS');
insert into Flight values ('39', '010', 'C09', 'CHI', 'LA', '2183', '2859', 'SMTWTFS');
insert into Flight values ('40', '001', 'C010', 'LA', 'MIL', '2278', '2806', 'SMTWTFS');
insert into Flight values ('41', '002', 'C011', 'MIL', 'NY', '1085', '1573', 'SMTWTFS');
insert into Flight values ('42', '003', 'C012', 'NY', 'PIT', '1492', '2242', 'SMTWTFS');
insert into Flight values ('43', '004', 'C013', 'PIT', 'BOS', '287', '775', 'SMTWTFS');
insert into Flight values ('44', '005', 'C014', 'BOS', 'CHI', '2090', '2422', 'SMTWTFS');
insert into Flight values ('45', '006', 'C015', 'CHI', 'LA', '876', '1298', 'SMTWTFS');
insert into Flight values ('46', '007', 'C016', 'LA', 'MIL', '1123', '1854', 'SMTWTFS');
insert into Flight values ('47', '008', 'C017', 'MIL', 'NY', '542', '850', 'SMTWTFS');
insert into Flight values ('48', '009', 'C018', 'NY', 'PIT', '241', '590', 'SMTWTFS');
insert into Flight values ('49', '010', 'C019', 'PIT', 'BOS', '438', '1159', 'SMTWTFS');
insert into Flight values ('50', '001', 'C020', 'BOS', 'CHI', '2166', '2474', 'SMTWTFS');
insert into Flight values ('51', '002', 'C021', 'CHI', 'LA', '1372', '1840', 'SMTWTFS');
insert into Flight values ('52', '003', 'C022', 'LA', 'MIL', '1730', '2497', 'SMTWTFS');
insert into Flight values ('53', '004', 'C023', 'MIL', 'NY', '204', '976', 'SMTWTFS');
insert into Flight values ('54', '005', 'C024', 'NY', 'PIT', '1846', '2145', 'SMTWTFS');
insert into Flight values ('55', '006', 'C025', 'PIT', 'BOS', '2256', '2825', 'SMTWTFS');
insert into Flight values ('56', '007', 'C026', 'BOS', 'CHI', '1202', '1577', 'SMTWTFS');
insert into Flight values ('57', '008', 'C027', 'CHI', 'LA', '2077', '2245', 'SMTWTFS');
insert into Flight values ('58', '009', 'C028', 'LA', 'MIL', '2196', '2324', 'SMTWTFS');
insert into Flight values ('59', '010', 'C029', 'MIL', 'NY', '1260', '1873', 'SMTWTFS');
insert into Flight values ('60', '001', 'C00', 'NY', 'PIT', '907', '1373', 'SMTWTFS');
insert into Flight values ('61', '002', 'C01', 'PIT', 'BOS', '617', '1403', 'SMTWTFS');
insert into Flight values ('62', '003', 'C02', 'BOS', 'CHI', '693', '1092', 'SMTWTFS');
insert into Flight values ('63', '004', 'C03', 'CHI', 'LA', '2136', '2705', 'SMTWTFS');
insert into Flight values ('64', '005', 'C04', 'LA', 'MIL', '109', '279', 'SMTWTFS');
insert into Flight values ('65', '006', 'C05', 'MIL', 'NY', '565', '911', 'SMTWTFS');
insert into Flight values ('66', '007', 'C06', 'NY', 'PIT', '1947', '2316', 'SMTWTFS');
insert into Flight values ('67', '008', 'C07', 'PIT', 'BOS', '1694', '2349', 'SMTWTFS');
insert into Flight values ('68', '009', 'C08', 'BOS', 'CHI', '350', '1117', 'SMTWTFS');
insert into Flight values ('69', '010', 'C09', 'CHI', 'LA', '2085', '2676', 'SMTWTFS');
insert into Flight values ('70', '001', 'C010', 'LA', 'MIL', '1748', '2525', 'SMTWTFS');
insert into Flight values ('71', '002', 'C011', 'MIL', 'NY', '1215', '1495', 'SMTWTFS');
insert into Flight values ('72', '003', 'C012', 'NY', 'PIT', '1437', '1931', 'SMTWTFS');
insert into Flight values ('73', '004', 'C013', 'PIT', 'BOS', '1237', '1979', 'SMTWTFS');
insert into Flight values ('74', '005', 'C014', 'BOS', 'CHI', '1196', '1841', 'SMTWTFS');
insert into Flight values ('75', '006', 'C015', 'CHI', 'LA', '671', '1066', 'SMTWTFS');
insert into Flight values ('76', '007', 'C016', 'LA', 'MIL', '458', '646', 'SMTWTFS');
insert into Flight values ('77', '008', 'C017', 'MIL', 'NY', '1145', '1357', 'SMTWTFS');
insert into Flight values ('78', '009', 'C018', 'NY', 'PIT', '869', '1045', 'SMTWTFS');
insert into Flight values ('79', '010', 'C019', 'PIT', 'BOS', '700', '1105', 'SMTWTFS');
insert into Flight values ('80', '001', 'C020', 'BOS', 'CHI', '1201', '1424', 'SMTWTFS');
insert into Flight values ('81', '002', 'C021', 'CHI', 'LA', '2007', '2401', 'SMTWTFS');
insert into Flight values ('82', '003', 'C022', 'LA', 'MIL', '1707', '2102', 'SMTWTFS');
insert into Flight values ('83', '004', 'C023', 'MIL', 'NY', '232', '950', 'SMTWTFS');
insert into Flight values ('84', '005', 'C024', 'NY', 'PIT', '1181', '1958', 'SMTWTFS');
insert into Flight values ('85', '006', 'C025', 'PIT', 'BOS', '1481', '2010', 'SMTWTFS');
insert into Flight values ('86', '007', 'C026', 'BOS', 'CHI', '2326', '3119', 'SMTWTFS');
insert into Flight values ('87', '008', 'C027', 'CHI', 'LA', '1431', '1979', 'SMTWTFS');
insert into Flight values ('88', '009', 'C028', 'LA', 'MIL', '1335', '2027', 'SMTWTFS');
insert into Flight values ('89', '010', 'C029', 'MIL', 'NY', '1619', '2131', 'SMTWTFS');
insert into Flight values ('90', '001', 'C00', 'NY', 'PIT', '1928', '2542', 'SMTWTFS');
insert into Flight values ('91', '002', 'C01', 'PIT', 'BOS', '1656', '2437', 'SMTWTFS');
insert into Flight values ('92', '003', 'C02', 'BOS', 'CHI', '1039', '1440', 'SMTWTFS');
insert into Flight values ('93', '004', 'C03', 'CHI', 'LA', '1577', '2142', 'SMTWTFS');
insert into Flight values ('94', '005', 'C04', 'LA', 'MIL', '2070', '2485', 'SMTWTFS');
insert into Flight values ('95', '006', 'C05', 'MIL', 'NY', '1152', '1642', 'SMTWTFS');
insert into Flight values ('96', '007', 'C06', 'NY', 'PIT', '970', '1724', 'SMTWTFS');
insert into Flight values ('97', '008', 'C07', 'PIT', 'BOS', '1677', '2032', 'SMTWTFS');
insert into Flight values ('98', '009', 'C08', 'BOS', 'CHI', '2017', '2177', 'SMTWTFS');
insert into Flight values ('99', '010', 'C09', 'CHI', 'LA', '1409', '2057', 'SMTWTFS');


--Reservation Detail sample data

insert into Reservation_detail values ('25328', '0', '23-nov-2017', 1);
insert into Reservation_detail values ('62434', '1', '15-apr-2017', 1);
insert into Reservation_detail values ('81034', '2', '13-dec-2017', 1);
insert into Reservation_detail values ('79207', '3', '6-jul-2017', 1);
insert into Reservation_detail values ('54977', '4', '27-aug-2017', 1);
insert into Reservation_detail values ('31351', '5', '4-jul-2017', 1);
insert into Reservation_detail values ('81464', '6', '26-aug-2017', 1);
insert into Reservation_detail values ('95335', '7', '25-may-2017', 1);
insert into Reservation_detail values ('96708', '8', '6-feb-2017', 1);
insert into Reservation_detail values ('69859', '9', '15-may-2017', 1);
insert into Reservation_detail values ('26041', '10', '16-apr-2017', 1);
insert into Reservation_detail values ('67728', '11', '13-apr-2017', 1);
insert into Reservation_detail values ('62711', '12', '26-dec-2017', 1);
insert into Reservation_detail values ('26938', '13', '13-oct-2017', 1);
insert into Reservation_detail values ('51756', '14', '28-nov-2017', 1);
insert into Reservation_detail values ('66874', '15', '6-feb-2017', 1);
insert into Reservation_detail values ('16462', '16', '1-nov-2017', 1);
insert into Reservation_detail values ('12616', '17', '20-jan-2017', 1);
insert into Reservation_detail values ('51561', '18', '5-jan-2017', 1);
insert into Reservation_detail values ('84717', '19', '2-may-2017', 1);
insert into Reservation_detail values ('90388', '20', '18-apr-2017', 1);
insert into Reservation_detail values ('84305', '21', '20-jun-2017', 1);
insert into Reservation_detail values ('41226', '22', '1-nov-2017', 1);
insert into Reservation_detail values ('97014', '23', '14-jan-2017', 1);
insert into Reservation_detail values ('96538', '24', '10-nov-2017', 1);
insert into Reservation_detail values ('64642', '25', '2-jan-2017', 1);
insert into Reservation_detail values ('74734', '26', '18-sep-2017', 1);
insert into Reservation_detail values ('46236', '27', '2-dec-2017', 1);
insert into Reservation_detail values ('14372', '28', '24-nov-2017', 1);
insert into Reservation_detail values ('17996', '29', '9-nov-2017', 1);
insert into Reservation_detail values ('61261', '30', '27-dec-2017', 1);
insert into Reservation_detail values ('56403', '31', '28-aug-2017', 1);
insert into Reservation_detail values ('68619', '32', '17-jan-2017', 1);
insert into Reservation_detail values ('15809', '33', '13-jan-2017', 1);
insert into Reservation_detail values ('44343', '34', '28-dec-2017', 1);
insert into Reservation_detail values ('42061', '35', '22-jan-2017', 1);
insert into Reservation_detail values ('14103', '36', '6-mar-2017', 1);
insert into Reservation_detail values ('49948', '37', '27-sep-2017', 1);
insert into Reservation_detail values ('59104', '38', '14-aug-2017', 1);
insert into Reservation_detail values ('62277', '39', '8-nov-2017', 1);
insert into Reservation_detail values ('35769', '40', '13-jul-2017', 1);
insert into Reservation_detail values ('48430', '41', '13-apr-2017', 1);
insert into Reservation_detail values ('75400', '42', '21-oct-2017', 1);
insert into Reservation_detail values ('68845', '43', '15-dec-2017', 1);
insert into Reservation_detail values ('87259', '44', '25-may-2017', 1);
insert into Reservation_detail values ('55153', '45', '13-mar-2017', 1);
insert into Reservation_detail values ('95119', '46', '5-jul-2017', 1);
insert into Reservation_detail values ('95332', '47', '20-jan-2017', 1);
insert into Reservation_detail values ('35559', '48', '1-feb-2017', 1);
insert into Reservation_detail values ('78891', '49', '26-may-2017', 1);
insert into Reservation_detail values ('88202', '50', '2-nov-2017', 1);
insert into Reservation_detail values ('40322', '51', '9-dec-2017', 1);
insert into Reservation_detail values ('44601', '52', '11-mar-2017', 1);
insert into Reservation_detail values ('98265', '53', '12-mar-2017', 1);
insert into Reservation_detail values ('63580', '54', '21-may-2017', 1);
insert into Reservation_detail values ('98174', '55', '26-apr-2017', 1);
insert into Reservation_detail values ('39357', '56', '4-apr-2017', 1);
insert into Reservation_detail values ('69717', '57', '18-sep-2017', 1);
insert into Reservation_detail values ('57606', '58', '16-oct-2017', 1);
insert into Reservation_detail values ('49902', '59', '16-nov-2017', 1);
insert into Reservation_detail values ('46727', '60', '23-feb-2017', 1);
insert into Reservation_detail values ('21665', '61', '12-mar-2017', 1);
insert into Reservation_detail values ('86774', '62', '10-jan-2017', 1);
insert into Reservation_detail values ('33013', '63', '19-may-2017', 1);
insert into Reservation_detail values ('17353', '64', '1-mar-2017', 1);
insert into Reservation_detail values ('98710', '65', '12-jan-2017', 1);
insert into Reservation_detail values ('60631', '66', '26-apr-2017', 1);
insert into Reservation_detail values ('62567', '67', '9-dec-2017', 1);
insert into Reservation_detail values ('56324', '68', '23-sep-2017', 1);
insert into Reservation_detail values ('18936', '69', '7-dec-2017', 1);
insert into Reservation_detail values ('63891', '70', '26-jan-2017', 1);
insert into Reservation_detail values ('59554', '71', '4-jan-2017', 1);
insert into Reservation_detail values ('74996', '72', '8-oct-2017', 1);
insert into Reservation_detail values ('93211', '73', '23-may-2017', 1);
insert into Reservation_detail values ('83499', '74', '5-apr-2017', 1);
insert into Reservation_detail values ('56713', '75', '9-jul-2017', 1);
insert into Reservation_detail values ('16769', '76', '15-jun-2017', 1);
insert into Reservation_detail values ('25301', '77', '1-mar-2017', 1);
insert into Reservation_detail values ('10299', '78', '21-jan-2017', 1);
insert into Reservation_detail values ('71836', '79', '8-jun-2017', 1);
insert into Reservation_detail values ('43439', '80', '24-may-2017', 1);
insert into Reservation_detail values ('78517', '81', '6-nov-2017', 1);
insert into Reservation_detail values ('90976', '82', '19-oct-2017', 1);
insert into Reservation_detail values ('33051', '83', '21-mar-2017', 1);
insert into Reservation_detail values ('78255', '84', '4-may-2017', 1);
insert into Reservation_detail values ('13686', '85', '3-may-2017', 1);
insert into Reservation_detail values ('27336', '86', '19-mar-2017', 1);
insert into Reservation_detail values ('53074', '87', '1-oct-2017', 1);
insert into Reservation_detail values ('72605', '88', '11-nov-2017', 1);
insert into Reservation_detail values ('40089', '89', '22-jan-2017', 1);
insert into Reservation_detail values ('36466', '90', '1-oct-2017', 1);
insert into Reservation_detail values ('49054', '91', '7-may-2017', 1);
insert into Reservation_detail values ('76221', '92', '21-may-2017', 1);
insert into Reservation_detail values ('37472', '93', '5-sep-2017', 1);
insert into Reservation_detail values ('50872', '94', '28-jan-2017', 1);
insert into Reservation_detail values ('23614', '95', '14-jan-2017', 1);
insert into Reservation_detail values ('25855', '96', '17-nov-2017', 1);
insert into Reservation_detail values ('20521', '97', '19-sep-2017', 1);
insert into Reservation_detail values ('15169', '98', '15-nov-2017', 1);
insert into Reservation_detail values ('11140', '99', '3-feb-2017', 1);
insert into Reservation_detail values ('92122', '0', '20-oct-2017', 1);
insert into Reservation_detail values ('76030', '1', '24-jun-2017', 1);
insert into Reservation_detail values ('14847', '2', '27-mar-2017', 1);
insert into Reservation_detail values ('84021', '3', '17-oct-2017', 1);
insert into Reservation_detail values ('59409', '4', '12-dec-2017', 1);
insert into Reservation_detail values ('69829', '5', '5-jan-2017', 1);
insert into Reservation_detail values ('58463', '6', '12-dec-2017', 1);
insert into Reservation_detail values ('54737', '7', '12-sep-2017', 1);
insert into Reservation_detail values ('76208', '8', '11-jul-2017', 1);
insert into Reservation_detail values ('96864', '9', '6-mar-2017', 1);
insert into Reservation_detail values ('33076', '10', '22-jun-2017', 1);
insert into Reservation_detail values ('72648', '11', '26-oct-2017', 1);
insert into Reservation_detail values ('69750', '12', '6-jun-2017', 1);
insert into Reservation_detail values ('26799', '13', '28-nov-2017', 1);
insert into Reservation_detail values ('29723', '14', '25-jun-2017', 1);
insert into Reservation_detail values ('44158', '15', '10-nov-2017', 1);
insert into Reservation_detail values ('60608', '16', '23-jun-2017', 1);
insert into Reservation_detail values ('66919', '17', '24-may-2017', 1);
insert into Reservation_detail values ('26244', '18', '5-oct-2017', 1);
insert into Reservation_detail values ('93851', '19', '19-aug-2017', 1);
insert into Reservation_detail values ('84618', '20', '9-jul-2017', 1);
insert into Reservation_detail values ('26649', '21', '16-aug-2017', 1);
insert into Reservation_detail values ('67720', '22', '12-sep-2017', 1);
insert into Reservation_detail values ('36493', '23', '3-nov-2017', 1);
insert into Reservation_detail values ('53327', '24', '11-apr-2017', 1);
insert into Reservation_detail values ('33152', '25', '25-jun-2017', 1);
insert into Reservation_detail values ('72072', '26', '21-oct-2017', 1);
insert into Reservation_detail values ('55552', '27', '27-may-2017', 1);
insert into Reservation_detail values ('33447', '28', '8-oct-2017', 1);
insert into Reservation_detail values ('85261', '29', '11-apr-2017', 1);
insert into Reservation_detail values ('99413', '30', '13-sep-2017', 1);
insert into Reservation_detail values ('75926', '31', '15-mar-2017', 1);
insert into Reservation_detail values ('56992', '32', '2-dec-2017', 1);
insert into Reservation_detail values ('73390', '33', '14-jan-2017', 1);
insert into Reservation_detail values ('97002', '34', '10-dec-2017', 1);
insert into Reservation_detail values ('70234', '35', '27-aug-2017', 1);
insert into Reservation_detail values ('65488', '36', '24-apr-2017', 1);
insert into Reservation_detail values ('85575', '37', '3-sep-2017', 1);
insert into Reservation_detail values ('87214', '38', '16-dec-2017', 1);
insert into Reservation_detail values ('86724', '39', '17-may-2017', 1);
insert into Reservation_detail values ('68385', '40', '1-jul-2017', 1);
insert into Reservation_detail values ('92414', '41', '9-nov-2017', 1);
insert into Reservation_detail values ('43485', '42', '18-jan-2017', 1);
insert into Reservation_detail values ('77416', '43', '7-nov-2017', 1);
insert into Reservation_detail values ('34997', '44', '20-nov-2017', 1);
insert into Reservation_detail values ('88452', '45', '4-sep-2017', 1);
insert into Reservation_detail values ('28353', '46', '11-jul-2017', 1);
insert into Reservation_detail values ('90805', '47', '23-jul-2017', 1);
insert into Reservation_detail values ('42557', '48', '13-oct-2017', 1);
insert into Reservation_detail values ('14290', '49', '15-may-2017', 1);
insert into Reservation_detail values ('64450', '50', '19-aug-2017', 1);
insert into Reservation_detail values ('66581', '51', '10-sep-2017', 1);
insert into Reservation_detail values ('49965', '52', '10-mar-2017', 1);
insert into Reservation_detail values ('90432', '53', '11-jun-2017', 1);
insert into Reservation_detail values ('77263', '54', '17-may-2017', 1);
insert into Reservation_detail values ('96152', '55', '8-mar-2017', 1);
insert into Reservation_detail values ('89885', '56', '13-nov-2017', 1);
insert into Reservation_detail values ('24695', '57', '16-feb-2017', 1);
insert into Reservation_detail values ('21465', '58', '27-aug-2017', 1);
insert into Reservation_detail values ('10380', '59', '5-jan-2017', 1);
insert into Reservation_detail values ('41920', '60', '2-mar-2017', 1);
insert into Reservation_detail values ('70935', '61', '11-oct-2017', 1);
insert into Reservation_detail values ('67662', '62', '21-may-2017', 1);
insert into Reservation_detail values ('15083', '63', '12-mar-2017', 1);
insert into Reservation_detail values ('23898', '64', '1-may-2017', 1);
insert into Reservation_detail values ('93364', '65', '18-may-2017', 1);
insert into Reservation_detail values ('83046', '66', '6-apr-2017', 1);
insert into Reservation_detail values ('79572', '67', '7-feb-2017', 1);
insert into Reservation_detail values ('42733', '68', '26-jan-2017', 1);
insert into Reservation_detail values ('90740', '69', '24-mar-2017', 1);
insert into Reservation_detail values ('61927', '70', '6-nov-2017', 1);
insert into Reservation_detail values ('10989', '71', '15-aug-2017', 1);
insert into Reservation_detail values ('84216', '72', '3-apr-2017', 1);
insert into Reservation_detail values ('77700', '73', '14-sep-2017', 1);
insert into Reservation_detail values ('36905', '74', '21-aug-2017', 1);
insert into Reservation_detail values ('89548', '75', '7-dec-2017', 1);
insert into Reservation_detail values ('20923', '76', '14-jun-2017', 1);
insert into Reservation_detail values ('78652', '77', '26-may-2017', 1);
insert into Reservation_detail values ('40896', '78', '19-jan-2017', 1);
insert into Reservation_detail values ('41921', '79', '17-apr-2017', 1);
insert into Reservation_detail values ('68306', '80', '11-aug-2017', 1);
insert into Reservation_detail values ('20038', '81', '5-jul-2017', 1);
insert into Reservation_detail values ('85436', '82', '21-jan-2017', 1);
insert into Reservation_detail values ('67118', '83', '4-apr-2017', 1);
insert into Reservation_detail values ('26439', '84', '15-dec-2017', 1);
insert into Reservation_detail values ('29287', '85', '19-jul-2017', 1);
insert into Reservation_detail values ('25049', '86', '4-jun-2017', 1);
insert into Reservation_detail values ('25484', '87', '25-nov-2017', 1);
insert into Reservation_detail values ('84882', '88', '8-oct-2017', 1);
insert into Reservation_detail values ('94482', '89', '21-jul-2017', 1);
insert into Reservation_detail values ('69111', '90', '9-jan-2017', 1);
insert into Reservation_detail values ('80776', '91', '4-oct-2017', 1);
insert into Reservation_detail values ('93023', '92', '6-jun-2017', 1);
insert into Reservation_detail values ('92755', '93', '17-mar-2017', 1);
insert into Reservation_detail values ('54829', '94', '17-aug-2017', 1);
insert into Reservation_detail values ('84384', '95', '20-feb-2017', 1);
insert into Reservation_detail values ('30631', '96', '20-nov-2017', 1);
insert into Reservation_detail values ('29832', '97', '11-sep-2017', 1);
insert into Reservation_detail values ('38960', '98', '10-jan-2017', 1);
insert into Reservation_detail values ('96309', '99', '1-feb-2017', 1);
insert into Reservation_detail values ('88842', '0', '19-jun-2017', 1);
insert into Reservation_detail values ('52353', '1', '22-aug-2017', 1);
insert into Reservation_detail values ('59978', '2', '18-feb-2017', 1);
insert into Reservation_detail values ('98849', '3', '23-may-2017', 1);
insert into Reservation_detail values ('56782', '4', '22-jan-2017', 1);
insert into Reservation_detail values ('75195', '5', '13-sep-2017', 1);
insert into Reservation_detail values ('57428', '6', '10-may-2017', 1);
insert into Reservation_detail values ('68475', '7', '25-nov-2017', 1);
insert into Reservation_detail values ('38531', '8', '25-jan-2017', 1);
insert into Reservation_detail values ('78099', '9', '24-oct-2017', 1);
insert into Reservation_detail values ('48265', '10', '13-jun-2017', 1);
insert into Reservation_detail values ('55902', '11', '10-apr-2017', 1);
insert into Reservation_detail values ('22115', '12', '9-may-2017', 1);
insert into Reservation_detail values ('85572', '13', '19-oct-2017', 1);
insert into Reservation_detail values ('37714', '14', '17-may-2017', 1);
insert into Reservation_detail values ('13971', '15', '13-jan-2017', 1);
insert into Reservation_detail values ('35415', '16', '20-feb-2017', 1);
insert into Reservation_detail values ('93767', '17', '25-may-2017', 1);
insert into Reservation_detail values ('65408', '18', '9-nov-2017', 1);
insert into Reservation_detail values ('68325', '19', '23-jan-2017', 1);
insert into Reservation_detail values ('62463', '20', '9-jun-2017', 1);
insert into Reservation_detail values ('25542', '21', '15-may-2017', 1);
insert into Reservation_detail values ('97632', '22', '19-feb-2017', 1);
insert into Reservation_detail values ('51444', '23', '3-jun-2017', 1);
insert into Reservation_detail values ('33583', '24', '22-sep-2017', 1);
insert into Reservation_detail values ('40749', '25', '22-mar-2017', 1);
insert into Reservation_detail values ('81896', '26', '24-feb-2017', 1);
insert into Reservation_detail values ('82414', '27', '25-mar-2017', 1);
insert into Reservation_detail values ('55641', '28', '19-dec-2017', 1);
insert into Reservation_detail values ('81344', '29', '27-nov-2017', 1);
insert into Reservation_detail values ('36471', '30', '1-dec-2017', 1);
insert into Reservation_detail values ('79753', '31', '2-nov-2017', 1);
insert into Reservation_detail values ('61032', '32', '17-nov-2017', 1);
insert into Reservation_detail values ('92678', '33', '24-oct-2017', 1);
insert into Reservation_detail values ('25803', '34', '14-may-2017', 1);
insert into Reservation_detail values ('52728', '35', '11-jul-2017', 1);
insert into Reservation_detail values ('28703', '36', '8-apr-2017', 1);
insert into Reservation_detail values ('23578', '37', '15-jun-2017', 1);
insert into Reservation_detail values ('44536', '38', '16-nov-2017', 1);
insert into Reservation_detail values ('59040', '39', '10-nov-2017', 1);
insert into Reservation_detail values ('21410', '40', '3-may-2017', 1);
insert into Reservation_detail values ('39736', '41', '23-nov-2017', 1);
insert into Reservation_detail values ('81325', '42', '4-jul-2017', 1);
insert into Reservation_detail values ('17860', '43', '15-mar-2017', 1);
insert into Reservation_detail values ('53049', '44', '21-nov-2017', 1);
insert into Reservation_detail values ('12403', '45', '1-aug-2017', 1);
insert into Reservation_detail values ('71609', '46', '4-mar-2017', 1);
insert into Reservation_detail values ('13589', '47', '23-dec-2017', 1);
insert into Reservation_detail values ('73193', '48', '3-aug-2017', 1);
insert into Reservation_detail values ('20197', '49', '16-dec-2017', 1);
insert into Reservation_detail values ('16410', '50', '1-nov-2017', 1);
insert into Reservation_detail values ('20927', '51', '20-feb-2017', 1);
insert into Reservation_detail values ('76807', '52', '11-jul-2017', 1);
insert into Reservation_detail values ('82826', '53', '23-sep-2017', 1);
insert into Reservation_detail values ('48066', '54', '27-mar-2017', 1);
insert into Reservation_detail values ('44338', '55', '19-jul-2017', 1);
insert into Reservation_detail values ('99370', '56', '9-dec-2017', 1);
insert into Reservation_detail values ('76610', '57', '5-jun-2017', 1);
insert into Reservation_detail values ('42701', '58', '17-jan-2017', 1);
insert into Reservation_detail values ('12865', '59', '17-jul-2017', 1);
insert into Reservation_detail values ('20663', '60', '3-sep-2017', 1);
insert into Reservation_detail values ('73956', '61', '7-may-2017', 1);
insert into Reservation_detail values ('14874', '62', '20-mar-2017', 1);
insert into Reservation_detail values ('47877', '63', '9-aug-2017', 1);
insert into Reservation_detail values ('23140', '64', '23-jan-2017', 1);
insert into Reservation_detail values ('40202', '65', '20-apr-2017', 1);
insert into Reservation_detail values ('24628', '66', '12-aug-2017', 1);
insert into Reservation_detail values ('57250', '67', '11-sep-2017', 1);
insert into Reservation_detail values ('25651', '68', '13-nov-2017', 1);
insert into Reservation_detail values ('57381', '69', '19-sep-2017', 1);
insert into Reservation_detail values ('45222', '70', '15-oct-2017', 1);
insert into Reservation_detail values ('14648', '71', '15-jun-2017', 1);
insert into Reservation_detail values ('55094', '72', '21-jun-2017', 1);
insert into Reservation_detail values ('48569', '73', '7-apr-2017', 1);
insert into Reservation_detail values ('22964', '74', '19-may-2017', 1);
insert into Reservation_detail values ('92467', '75', '25-jan-2017', 1);
insert into Reservation_detail values ('93453', '76', '16-dec-2017', 1);
insert into Reservation_detail values ('36329', '77', '3-sep-2017', 1);
insert into Reservation_detail values ('66754', '78', '9-may-2017', 1);
insert into Reservation_detail values ('64244', '79', '16-aug-2017', 1);
insert into Reservation_detail values ('80339', '80', '26-aug-2017', 1);
insert into Reservation_detail values ('39907', '81', '27-dec-2017', 1);
insert into Reservation_detail values ('76329', '82', '9-dec-2017', 1);
insert into Reservation_detail values ('57475', '83', '3-jun-2017', 1);
insert into Reservation_detail values ('67943', '84', '12-jun-2017', 1);
insert into Reservation_detail values ('73710', '85', '19-nov-2017', 1);
insert into Reservation_detail values ('21074', '86', '4-sep-2017', 1);
insert into Reservation_detail values ('90822', '87', '5-nov-2017', 1);
insert into Reservation_detail values ('29676', '88', '21-jan-2017', 1);
insert into Reservation_detail values ('74548', '89', '16-oct-2017', 1);
insert into Reservation_detail values ('60948', '90', '16-jun-2017', 1);
insert into Reservation_detail values ('58992', '91', '21-jun-2017', 1);
insert into Reservation_detail values ('37242', '92', '16-jan-2017', 1);
insert into Reservation_detail values ('61395', '93', '3-sep-2017', 1);
insert into Reservation_detail values ('93431', '94', '23-nov-2017', 1);
insert into Reservation_detail values ('42539', '95', '20-aug-2017', 1);
insert into Reservation_detail values ('76622', '96', '2-mar-2017', 1);
insert into Reservation_detail values ('80096', '97', '24-jan-2017', 1);
insert into Reservation_detail values ('23579', '98', '18-mar-2017', 1);
insert into Reservation_detail values ('74306', '99', '8-apr-2017', 1);
insert into Reservation_detail values ('68660', '0', '7-jun-2017', 1);
insert into Reservation_detail values ('27668', '1', '3-apr-2017', 1);
insert into Reservation_detail values ('95135', '2', '20-jan-2017', 1);
insert into Reservation_detail values ('11338', '3', '1-sep-2017', 1);
insert into Reservation_detail values ('18640', '4', '26-oct-2017', 1);
insert into Reservation_detail values ('50971', '5', '8-jun-2017', 1);
insert into Reservation_detail values ('43010', '6', '18-oct-2017', 1);
insert into Reservation_detail values ('66316', '7', '4-jul-2017', 1);
insert into Reservation_detail values ('92162', '8', '17-jan-2017', 1);
insert into Reservation_detail values ('27713', '9', '24-jan-2017', 1);
insert into Reservation_detail values ('46212', '10', '3-jun-2017', 1);
insert into Reservation_detail values ('32180', '11', '10-dec-2017', 1);
insert into Reservation_detail values ('57219', '12', '1-apr-2017', 1);
insert into Reservation_detail values ('19835', '13', '19-jun-2017', 1);
insert into Reservation_detail values ('95813', '14', '25-may-2017', 1);
insert into Reservation_detail values ('93498', '15', '19-mar-2017', 1);
insert into Reservation_detail values ('59525', '16', '13-may-2017', 1);
insert into Reservation_detail values ('45020', '17', '20-sep-2017', 1);
insert into Reservation_detail values ('69879', '18', '9-may-2017', 1);
insert into Reservation_detail values ('52446', '19', '20-dec-2017', 1);
insert into Reservation_detail values ('44632', '20', '28-jan-2017', 1);
insert into Reservation_detail values ('27319', '21', '27-may-2017', 1);
insert into Reservation_detail values ('43241', '22', '8-jul-2017', 1);
insert into Reservation_detail values ('39101', '23', '26-apr-2017', 1);
insert into Reservation_detail values ('65039', '24', '2-nov-2017', 1);
insert into Reservation_detail values ('84995', '25', '21-jun-2017', 1);
insert into Reservation_detail values ('22832', '26', '7-jan-2017', 1);
insert into Reservation_detail values ('16096', '27', '6-nov-2017', 1);
insert into Reservation_detail values ('40037', '28', '22-jun-2017', 1);
insert into Reservation_detail values ('98388', '29', '13-feb-2017', 1);
insert into Reservation_detail values ('99499', '30', '3-dec-2017', 1);
insert into Reservation_detail values ('47593', '31', '10-sep-2017', 1);
insert into Reservation_detail values ('59444', '32', '9-oct-2017', 1);
insert into Reservation_detail values ('69370', '33', '16-aug-2017', 1);
insert into Reservation_detail values ('59485', '34', '16-sep-2017', 1);
insert into Reservation_detail values ('39508', '35', '26-jan-2017', 1);
insert into Reservation_detail values ('55025', '36', '20-aug-2017', 1);
insert into Reservation_detail values ('57305', '37', '9-jun-2017', 1);
insert into Reservation_detail values ('81990', '38', '8-jul-2017', 1);
insert into Reservation_detail values ('95271', '39', '27-nov-2017', 1);
insert into Reservation_detail values ('62594', '40', '17-may-2017', 1);
insert into Reservation_detail values ('55712', '41', '1-may-2017', 1);
insert into Reservation_detail values ('15617', '42', '10-feb-2017', 1);
insert into Reservation_detail values ('84276', '43', '7-mar-2017', 1);
insert into Reservation_detail values ('87638', '44', '12-aug-2017', 1);
insert into Reservation_detail values ('42396', '45', '2-jan-2017', 1);
insert into Reservation_detail values ('75413', '46', '14-apr-2017', 1);
insert into Reservation_detail values ('27493', '47', '13-apr-2017', 1);
insert into Reservation_detail values ('65677', '48', '5-sep-2017', 1);
insert into Reservation_detail values ('27811', '49', '1-oct-2017', 1);
