--Customer sample data

insert into Customer values ('381261573','Mr','Jim','Johnson', '8963552711656935','1-sep-2017','Main', 'Pittsburgh', 'PA', '8798957430', 'Jim.Johnson@gmail.com', NULL);
insert into Customer values ('862750525','Mrs','John','Smith', '4599291485848377','1-sep-2018','Church', 'New York', 'NY', '7556795531', 'John.Smith@gmail.com', NULL);
insert into Customer values ('572806223','Ms','Janet','Jones', '2724429064784396','1-sep-2019','Washington', 'Boston', 'MA', '3643698703', 'Janet.Jones@gmail.com', NULL);
insert into Customer values ('808672132','Mr','Greg','Hardy', '7810357886785527','1-sep-2017','Jefferson', 'Chicago', 'IL', '4286803373', 'Greg.Hardy@gmail.com', NULL);
insert into Customer values ('265463159','Mrs','James','Ward', '4153934610449401','1-sep-2018','Fifth', 'Pittsburgh', 'PA', '7921819513', 'James.Ward@gmail.com', NULL);
insert into Customer values ('327803372','Ms','Bill','Johnston', '4336951435525179','1-sep-2019','Forbes', 'New York', 'NY', '9543771714', 'Bill.Johnston@gmail.com', NULL);
insert into Customer values ('615632163','Mr','William','Sullivan', '8705420317576975','1-sep-2017','Main', 'Boston', 'MA', '2956686404', 'William.Sullivan@gmail.com', NULL);
insert into Customer values ('676201215','Mrs','Albert','Crosby', '7557219937348971','1-sep-2018','Church', 'Chicago', 'IL', '8583909753', 'Albert.Crosby@gmail.com', NULL);
insert into Customer values ('588996830','Ms','Jacob','Malkin', '2736299617784367','1-sep-2019','Washington', 'Pittsburgh', 'PA', '6774947678', 'Jacob.Malkin@gmail.com', NULL);
insert into Customer values ('313286663','Mr','Marge','Peters', '5957214170616306','1-sep-2017','Jefferson', 'New York', 'NY', '3685541665', 'Marge.Peters@gmail.com', NULL);
insert into Customer values ('686881350','Mrs','Anita','Palmer', '1467804021729682','1-sep-2018','Fifth', 'Boston', 'MA', '2257987711', 'Anita.Palmer@gmail.com', NULL);
insert into Customer values ('439573459','Ms','Rachel','Woods', '9035301346568839','1-sep-2019','Forbes', 'Chicago', 'IL', '4828404950', 'Rachel.Woods@gmail.com', NULL);
insert into Customer values ('418656256','Mr','Ashley','Nicholson', '4520902260389931','1-sep-2017','Main', 'Pittsburgh', 'PA', '7990283751', 'Ashley.Nicholson@gmail.com', NULL);
insert into Customer values ('802594153','Mrs','Tammy','Bates', '5797443256536705','1-sep-2018','Church', 'New York', 'NY', '8080334823', 'Tammy.Bates@gmail.com', NULL);
insert into Customer values ('950053090','Ms','Paul','Williams', '3846282007779489','1-sep-2019','Washington', 'Boston', 'MA', '7710509251', 'Paul.Williams@gmail.com', NULL);
insert into Customer values ('554865576','Mr','Justin','Taylor', '9048060457466566','1-sep-2017','Jefferson', 'Chicago', 'IL', '9266449732', 'Justin.Taylor@gmail.com', NULL);
insert into Customer values ('136750374','Mrs','Frank','Burns', '8846827834604245','1-sep-2018','Fifth', 'Pittsburgh', 'PA', '3184558690', 'Frank.Burns@gmail.com', NULL);
insert into Customer values ('955900996','Ms','Eric','Brown', '9572659997583940','1-sep-2019','Forbes', 'New York', 'NY', '8773033695', 'Eric.Brown@gmail.com', NULL);
insert into Customer values ('991388116','Mr','Bryce','Miller', '6111903576981802','1-sep-2017','Main', 'Boston', 'MA', '7456555272', 'Bryce.Miller@gmail.com', NULL);
insert into Customer values ('773737834','Mrs','Adam','Davis', '4174063805972929','1-sep-2018','Church', 'Chicago', 'IL', '2422350680', 'Adam.Davis@gmail.com', NULL);
insert into Customer values ('844731920','Ms','Jenna','Jackson', '5438586884531066','1-sep-2019','Washington', 'Pittsburgh', 'PA', '7219904028', 'Jenna.Jackson@gmail.com', NULL);
insert into Customer values ('989722100','Mr','Abby','Thompson', '8392150661905561','1-sep-2017','Jefferson', 'New York', 'NY', '5121818140', 'Abby.Thompson@gmail.com', NULL);
insert into Customer values ('767667531','Mrs','Jesse','Johnson', '7369470394693936','1-sep-2018','Fifth', 'Boston', 'MA', '9715782969', 'Jesse.Johnson@gmail.com', NULL);
insert into Customer values ('736555039','Ms','Jessica','Smith', '3477866739548480','1-sep-2019','Forbes', 'Chicago', 'IL', '3587179828', 'Jessica.Smith@gmail.com', NULL);
insert into Customer values ('189283019','Mr','Allison','Jones', '4660934204389289','1-sep-2017','Main', 'Pittsburgh', 'PA', '6967764792', 'Allison.Jones@gmail.com', NULL);
insert into Customer values ('658405618','Mrs','Ally','Hardy', '4280840203999070','1-sep-2018','Church', 'New York', 'NY', '3251216506', 'Ally.Hardy@gmail.com', NULL);
insert into Customer values ('324462385','Ms','Lauren','Ward', '1129147826129436','1-sep-2019','Washington', 'Boston', 'MA', '6201586969', 'Lauren.Ward@gmail.com', NULL);
insert into Customer values ('568420331','Mr','Lindsay','Johnston', '3550942556983356','1-sep-2017','Jefferson', 'Chicago', 'IL', '5205744089', 'Lindsay.Johnston@gmail.com', NULL);
insert into Customer values ('929651176','Mrs','Jim','Sullivan', '4660160604662110','1-sep-2018','Fifth', 'Pittsburgh', 'PA', '4145775133', 'Jim.Sullivan@gmail.com', NULL);
insert into Customer values ('484472584','Ms','John','Crosby', '3020855216313203','1-sep-2019','Forbes', 'New York', 'NY', '1246715915', 'John.Crosby@gmail.com', NULL);
insert into Customer values ('405501271','Mr','Janet','Malkin', '6059088091312032','1-sep-2017','Main', 'Boston', 'MA', '8058094031', 'Janet.Malkin@gmail.com', NULL);
insert into Customer values ('954613031','Mrs','Greg','Peters', '9796092827227378','1-sep-2018','Church', 'Chicago', 'IL', '9889522403', 'Greg.Peters@gmail.com', NULL);
insert into Customer values ('524306274','Ms','James','Palmer', '1140669897308840','1-sep-2019','Washington', 'Pittsburgh', 'PA', '8305682623', 'James.Palmer@gmail.com', NULL);
insert into Customer values ('841770933','Mr','Bill','Woods', '4477222018008078','1-sep-2017','Jefferson', 'New York', 'NY', '4804258384', 'Bill.Woods@gmail.com', NULL);
insert into Customer values ('609739975','Mrs','William','Nicholson', '6794066359479459','1-sep-2018','Fifth', 'Boston', 'MA', '5172081456', 'William.Nicholson@gmail.com', NULL);
insert into Customer values ('382596623','Ms','Albert','Bates', '8286677576576877','1-sep-2019','Forbes', 'Chicago', 'IL', '6047005697', 'Albert.Bates@gmail.com', NULL);
insert into Customer values ('801412205','Mr','Jacob','Williams', '5383466981543114','1-sep-2017','Main', 'Pittsburgh', 'PA', '8189566362', 'Jacob.Williams@gmail.com', NULL);
insert into Customer values ('820188401','Mrs','Marge','Taylor', '9159484951126175','1-sep-2018','Church', 'New York', 'NY', '6446965934', 'Marge.Taylor@gmail.com', NULL);
insert into Customer values ('525469101','Ms','Anita','Burns', '4089730209718947','1-sep-2019','Washington', 'Boston', 'MA', '1001483320', 'Anita.Burns@gmail.com', NULL);
insert into Customer values ('448444167','Mr','Rachel','Brown', '7999034032398500','1-sep-2017','Jefferson', 'Chicago', 'IL', '4151240279', 'Rachel.Brown@gmail.com', NULL);
insert into Customer values ('323790739','Mrs','Ashley','Miller', '7796689389035886','1-sep-2018','Fifth', 'Pittsburgh', 'PA', '9947117936', 'Ashley.Miller@gmail.com', NULL);
insert into Customer values ('692713901','Ms','Tammy','Davis', '7776411787099543','1-sep-2019','Forbes', 'New York', 'NY', '4178071940', 'Tammy.Davis@gmail.com', NULL);
insert into Customer values ('598731354','Mr','Paul','Jackson', '5727339735965487','1-sep-2017','Main', 'Boston', 'MA', '5197686440', 'Paul.Jackson@gmail.com', NULL);
insert into Customer values ('600944513','Mrs','Justin','Thompson', '9873796796802698','1-sep-2018','Church', 'Chicago', 'IL', '5934693715', 'Justin.Thompson@gmail.com', NULL);
insert into Customer values ('977921146','Ms','Frank','Johnson', '2039245718337716','1-sep-2019','Washington', 'Pittsburgh', 'PA', '1515281930', 'Frank.Johnson@gmail.com', NULL);
insert into Customer values ('740732040','Mr','Eric','Smith', '9353909442401570','1-sep-2017','Jefferson', 'New York', 'NY', '5920459517', 'Eric.Smith@gmail.com', NULL);
insert into Customer values ('308316573','Mrs','Bryce','Jones', '7012799790804186','1-sep-2018','Fifth', 'Boston', 'MA', '8281339175', 'Bryce.Jones@gmail.com', NULL);
insert into Customer values ('431146086','Ms','Adam','Hardy', '8145978489279958','1-sep-2019','Forbes', 'Chicago', 'IL', '6563044453', 'Adam.Hardy@gmail.com', NULL);
insert into Customer values ('639273953','Mr','Jenna','Ward', '4718376655692189','1-sep-2017','Main', 'Pittsburgh', 'PA', '1079707831', 'Jenna.Ward@gmail.com', NULL);
insert into Customer values ('171345115','Mrs','Abby','Johnston', '7278334398441783','1-sep-2018','Church', 'New York', 'NY', '8242350508', 'Abby.Johnston@gmail.com', NULL);
insert into Customer values ('657902927','Ms','Jesse','Sullivan', '7628506363795388','1-sep-2019','Washington', 'Boston', 'MA', '1617396435', 'Jesse.Sullivan@gmail.com', NULL);
insert into Customer values ('799717345','Mr','Jessica','Crosby', '2839262231238730','1-sep-2017','Jefferson', 'Chicago', 'IL', '6460758894', 'Jessica.Crosby@gmail.com', NULL);
insert into Customer values ('423587073','Mrs','Allison','Malkin', '7327849621900875','1-sep-2018','Fifth', 'Pittsburgh', 'PA', '5185893642', 'Allison.Malkin@gmail.com', NULL);
insert into Customer values ('898045501','Ms','Ally','Peters', '8450957660426875','1-sep-2019','Forbes', 'New York', 'NY', '6947654566', 'Ally.Peters@gmail.com', NULL);
insert into Customer values ('524937495','Mr','Lauren','Palmer', '8797160732030362','1-sep-2017','Main', 'Boston', 'MA', '4562878016', 'Lauren.Palmer@gmail.com', NULL);
insert into Customer values ('440785502','Mrs','Lindsay','Woods', '8998227191623397','1-sep-2018','Church', 'Chicago', 'IL', '6648825556', 'Lindsay.Woods@gmail.com', NULL);
insert into Customer values ('932070316','Ms','Jim','Nicholson', '5280674184707837','1-sep-2019','Washington', 'Pittsburgh', 'PA', '3521772436', 'Jim.Nicholson@gmail.com', NULL);
insert into Customer values ('906601538','Mr','John','Bates', '4079878774946460','1-sep-2017','Jefferson', 'New York', 'NY', '9193923173', 'John.Bates@gmail.com', NULL);
insert into Customer values ('469150306','Mrs','Janet','Williams', '7640425974248916','1-sep-2018','Fifth', 'Boston', 'MA', '8353837930', 'Janet.Williams@gmail.com', NULL);
insert into Customer values ('780718038','Ms','Greg','Taylor', '5386131190708200','1-sep-2019','Forbes', 'Chicago', 'IL', '4593199069', 'Greg.Taylor@gmail.com', NULL);
insert into Customer values ('437503117','Mr','James','Burns', '1506974375425562','1-sep-2017','Main', 'Pittsburgh', 'PA', '4998801145', 'James.Burns@gmail.com', NULL);
insert into Customer values ('216900708','Mrs','Bill','Brown', '2207264825856650','1-sep-2018','Church', 'New York', 'NY', '2640816655', 'Bill.Brown@gmail.com', NULL);
insert into Customer values ('294341120','Ms','William','Miller', '6183227618877675','1-sep-2019','Washington', 'Boston', 'MA', '2856495436', 'William.Miller@gmail.com', NULL);
insert into Customer values ('367965908','Mr','Albert','Davis', '6902790135685787','1-sep-2017','Jefferson', 'Chicago', 'IL', '9020559964', 'Albert.Davis@gmail.com', NULL);
insert into Customer values ('599318887','Mrs','Jacob','Jackson', '5888599838623632','1-sep-2018','Fifth', 'Pittsburgh', 'PA', '5794122109', 'Jacob.Jackson@gmail.com', NULL);
insert into Customer values ('982308659','Ms','Marge','Thompson', '5644165355775912','1-sep-2019','Forbes', 'New York', 'NY', '9940714378', 'Marge.Thompson@gmail.com', NULL);
insert into Customer values ('337816705','Mr','Anita','Johnson', '6930875647619598','1-sep-2017','Main', 'Boston', 'MA', '6446540797', 'Anita.Johnson@gmail.com', NULL);
insert into Customer values ('856798965','Mrs','Rachel','Smith', '2099936536183686','1-sep-2018','Church', 'Chicago', 'IL', '1696169718', 'Rachel.Smith@gmail.com', NULL);
insert into Customer values ('792262139','Ms','Ashley','Jones', '2846649464989702','1-sep-2019','Washington', 'Pittsburgh', 'PA', '3460884439', 'Ashley.Jones@gmail.com', NULL);
insert into Customer values ('363005505','Mr','Tammy','Hardy', '1362037884144555','1-sep-2017','Jefferson', 'New York', 'NY', '6949277825', 'Tammy.Hardy@gmail.com', NULL);
insert into Customer values ('173915688','Mrs','Paul','Ward', '3831425503638822','1-sep-2018','Fifth', 'Boston', 'MA', '4415855280', 'Paul.Ward@gmail.com', NULL);
insert into Customer values ('295754737','Ms','Justin','Johnston', '7829903823394598','1-sep-2019','Forbes', 'Chicago', 'IL', '2951615734', 'Justin.Johnston@gmail.com', NULL);
insert into Customer values ('431457147','Mr','Frank','Sullivan', '2729883141437523','1-sep-2017','Main', 'Pittsburgh', 'PA', '8510040151', 'Frank.Sullivan@gmail.com', NULL);
insert into Customer values ('144387256','Mrs','Eric','Crosby', '3969166830976530','1-sep-2018','Church', 'New York', 'NY', '2314800291', 'Eric.Crosby@gmail.com', NULL);
insert into Customer values ('600829740','Ms','Bryce','Malkin', '5633405816383915','1-sep-2019','Washington', 'Boston', 'MA', '1649164754', 'Bryce.Malkin@gmail.com', NULL);
insert into Customer values ('394809648','Mr','Adam','Peters', '5246497575191571','1-sep-2017','Jefferson', 'Chicago', 'IL', '4115019347', 'Adam.Peters@gmail.com', NULL);
insert into Customer values ('555652611','Mrs','Jenna','Palmer', '8033019141694192','1-sep-2018','Fifth', 'Pittsburgh', 'PA', '3980653924', 'Jenna.Palmer@gmail.com', NULL);
insert into Customer values ('360018189','Ms','Abby','Woods', '6692518034185347','1-sep-2019','Forbes', 'New York', 'NY', '6065244117', 'Abby.Woods@gmail.com', NULL);
insert into Customer values ('936450375','Mr','Jesse','Nicholson', '8240735470571978','1-sep-2017','Main', 'Boston', 'MA', '7023000943', 'Jesse.Nicholson@gmail.com', NULL);
insert into Customer values ('237228178','Mrs','Jessica','Bates', '1408951449178292','1-sep-2018','Church', 'Chicago', 'IL', '4509045753', 'Jessica.Bates@gmail.com', NULL);
insert into Customer values ('924573224','Ms','Allison','Williams', '6313450675267127','1-sep-2019','Washington', 'Pittsburgh', 'PA', '1675382489', 'Allison.Williams@gmail.com', NULL);
insert into Customer values ('389345072','Mr','Ally','Taylor', '6850450054681753','1-sep-2017','Jefferson', 'New York', 'NY', '1849956230', 'Ally.Taylor@gmail.com', NULL);
insert into Customer values ('540117556','Mrs','Lauren','Burns', '5463377944610451','1-sep-2018','Fifth', 'Boston', 'MA', '9706866326', 'Lauren.Burns@gmail.com', NULL);
insert into Customer values ('619687242','Ms','Lindsay','Brown', '2131893172156211','1-sep-2019','Forbes', 'Chicago', 'IL', '6466140864', 'Lindsay.Brown@gmail.com', NULL);
insert into Customer values ('939415987','Mr','Jim','Miller', '2485800377949549','1-sep-2017','Main', 'Pittsburgh', 'PA', '2303014734', 'Jim.Miller@gmail.com', NULL);
insert into Customer values ('888022496','Mrs','John','Davis', '8573920394515572','1-sep-2018','Church', 'New York', 'NY', '4664202231', 'John.Davis@gmail.com', NULL);
insert into Customer values ('962691841','Ms','Janet','Jackson', '8570330056512501','1-sep-2019','Washington', 'Boston', 'MA', '8953116373', 'Janet.Jackson@gmail.com', NULL);
insert into Customer values ('501211974','Mr','Greg','Thompson', '9480499077089572','1-sep-2017','Jefferson', 'Chicago', 'IL', '1477917078', 'Greg.Thompson@gmail.com', NULL);
insert into Customer values ('730434817','Mrs','James','Johnson', '5815572228522319','1-sep-2018','Fifth', 'Pittsburgh', 'PA', '8202719918', 'James.Johnson@gmail.com', NULL);
insert into Customer values ('155289442','Ms','Bill','Smith', '8164188853041495','1-sep-2019','Forbes', 'New York', 'NY', '7428130967', 'Bill.Smith@gmail.com', NULL);
insert into Customer values ('600982196','Mr','William','Jones', '9906461234011850','1-sep-2017','Main', 'Boston', 'MA', '4524107023', 'William.Jones@gmail.com', NULL);
insert into Customer values ('591075009','Mrs','Albert','Hardy', '7202990449857928','1-sep-2018','Church', 'Chicago', 'IL', '6952139672', 'Albert.Hardy@gmail.com', NULL);
insert into Customer values ('203388505','Ms','Jacob','Ward', '8906676285089914','1-sep-2019','Washington', 'Pittsburgh', 'PA', '1491046330', 'Jacob.Ward@gmail.com', NULL);
insert into Customer values ('390345976','Mr','Marge','Johnston', '9095474819626831','1-sep-2017','Jefferson', 'New York', 'NY', '7039538069', 'Marge.Johnston@gmail.com', NULL);
insert into Customer values ('583000546','Mrs','Anita','Sullivan', '7350730535830025','1-sep-2018','Fifth', 'Boston', 'MA', '1382212420', 'Anita.Sullivan@gmail.com', NULL);
insert into Customer values ('858007597','Ms','Rachel','Crosby', '4409963021365482','1-sep-2019','Forbes', 'Chicago', 'IL', '7396659222', 'Rachel.Crosby@gmail.com', NULL);
insert into Customer values ('790701787','Mr','Ashley','Malkin', '4451732330425567','1-sep-2017','Main', 'Pittsburgh', 'PA', '5447689256', 'Ashley.Malkin@gmail.com', NULL);
insert into Customer values ('354019971','Mrs','Tammy','Peters', '4662925719473148','1-sep-2018','Church', 'New York', 'NY', '4976633540', 'Tammy.Peters@gmail.com', NULL);
insert into Customer values ('707192814','Ms','Paul','Palmer', '5783160950231005','1-sep-2019','Washington', 'Boston', 'MA', '7016491721', 'Paul.Palmer@gmail.com', NULL);
insert into Customer values ('826853806','Mr','Justin','Woods', '8446794971139496','1-sep-2017','Jefferson', 'Chicago', 'IL', '6396512420', 'Justin.Woods@gmail.com', NULL);
insert into Customer values ('384436421','Mrs','Frank','Nicholson', '5364044436498104','1-sep-2018','Fifth', 'Pittsburgh', 'PA', '4377488495', 'Frank.Nicholson@gmail.com', NULL);
insert into Customer values ('500898552','Ms','Eric','Bates', '8837086565657527','1-sep-2019','Forbes', 'New York', 'NY', '9569890289', 'Eric.Bates@gmail.com', NULL);
insert into Customer values ('238612407','Mr','Bryce','Williams', '6268549692913205','1-sep-2017','Main', 'Boston', 'MA', '7343609263', 'Bryce.Williams@gmail.com', NULL);
insert into Customer values ('554939394','Mrs','Adam','Taylor', '1136146590416389','1-sep-2018','Church', 'Chicago', 'IL', '1810974147', 'Adam.Taylor@gmail.com', NULL);
insert into Customer values ('335233358','Ms','Jenna','Burns', '4585277065817446','1-sep-2019','Washington', 'Pittsburgh', 'PA', '2272783579', 'Jenna.Burns@gmail.com', NULL);
insert into Customer values ('706561337','Mr','Abby','Brown', '5693623152199739','1-sep-2017','Jefferson', 'New York', 'NY', '2197720971', 'Abby.Brown@gmail.com', NULL);
insert into Customer values ('669175341','Mrs','Jesse','Miller', '6151130101739129','1-sep-2018','Fifth', 'Boston', 'MA', '8498108072', 'Jesse.Miller@gmail.com', NULL);
insert into Customer values ('853224518','Ms','Jessica','Davis', '7603271859698315','1-sep-2019','Forbes', 'Chicago', 'IL', '4564073451', 'Jessica.Davis@gmail.com', NULL);
insert into Customer values ('206042178','Mr','Allison','Jackson', '5222752196211944','1-sep-2017','Main', 'Pittsburgh', 'PA', '8365454492', 'Allison.Jackson@gmail.com', NULL);
insert into Customer values ('664473918','Mrs','Ally','Thompson', '4859360266517409','1-sep-2018','Church', 'New York', 'NY', '1404545834', 'Ally.Thompson@gmail.com', NULL);
insert into Customer values ('574497108','Ms','Lauren','Johnson', '2736550445605155','1-sep-2019','Washington', 'Boston', 'MA', '3416036965', 'Lauren.Johnson@gmail.com', NULL);
insert into Customer values ('506592414','Mr','Lindsay','Smith', '8156710151335464','1-sep-2017','Jefferson', 'Chicago', 'IL', '5937620278', 'Lindsay.Smith@gmail.com', NULL);
insert into Customer values ('539010979','Mrs','Jim','Jones', '4192243561151225','1-sep-2018','Fifth', 'Pittsburgh', 'PA', '5919591612', 'Jim.Jones@gmail.com', NULL);
insert into Customer values ('981566270','Ms','John','Hardy', '5988073820454430','1-sep-2019','Forbes', 'New York', 'NY', '5587443497', 'John.Hardy@gmail.com', NULL);
insert into Customer values ('556238154','Mr','Janet','Ward', '1002816367164460','1-sep-2017','Main', 'Boston', 'MA', '1000371342', 'Janet.Ward@gmail.com', NULL);
insert into Customer values ('286759982','Mrs','Greg','Johnston', '8344171278447855','1-sep-2018','Church', 'Chicago', 'IL', '7354641126', 'Greg.Johnston@gmail.com', NULL);
insert into Customer values ('311473902','Ms','James','Sullivan', '6073713477355203','1-sep-2019','Washington', 'Pittsburgh', 'PA', '9387742004', 'James.Sullivan@gmail.com', NULL);
insert into Customer values ('567011392','Mr','Bill','Crosby', '7093013697728729','1-sep-2017','Jefferson', 'New York', 'NY', '3738794278', 'Bill.Crosby@gmail.com', NULL);
insert into Customer values ('507750274','Mrs','William','Malkin', '1731147747500930','1-sep-2018','Fifth', 'Boston', 'MA', '1004883242', 'William.Malkin@gmail.com', NULL);
insert into Customer values ('909886770','Ms','Albert','Peters', '6589616887069748','1-sep-2019','Forbes', 'Chicago', 'IL', '1736282741', 'Albert.Peters@gmail.com', NULL);
insert into Customer values ('665767100','Mr','Jacob','Palmer', '9322600372901668','1-sep-2017','Main', 'Pittsburgh', 'PA', '7924224120', 'Jacob.Palmer@gmail.com', NULL);
insert into Customer values ('445788392','Mrs','Marge','Woods', '9412171753409056','1-sep-2018','Church', 'New York', 'NY', '2788108550', 'Marge.Woods@gmail.com', NULL);
insert into Customer values ('915218629','Ms','Anita','Nicholson', '7081394666382140','1-sep-2019','Washington', 'Boston', 'MA', '1357212219', 'Anita.Nicholson@gmail.com', NULL);
insert into Customer values ('866160350','Mr','Rachel','Bates', '2930841340505928','1-sep-2017','Jefferson', 'Chicago', 'IL', '9763514579', 'Rachel.Bates@gmail.com', NULL);
insert into Customer values ('774774170','Mrs','Ashley','Williams', '5113593840305948','1-sep-2018','Fifth', 'Pittsburgh', 'PA', '4107254794', 'Ashley.Williams@gmail.com', NULL);
insert into Customer values ('852290813','Ms','Tammy','Taylor', '9381345904283078','1-sep-2019','Forbes', 'New York', 'NY', '2591631479', 'Tammy.Taylor@gmail.com', NULL);
insert into Customer values ('696549920','Mr','Paul','Burns', '5688137007349126','1-sep-2017','Main', 'Boston', 'MA', '4178145351', 'Paul.Burns@gmail.com', NULL);
insert into Customer values ('732487947','Mrs','Justin','Brown', '8214090058144411','1-sep-2018','Church', 'Chicago', 'IL', '3686493608', 'Justin.Brown@gmail.com', NULL);
insert into Customer values ('328609820','Ms','Frank','Miller', '5368303448304545','1-sep-2019','Washington', 'Pittsburgh', 'PA', '6547316092', 'Frank.Miller@gmail.com', NULL);
insert into Customer values ('327073177','Mr','Eric','Davis', '1463094540516000','1-sep-2017','Jefferson', 'New York', 'NY', '9574400332', 'Eric.Davis@gmail.com', NULL);
insert into Customer values ('666787271','Mrs','Bryce','Jackson', '8757173108753791','1-sep-2018','Fifth', 'Boston', 'MA', '2035812953', 'Bryce.Jackson@gmail.com', NULL);
insert into Customer values ('311117894','Ms','Adam','Thompson', '6801589828606374','1-sep-2019','Forbes', 'Chicago', 'IL', '5487950541', 'Adam.Thompson@gmail.com', NULL);
insert into Customer values ('434327207','Mr','Jenna','Johnson', '6459323984874664','1-sep-2017','Main', 'Pittsburgh', 'PA', '3423343041', 'Jenna.Johnson@gmail.com', NULL);
insert into Customer values ('953488816','Mrs','Abby','Smith', '1421227752534973','1-sep-2018','Church', 'New York', 'NY', '1069647018', 'Abby.Smith@gmail.com', NULL);
insert into Customer values ('760755909','Ms','Jesse','Jones', '2084600432101310','1-sep-2019','Washington', 'Boston', 'MA', '2098968486', 'Jesse.Jones@gmail.com', NULL);
insert into Customer values ('120601324','Mr','Jessica','Hardy', '9799050212684908','1-sep-2017','Jefferson', 'Chicago', 'IL', '1187371874', 'Jessica.Hardy@gmail.com', NULL);
insert into Customer values ('523662872','Mrs','Allison','Ward', '3695279877344929','1-sep-2018','Fifth', 'Pittsburgh', 'PA', '7896411623', 'Allison.Ward@gmail.com', NULL);
insert into Customer values ('326704726','Ms','Ally','Johnston', '3524538990678209','1-sep-2019','Forbes', 'New York', 'NY', '5270079000', 'Ally.Johnston@gmail.com', NULL);
insert into Customer values ('444844837','Mr','Lauren','Sullivan', '6197154515499524','1-sep-2017','Main', 'Boston', 'MA', '9254485898', 'Lauren.Sullivan@gmail.com', NULL);
insert into Customer values ('803728312','Mrs','Lindsay','Crosby', '2734734648790538','1-sep-2018','Church', 'Chicago', 'IL', '4189622978', 'Lindsay.Crosby@gmail.com', NULL);
insert into Customer values ('304617467','Ms','Jim','Malkin', '6911099379886611','1-sep-2019','Washington', 'Pittsburgh', 'PA', '4096822671', 'Jim.Malkin@gmail.com', NULL);
insert into Customer values ('546882117','Mr','John','Peters', '5845322803084502','1-sep-2017','Jefferson', 'New York', 'NY', '5599778971', 'John.Peters@gmail.com', NULL);
insert into Customer values ('811118450','Mrs','Janet','Palmer', '7374437970068431','1-sep-2018','Fifth', 'Boston', 'MA', '5954235439', 'Janet.Palmer@gmail.com', NULL);
insert into Customer values ('366595923','Ms','Greg','Woods', '2009813555142560','1-sep-2019','Forbes', 'Chicago', 'IL', '3211838108', 'Greg.Woods@gmail.com', NULL);
insert into Customer values ('476772328','Mr','James','Nicholson', '1401662624639507','1-sep-2017','Main', 'Pittsburgh', 'PA', '7315010040', 'James.Nicholson@gmail.com', NULL);
insert into Customer values ('801635361','Mrs','Bill','Bates', '3134487995649132','1-sep-2018','Church', 'New York', 'NY', '1492338064', 'Bill.Bates@gmail.com', NULL);
insert into Customer values ('692689198','Ms','William','Williams', '1389023399138890','1-sep-2019','Washington', 'Boston', 'MA', '9658043501', 'William.Williams@gmail.com', NULL);
insert into Customer values ('128249346','Mr','Albert','Taylor', '7875925295595740','1-sep-2017','Jefferson', 'Chicago', 'IL', '4932661587', 'Albert.Taylor@gmail.com', NULL);
insert into Customer values ('517743894','Mrs','Jacob','Burns', '6653397326715737','1-sep-2018','Fifth', 'Pittsburgh', 'PA', '6842994653', 'Jacob.Burns@gmail.com', NULL);
insert into Customer values ('707720642','Ms','Marge','Brown', '6004924298645400','1-sep-2019','Forbes', 'New York', 'NY', '7895575346', 'Marge.Brown@gmail.com', NULL);
insert into Customer values ('151902296','Mr','Anita','Miller', '9145558287220490','1-sep-2017','Main', 'Boston', 'MA', '4089792013', 'Anita.Miller@gmail.com', NULL);
insert into Customer values ('693356292','Mrs','Rachel','Davis', '4919948390661099','1-sep-2018','Church', 'Chicago', 'IL', '2271835030', 'Rachel.Davis@gmail.com', NULL);
insert into Customer values ('742237601','Ms','Ashley','Jackson', '9843712701227640','1-sep-2019','Washington', 'Pittsburgh', 'PA', '2112139941', 'Ashley.Jackson@gmail.com', NULL);
insert into Customer values ('526802942','Mr','Tammy','Thompson', '4926841578363399','1-sep-2017','Jefferson', 'New York', 'NY', '2227922941', 'Tammy.Thompson@gmail.com', NULL);
insert into Customer values ('750638096','Mrs','Paul','Johnson', '2453247191387195','1-sep-2018','Fifth', 'Boston', 'MA', '5794989353', 'Paul.Johnson@gmail.com', NULL);
insert into Customer values ('405216589','Ms','Justin','Smith', '5288068923846528','1-sep-2019','Forbes', 'Chicago', 'IL', '1288134313', 'Justin.Smith@gmail.com', NULL);
insert into Customer values ('228370868','Mr','Frank','Jones', '9491400307132114','1-sep-2017','Main', 'Pittsburgh', 'PA', '4232658165', 'Frank.Jones@gmail.com', NULL);
insert into Customer values ('151600947','Mrs','Eric','Hardy', '7068759149537070','1-sep-2018','Church', 'New York', 'NY', '9865132751', 'Eric.Hardy@gmail.com', NULL);
insert into Customer values ('964534175','Ms','Bryce','Ward', '7585238687416438','1-sep-2019','Washington', 'Boston', 'MA', '6749190095', 'Bryce.Ward@gmail.com', NULL);
insert into Customer values ('613419669','Mr','Adam','Johnston', '7095552581960764','1-sep-2017','Jefferson', 'Chicago', 'IL', '9684532230', 'Adam.Johnston@gmail.com', NULL);
insert into Customer values ('213325797','Mrs','Jenna','Sullivan', '9726628426638659','1-sep-2018','Fifth', 'Pittsburgh', 'PA', '4744252402', 'Jenna.Sullivan@gmail.com', NULL);
insert into Customer values ('561231837','Ms','Abby','Crosby', '2610657452316436','1-sep-2019','Forbes', 'New York', 'NY', '2648501637', 'Abby.Crosby@gmail.com', NULL);
insert into Customer values ('607731177','Mr','Jesse','Malkin', '7866897230774362','1-sep-2017','Main', 'Boston', 'MA', '3994995498', 'Jesse.Malkin@gmail.com', NULL);
insert into Customer values ('219601950','Mrs','Jessica','Peters', '2778676942330813','1-sep-2018','Church', 'Chicago', 'IL', '8303034747', 'Jessica.Peters@gmail.com', NULL);
insert into Customer values ('609419036','Ms','Allison','Palmer', '5961288988025519','1-sep-2019','Washington', 'Pittsburgh', 'PA', '3388295283', 'Allison.Palmer@gmail.com', NULL);
insert into Customer values ('677143727','Mr','Ally','Woods', '8731728202218172','1-sep-2017','Jefferson', 'New York', 'NY', '2518425297', 'Ally.Woods@gmail.com', NULL);
insert into Customer values ('730419755','Mrs','Lauren','Nicholson', '5833177095580734','1-sep-2018','Fifth', 'Boston', 'MA', '3740833596', 'Lauren.Nicholson@gmail.com', NULL);
insert into Customer values ('145354565','Ms','Lindsay','Bates', '5806401063534155','1-sep-2019','Forbes', 'Chicago', 'IL', '7335067571', 'Lindsay.Bates@gmail.com', NULL);
insert into Customer values ('479492042','Mr','Jim','Williams', '5125477868224025','1-sep-2017','Main', 'Pittsburgh', 'PA', '3900232598', 'Jim.Williams@gmail.com', NULL);
insert into Customer values ('642815005','Mrs','John','Taylor', '5446479298300804','1-sep-2018','Church', 'New York', 'NY', '5174083382', 'John.Taylor@gmail.com', NULL);
insert into Customer values ('364058476','Ms','Janet','Burns', '5183077130424484','1-sep-2019','Washington', 'Boston', 'MA', '9952372448', 'Janet.Burns@gmail.com', NULL);
insert into Customer values ('168614442','Mr','Greg','Brown', '5844743009676283','1-sep-2017','Jefferson', 'Chicago', 'IL', '2150338020', 'Greg.Brown@gmail.com', NULL);
insert into Customer values ('511113167','Mrs','James','Miller', '5707023830113508','1-sep-2018','Fifth', 'Pittsburgh', 'PA', '4955384969', 'James.Miller@gmail.com', NULL);
insert into Customer values ('120434452','Ms','Bill','Davis', '7461617488683987','1-sep-2019','Forbes', 'New York', 'NY', '2247140459', 'Bill.Davis@gmail.com', NULL);
insert into Customer values ('667729658','Mr','William','Jackson', '2967431687206341','1-sep-2017','Main', 'Boston', 'MA', '2942589351', 'William.Jackson@gmail.com', NULL);
insert into Customer values ('597516903','Mrs','Albert','Thompson', '2998322678949371','1-sep-2018','Church', 'Chicago', 'IL', '7943737051', 'Albert.Thompson@gmail.com', NULL);
insert into Customer values ('219668372','Ms','Jacob','Johnson', '1064923845096039','1-sep-2019','Washington', 'Pittsburgh', 'PA', '4438391400', 'Jacob.Johnson@gmail.com', NULL);
insert into Customer values ('512050510','Mr','Marge','Smith', '7228698807282862','1-sep-2017','Jefferson', 'New York', 'NY', '5643669097', 'Marge.Smith@gmail.com', NULL);
insert into Customer values ('477179478','Mrs','Anita','Jones', '2659347782091644','1-sep-2018','Fifth', 'Boston', 'MA', '4561790628', 'Anita.Jones@gmail.com', NULL);
insert into Customer values ('172092779','Ms','Rachel','Hardy', '6026560941094320','1-sep-2019','Forbes', 'Chicago', 'IL', '1664679374', 'Rachel.Hardy@gmail.com', NULL);
insert into Customer values ('150135168','Mr','Ashley','Ward', '1905617614593833','1-sep-2017','Main', 'Pittsburgh', 'PA', '2447810804', 'Ashley.Ward@gmail.com', NULL);
insert into Customer values ('719293968','Mrs','Tammy','Johnston', '4306092495049420','1-sep-2018','Church', 'New York', 'NY', '3118869036', 'Tammy.Johnston@gmail.com', NULL);
insert into Customer values ('505804641','Ms','Paul','Sullivan', '3069494099393436','1-sep-2019','Washington', 'Boston', 'MA', '6639154333', 'Paul.Sullivan@gmail.com', NULL);
insert into Customer values ('909168035','Mr','Justin','Crosby', '9546378783911944','1-sep-2017','Jefferson', 'Chicago', 'IL', '7478226270', 'Justin.Crosby@gmail.com', NULL);
insert into Customer values ('973110005','Mrs','Frank','Malkin', '8231071672799920','1-sep-2018','Fifth', 'Pittsburgh', 'PA', '9382146588', 'Frank.Malkin@gmail.com', NULL);
insert into Customer values ('128823479','Ms','Eric','Peters', '2671973597461114','1-sep-2019','Forbes', 'New York', 'NY', '8649780575', 'Eric.Peters@gmail.com', NULL);
insert into Customer values ('898336014','Mr','Bryce','Palmer', '6439379289857273','1-sep-2017','Main', 'Boston', 'MA', '4429899133', 'Bryce.Palmer@gmail.com', NULL);
insert into Customer values ('329636093','Mrs','Adam','Woods', '9188241118800222','1-sep-2018','Church', 'Chicago', 'IL', '7251778464', 'Adam.Woods@gmail.com', NULL);
insert into Customer values ('813607675','Ms','Jenna','Nicholson', '1302469679245963','1-sep-2019','Washington', 'Pittsburgh', 'PA', '9799964936', 'Jenna.Nicholson@gmail.com', NULL);
insert into Customer values ('519241419','Mr','Abby','Bates', '5856597807187674','1-sep-2017','Jefferson', 'New York', 'NY', '6563762511', 'Abby.Bates@gmail.com', NULL);
insert into Customer values ('893168322','Mrs','Jesse','Williams', '8463832307201230','1-sep-2018','Fifth', 'Boston', 'MA', '5657174402', 'Jesse.Williams@gmail.com', NULL);
insert into Customer values ('824387718','Ms','Jessica','Taylor', '6518654756584276','1-sep-2019','Forbes', 'Chicago', 'IL', '7349398075', 'Jessica.Taylor@gmail.com', NULL);
insert into Customer values ('250830741','Mr','Allison','Burns', '9466820035588813','1-sep-2017','Main', 'Pittsburgh', 'PA', '4692967676', 'Allison.Burns@gmail.com', NULL);
insert into Customer values ('533497880','Mrs','Ally','Brown', '3739326294863358','1-sep-2018','Church', 'New York', 'NY', '3595167117', 'Ally.Brown@gmail.com', NULL);
insert into Customer values ('581709552','Ms','Lauren','Miller', '3413913753985083','1-sep-2019','Washington', 'Boston', 'MA', '2644754906', 'Lauren.Miller@gmail.com', NULL);
insert into Customer values ('431053297','Mr','Lindsay','Davis', '3455351104683144','1-sep-2017','Jefferson', 'Chicago', 'IL', '4363478325', 'Lindsay.Davis@gmail.com', NULL);
insert into Customer values ('220657728','Mrs','Jim','Jackson', '1256320358241105','1-sep-2018','Fifth', 'Pittsburgh', 'PA', '3519172208', 'Jim.Jackson@gmail.com', NULL);
insert into Customer values ('399289973','Ms','John','Thompson', '6990789019910898','1-sep-2019','Forbes', 'New York', 'NY', '9334689816', 'John.Thompson@gmail.com', NULL);
insert into Customer values ('125177088','Mr','Janet','Johnson', '3599636912911005','1-sep-2017','Main', 'Boston', 'MA', '3873158054', 'Janet.Johnson@gmail.com', NULL);
insert into Customer values ('828968479','Mrs','Greg','Smith', '1547267758855049','1-sep-2018','Church', 'Chicago', 'IL', '9717894622', 'Greg.Smith@gmail.com', NULL);
insert into Customer values ('336183597','Ms','James','Jones', '3205922750228822','1-sep-2019','Washington', 'Pittsburgh', 'PA', '7300568954', 'James.Jones@gmail.com', NULL);
insert into Customer values ('279436268','Mr','Bill','Hardy', '2533233978700652','1-sep-2017','Jefferson', 'New York', 'NY', '6667322894', 'Bill.Hardy@gmail.com', NULL);
insert into Customer values ('821873701','Mrs','William','Ward', '7037815620059823','1-sep-2018','Fifth', 'Boston', 'MA', '6777768952', 'William.Ward@gmail.com', NULL);
insert into Customer values ('622444637','Ms','Albert','Johnston', '5747534522725819','1-sep-2019','Forbes', 'Chicago', 'IL', '7436290834', 'Albert.Johnston@gmail.com', NULL);
insert into Customer values ('414275772','Mr','Jacob','Sullivan', '6208885269345988','1-sep-2017','Main', 'Pittsburgh', 'PA', '1109219280', 'Jacob.Sullivan@gmail.com', NULL);
insert into Customer values ('651015610','Mrs','Marge','Crosby', '5492663192638964','1-sep-2018','Church', 'New York', 'NY', '3719273883', 'Marge.Crosby@gmail.com', NULL);
insert into Customer values ('623181552','Ms','Anita','Malkin', '2293488372241304','1-sep-2019','Washington', 'Boston', 'MA', '3230385683', 'Anita.Malkin@gmail.com', NULL);
insert into Customer values ('260462355','Mr','Rachel','Peters', '3301046009490273','1-sep-2017','Jefferson', 'Chicago', 'IL', '5715976997', 'Rachel.Peters@gmail.com', NULL);
insert into Customer values ('173403827','Mrs','Ashley','Palmer', '2197092174570442','1-sep-2018','Fifth', 'Pittsburgh', 'PA', '1615402084', 'Ashley.Palmer@gmail.com', NULL);
insert into Customer values ('907222846','Ms','Tammy','Woods', '6626683962488302','1-sep-2019','Forbes', 'New York', 'NY', '2673569872', 'Tammy.Woods@gmail.com', NULL);
insert into Customer values ('849978958','Mr','Paul','Nicholson', '9262184482695519','1-sep-2017','Main', 'Boston', 'MA', '2717144267', 'Paul.Nicholson@gmail.com', NULL);
insert into Customer values ('900911815','Mrs','Justin','Bates', '6829740611884041','1-sep-2018','Church', 'Chicago', 'IL', '7027747706', 'Justin.Bates@gmail.com', NULL);
insert into Customer values ('359380077','Ms','Frank','Williams', '2668832741030082','1-sep-2019','Washington', 'Pittsburgh', 'PA', '5683988980', 'Frank.Williams@gmail.com', NULL);
insert into Customer values ('531383102','Mr','Eric','Taylor', '3751753182073225','1-sep-2017','Jefferson', 'New York', 'NY', '8677713017', 'Eric.Taylor@gmail.com', NULL);
insert into Customer values ('105114069','Mrs','Bryce','Burns', '1814379389385099','1-sep-2018','Fifth', 'Boston', 'MA', '3856813050', 'Bryce.Burns@gmail.com', NULL);
insert into Customer values ('888822623','Ms','Adam','Brown', '6798313507593988','1-sep-2019','Forbes', 'Chicago', 'IL', '6818874648', 'Adam.Brown@gmail.com', NULL);
insert into Customer values ('801422976','Mr','Jenna','Miller', '4940678425038088','1-sep-2017','Main', 'Pittsburgh', 'PA', '9699607586', 'Jenna.Miller@gmail.com', NULL);
insert into Customer values ('730357751','Mrs','Abby','Davis', '4976643882046606','1-sep-2018','Church', 'New York', 'NY', '4672681068', 'Abby.Davis@gmail.com', NULL);
insert into Customer values ('957180126','Ms','Jesse','Jackson', '3098803064597859','1-sep-2019','Washington', 'Boston', 'MA', '8287811127', 'Jesse.Jackson@gmail.com', NULL);
insert into Customer values ('512076151','Mr','Jessica','Thompson', '9105316851921541','1-sep-2017','Jefferson', 'Chicago', 'IL', '6449270440', 'Jessica.Thompson@gmail.com', NULL);
insert into Customer values ('871648493','Mrs','Allison','Johnson', '7927889326970926','1-sep-2018','Fifth', 'Pittsburgh', 'PA', '1505952227', 'Allison.Johnson@gmail.com', NULL);
insert into Customer values ('549793325','Ms','Ally','Smith', '5413556202038028','1-sep-2019','Forbes', 'New York', 'NY', '7986266735', 'Ally.Smith@gmail.com', NULL);
insert into Customer values ('811701921','Mr','Lauren','Jones', '2333992432624449','1-sep-2017','Main', 'Boston', 'MA', '4049400088', 'Lauren.Jones@gmail.com', NULL);
insert into Customer values ('280770663','Mrs','Lindsay','Hardy', '1692188371466300','1-sep-2018','Church', 'Chicago', 'IL', '7942093562', 'Lindsay.Hardy@gmail.com', NULL);
insert into Customer values ('279424116','Ms','Jim','Ward', '1992899706990436','1-sep-2019','Washington', 'Pittsburgh', 'PA', '6259769225', 'Jim.Ward@gmail.com', NULL);
insert into Customer values ('753964431','Mr','John','Johnston', '8898579003863237','1-sep-2017','Jefferson', 'New York', 'NY', '7111929469', 'John.Johnston@gmail.com', NULL);
insert into Customer values ('617672685','Mrs','Janet','Sullivan', '9132610912845521','1-sep-2018','Fifth', 'Boston', 'MA', '5075804891', 'Janet.Sullivan@gmail.com', NULL);
insert into Customer values ('288897440','Ms','Greg','Crosby', '8659913571167963','1-sep-2019','Forbes', 'Chicago', 'IL', '8312450135', 'Greg.Crosby@gmail.com', NULL);
insert into Customer values ('333126330','Mr','James','Malkin', '5137173443707473','1-sep-2017','Main', 'Pittsburgh', 'PA', '4427821227', 'James.Malkin@gmail.com', NULL);
insert into Customer values ('584667258','Mrs','Bill','Peters', '1755854917747410','1-sep-2018','Church', 'New York', 'NY', '2770330993', 'Bill.Peters@gmail.com', NULL);
insert into Customer values ('435878068','Ms','William','Palmer', '2092681798160237','1-sep-2019','Washington', 'Boston', 'MA', '6814479624', 'William.Palmer@gmail.com', NULL);
insert into Customer values ('103663657','Mr','Albert','Woods', '4189393894181257','1-sep-2017','Jefferson', 'Chicago', 'IL', '8263897095', 'Albert.Woods@gmail.com', NULL);
insert into Customer values ('518261471','Mrs','Jacob','Nicholson', '4997758402499547','1-sep-2018','Fifth', 'Pittsburgh', 'PA', '2888114112', 'Jacob.Nicholson@gmail.com', NULL);
insert into Customer values ('928672384','Ms','Marge','Bates', '5692549520667934','1-sep-2019','Forbes', 'New York', 'NY', '7291083111', 'Marge.Bates@gmail.com', NULL);
insert into Customer values ('830791740','Mr','Anita','Williams', '7420613474422153','1-sep-2017','Main', 'Boston', 'MA', '9771356735', 'Anita.Williams@gmail.com', NULL);
insert into Customer values ('521823833','Mrs','Rachel','Taylor', '6194096735119705','1-sep-2018','Church', 'Chicago', 'IL', '9805075350', 'Rachel.Taylor@gmail.com', NULL);
insert into Customer values ('988318406','Ms','Ashley','Burns', '7902611049481990','1-sep-2019','Washington', 'Pittsburgh', 'PA', '4473398035', 'Ashley.Burns@gmail.com', NULL);
insert into Customer values ('313329916','Mr','Tammy','Brown', '4412899733039697','1-sep-2017','Jefferson', 'New York', 'NY', '2637184234', 'Tammy.Brown@gmail.com', NULL);
insert into Customer values ('974215503','Mrs','Paul','Miller', '9538302730634035','1-sep-2018','Fifth', 'Boston', 'MA', '5217059901', 'Paul.Miller@gmail.com', NULL);
insert into Customer values ('916041232','Ms','Justin','Davis', '8978365751403400','1-sep-2019','Forbes', 'Chicago', 'IL', '4641549530', 'Justin.Davis@gmail.com', NULL);
insert into Customer values ('770008829','Mr','Frank','Jackson', '6811171408133773','1-sep-2017','Main', 'Pittsburgh', 'PA', '7665513090', 'Frank.Jackson@gmail.com', NULL);
insert into Customer values ('175202120','Mrs','Eric','Thompson', '4983730036894233','1-sep-2018','Church', 'New York', 'NY', '2845016170', 'Eric.Thompson@gmail.com', NULL);
insert into Customer values ('307606048','Ms','Bryce','Johnson', '8705400439252111','1-sep-2019','Washington', 'Boston', 'MA', '7858613121', 'Bryce.Johnson@gmail.com', NULL);
insert into Customer values ('576516050','Mr','Adam','Smith', '1286700014846560','1-sep-2017','Jefferson', 'Chicago', 'IL', '5589948133', 'Adam.Smith@gmail.com', NULL);
insert into Customer values ('576455276','Mrs','Jenna','Jones', '4417359843848362','1-sep-2018','Fifth', 'Pittsburgh', 'PA', '4537293914', 'Jenna.Jones@gmail.com', NULL);
insert into Customer values ('468326726','Ms','Abby','Hardy', '9485347819439072','1-sep-2019','Forbes', 'New York', 'NY', '9355053365', 'Abby.Hardy@gmail.com', NULL);
insert into Customer values ('658115333','Mr','Jesse','Ward', '7797140419151073','1-sep-2017','Main', 'Boston', 'MA', '6214527350', 'Jesse.Ward@gmail.com', NULL);
insert into Customer values ('357961120','Mrs','Jessica','Johnston', '1533028041772498','1-sep-2018','Church', 'Chicago', 'IL', '5437674021', 'Jessica.Johnston@gmail.com', NULL);
insert into Customer values ('760475993','Ms','Allison','Sullivan', '3057819177249247','1-sep-2019','Washington', 'Pittsburgh', 'PA', '4337016053', 'Allison.Sullivan@gmail.com', NULL);
insert into Customer values ('262487167','Mr','Ally','Crosby', '4387523203345817','1-sep-2017','Jefferson', 'New York', 'NY', '2043535757', 'Ally.Crosby@gmail.com', NULL);


--Reservation sample data

insert into Reservation values ('10960', '381261573', '2013', '8963552711656935', '22-oct-2017', 'Y', 'PIT', 'CHI');
insert into Reservation values ('96789', '862750525', '515', '4599291485848377', '9-jul-2017', 'N', 'PIT', 'CHI');
insert into Reservation values ('28102', '572806223', '2868', '2724429064784396', '17-feb-2016', 'Y', 'PIT', 'CHI');
insert into Reservation values ('22892', '808672132', '4126', '7810357886785527', '16-jun-2017', 'Y', 'PIT', 'CHI');
insert into Reservation values ('75874', '265463159', '4477', '4153934610449401', '9-oct-2018', 'Y', 'PIT', 'CHI');
insert into Reservation values ('71873', '327803372', '4827', '4336951435525179', '17-oct-2018', 'Y', 'PIT', 'CHI');
insert into Reservation values ('40119', '615632163', '4441', '8705420317576975', '5-jan-2017', 'Y', 'PIT', 'CHI');
insert into Reservation values ('83192', '676201215', '3697', '7557219937348971', '26-apr-2017', 'Y', 'PIT', 'CHI');
insert into Reservation values ('89891', '588996830', '4380', '2736299617784367', '2-mar-2016', 'Y', 'PIT', 'CHI');
insert into Reservation values ('64764', '313286663', '1786', '5957214170616306', '2-sep-2019', 'Y', 'PIT', 'CHI');
insert into Reservation values ('39051', '686881350', '515', '1467804021729682', '18-jun-2017', 'Y', 'PIT', 'CHI');
insert into Reservation values ('92878', '439573459', '2709', '9035301346568839', '24-mar-2019', 'N', 'PIT', 'CHI');
insert into Reservation values ('47090', '418656256', '30', '4520902260389931', '7-nov-2019', 'N', 'PIT', 'CHI');
insert into Reservation values ('76669', '802594153', '2061', '5797443256536705', '23-apr-2017', 'Y', 'PIT', 'CHI');
insert into Reservation values ('33557', '950053090', '730', '3846282007779489', '21-jul-2016', 'Y', 'PIT', 'CHI');
insert into Reservation values ('74238', '554865576', '784', '9048060457466566', '22-dec-2016', 'N', 'PIT', 'CHI');
insert into Reservation values ('36576', '136750374', '307', '8846827834604245', '19-jun-2017', 'Y', 'PIT', 'CHI');
insert into Reservation values ('78865', '955900996', '834', '9572659997583940', '19-jun-2018', 'Y', 'PIT', 'CHI');
insert into Reservation values ('10738', '991388116', '1837', '6111903576981802', '19-nov-2016', 'N', 'PIT', 'CHI');
insert into Reservation values ('58814', '773737834', '3636', '4174063805972929', '17-mar-2017', 'Y', 'PIT', 'CHI');
insert into Reservation values ('24476', '844731920', '2178', '5438586884531066', '26-jan-2016', 'N', 'PIT', 'CHI');
insert into Reservation values ('74575', '989722100', '1473', '8392150661905561', '2-jan-2016', 'N', 'PIT', 'CHI');
insert into Reservation values ('91407', '767667531', '1920', '7369470394693936', '1-dec-2017', 'N', 'PIT', 'CHI');
insert into Reservation values ('57211', '736555039', '3530', '3477866739548480', '18-mar-2019', 'N', 'PIT', 'CHI');
insert into Reservation values ('88565', '189283019', '843', '4660934204389289', '18-feb-2018', 'Y', 'PIT', 'CHI');
insert into Reservation values ('20612', '658405618', '4396', '4280840203999070', '7-nov-2019', 'N', 'PIT', 'CHI');
insert into Reservation values ('52758', '324462385', '3204', '1129147826129436', '23-jan-2017', 'N', 'PIT', 'CHI');
insert into Reservation values ('66711', '568420331', '307', '3550942556983356', '24-feb-2019', 'Y', 'PIT', 'CHI');
insert into Reservation values ('16812', '929651176', '50', '4660160604662110', '9-sep-2017', 'N', 'PIT', 'CHI');
insert into Reservation values ('30814', '484472584', '3882', '3020855216313203', '19-mar-2016', 'N', 'PIT', 'CHI');
insert into Reservation values ('33438', '405501271', '3374', '6059088091312032', '19-jan-2017', 'Y', 'PIT', 'CHI');
insert into Reservation values ('20967', '954613031', '2080', '9796092827227378', '16-oct-2019', 'N', 'PIT', 'CHI');
insert into Reservation values ('40003', '524306274', '1940', '1140669897308840', '21-aug-2018', 'N', 'PIT', 'CHI');
insert into Reservation values ('84612', '841770933', '2264', '4477222018008078', '20-mar-2018', 'Y', 'PIT', 'CHI');
insert into Reservation values ('74089', '609739975', '1854', '6794066359479459', '26-nov-2019', 'N', 'PIT', 'CHI');
insert into Reservation values ('29069', '382596623', '1736', '8286677576576877', '14-sep-2016', 'N', 'PIT', 'CHI');
insert into Reservation values ('48021', '801412205', '1367', '5383466981543114', '16-aug-2019', 'N', 'PIT', 'CHI');
insert into Reservation values ('84874', '820188401', '514', '9159484951126175', '13-jun-2016', 'Y', 'PIT', 'CHI');
insert into Reservation values ('49347', '525469101', '3215', '4089730209718947', '2-feb-2019', 'N', 'PIT', 'CHI');
insert into Reservation values ('53526', '448444167', '3465', '7999034032398500', '17-jan-2018', 'Y', 'PIT', 'CHI');
insert into Reservation values ('74937', '323790739', '4062', '7796689389035886', '21-may-2017', 'Y', 'PIT', 'CHI');
insert into Reservation values ('92171', '692713901', '1665', '7776411787099543', '2-aug-2016', 'Y', 'PIT', 'CHI');
insert into Reservation values ('41374', '598731354', '2273', '5727339735965487', '19-dec-2016', 'Y', 'PIT', 'CHI');
insert into Reservation values ('74402', '600944513', '1596', '9873796796802698', '16-apr-2017', 'Y', 'PIT', 'CHI');
insert into Reservation values ('22169', '977921146', '571', '2039245718337716', '13-aug-2016', 'Y', 'PIT', 'CHI');
insert into Reservation values ('95338', '740732040', '389', '9353909442401570', '4-may-2018', 'N', 'PIT', 'CHI');
insert into Reservation values ('73007', '308316573', '2974', '7012799790804186', '21-jun-2018', 'Y', 'PIT', 'CHI');
insert into Reservation values ('49771', '431146086', '2586', '8145978489279958', '18-jan-2018', 'N', 'PIT', 'CHI');
insert into Reservation values ('57741', '639273953', '115', '4718376655692189', '28-sep-2018', 'Y', 'PIT', 'CHI');
insert into Reservation values ('89889', '171345115', '3192', '7278334398441783', '16-mar-2017', 'N', 'PIT', 'CHI');
insert into Reservation values ('15085', '657902927', '1978', '7628506363795388', '6-jan-2017', 'Y', 'PIT', 'CHI');
insert into Reservation values ('92535', '799717345', '1283', '2839262231238730', '1-aug-2016', 'N', 'PIT', 'CHI');
insert into Reservation values ('52570', '423587073', '1519', '7327849621900875', '11-feb-2019', 'N', 'PIT', 'CHI');
insert into Reservation values ('95655', '898045501', '1747', '8450957660426875', '25-feb-2019', 'N', 'PIT', 'CHI');
insert into Reservation values ('16357', '524937495', '3610', '8797160732030362', '15-oct-2019', 'Y', 'PIT', 'CHI');
insert into Reservation values ('82086', '440785502', '1923', '8998227191623397', '13-mar-2016', 'N', 'PIT', 'CHI');
insert into Reservation values ('62317', '932070316', '3226', '5280674184707837', '8-jun-2019', 'Y', 'PIT', 'CHI');
insert into Reservation values ('22355', '906601538', '2012', '4079878774946460', '10-mar-2016', 'Y', 'PIT', 'CHI');
insert into Reservation values ('62649', '469150306', '1506', '7640425974248916', '17-oct-2019', 'Y', 'PIT', 'CHI');
insert into Reservation values ('95732', '780718038', '676', '5386131190708200', '6-jan-2019', 'Y', 'PIT', 'CHI');
insert into Reservation values ('13626', '437503117', '1249', '1506974375425562', '8-nov-2016', 'N', 'PIT', 'CHI');
insert into Reservation values ('40344', '216900708', '1874', '2207264825856650', '5-jan-2017', 'N', 'PIT', 'CHI');
insert into Reservation values ('12891', '294341120', '2542', '6183227618877675', '10-apr-2016', 'N', 'PIT', 'CHI');
insert into Reservation values ('38884', '367965908', '3574', '6902790135685787', '1-aug-2016', 'Y', 'PIT', 'CHI');
insert into Reservation values ('73047', '599318887', '2443', '5888599838623632', '10-jun-2018', 'N', 'PIT', 'CHI');
insert into Reservation values ('96690', '982308659', '3427', '5644165355775912', '19-feb-2019', 'Y', 'PIT', 'CHI');
insert into Reservation values ('16779', '337816705', '3159', '6930875647619598', '1-jan-2018', 'Y', 'PIT', 'CHI');
insert into Reservation values ('77819', '856798965', '3585', '2099936536183686', '21-dec-2019', 'Y', 'PIT', 'CHI');
insert into Reservation values ('75152', '792262139', '354', '2846649464989702', '14-nov-2018', 'N', 'PIT', 'CHI');
insert into Reservation values ('75009', '363005505', '2135', '1362037884144555', '15-oct-2018', 'N', 'PIT', 'CHI');
insert into Reservation values ('22613', '173915688', '4928', '3831425503638822', '14-jun-2016', 'N', 'PIT', 'CHI');
insert into Reservation values ('51855', '295754737', '187', '7829903823394598', '18-apr-2018', 'Y', 'PIT', 'CHI');
insert into Reservation values ('99962', '431457147', '2675', '2729883141437523', '2-nov-2016', 'N', 'PIT', 'CHI');
insert into Reservation values ('80047', '144387256', '3964', '3969166830976530', '22-feb-2016', 'Y', 'PIT', 'CHI');
insert into Reservation values ('56740', '600829740', '1208', '5633405816383915', '25-nov-2019', 'Y', 'PIT', 'CHI');
insert into Reservation values ('88144', '394809648', '2883', '5246497575191571', '9-dec-2019', 'N', 'PIT', 'CHI');
insert into Reservation values ('83369', '555652611', '1298', '8033019141694192', '15-nov-2018', 'N', 'PIT', 'CHI');
insert into Reservation values ('46493', '360018189', '110', '6692518034185347', '15-jun-2017', 'N', 'PIT', 'CHI');
insert into Reservation values ('58142', '936450375', '1292', '8240735470571978', '12-oct-2016', 'N', 'PIT', 'CHI');
insert into Reservation values ('28617', '237228178', '3101', '1408951449178292', '2-oct-2018', 'N', 'PIT', 'CHI');
insert into Reservation values ('76983', '924573224', '619', '6313450675267127', '13-jun-2019', 'N', 'PIT', 'CHI');
insert into Reservation values ('57830', '389345072', '1445', '6850450054681753', '4-jul-2018', 'N', 'PIT', 'CHI');
insert into Reservation values ('87390', '540117556', '1826', '5463377944610451', '5-jan-2017', 'Y', 'PIT', 'CHI');
insert into Reservation values ('21780', '619687242', '3078', '2131893172156211', '10-jun-2018', 'Y', 'PIT', 'CHI');
insert into Reservation values ('70366', '939415987', '71', '2485800377949549', '14-aug-2019', 'Y', 'PIT', 'CHI');
insert into Reservation values ('68258', '888022496', '793', '8573920394515572', '9-oct-2016', 'Y', 'PIT', 'CHI');
insert into Reservation values ('93489', '962691841', '1197', '8570330056512501', '15-aug-2018', 'N', 'PIT', 'CHI');
insert into Reservation values ('69530', '501211974', '4516', '9480499077089572', '11-may-2016', 'N', 'PIT', 'CHI');
insert into Reservation values ('38038', '730434817', '4424', '5815572228522319', '26-feb-2016', 'N', 'PIT', 'CHI');
insert into Reservation values ('41521', '155289442', '459', '8164188853041495', '10-jan-2018', 'Y', 'PIT', 'CHI');
insert into Reservation values ('76957', '600982196', '2460', '9906461234011850', '5-jan-2019', 'N', 'PIT', 'CHI');
insert into Reservation values ('33754', '591075009', '211', '7202990449857928', '12-jun-2017', 'N', 'PIT', 'CHI');
insert into Reservation values ('54419', '203388505', '2581', '8906676285089914', '26-jun-2016', 'Y', 'PIT', 'CHI');
insert into Reservation values ('17439', '390345976', '3154', '9095474819626831', '1-mar-2017', 'Y', 'PIT', 'CHI');
insert into Reservation values ('88307', '583000546', '4065', '7350730535830025', '24-sep-2018', 'N', 'PIT', 'CHI');
insert into Reservation values ('20825', '858007597', '2718', '4409963021365482', '22-jun-2018', 'N', 'PIT', 'CHI');
insert into Reservation values ('41367', '790701787', '937', '4451732330425567', '17-nov-2017', 'Y', 'PIT', 'CHI');
insert into Reservation values ('17032', '354019971', '1407', '4662925719473148', '20-feb-2016', 'N', 'PIT', 'CHI');
insert into Reservation values ('85267', '707192814', '4492', '5783160950231005', '7-jan-2018', 'Y', 'PIT', 'CHI');
insert into Reservation values ('80628', '826853806', '697', '8446794971139496', '13-feb-2018', 'Y', 'PIT', 'CHI');
insert into Reservation values ('79058', '384436421', '1503', '5364044436498104', '6-aug-2019', 'Y', 'PIT', 'CHI');
insert into Reservation values ('69278', '500898552', '3536', '8837086565657527', '25-aug-2016', 'N', 'PIT', 'CHI');
insert into Reservation values ('67180', '238612407', '4651', '6268549692913205', '14-sep-2018', 'N', 'PIT', 'CHI');
insert into Reservation values ('21708', '554939394', '1379', '1136146590416389', '14-jul-2018', 'N', 'PIT', 'CHI');
insert into Reservation values ('79670', '335233358', '4055', '4585277065817446', '2-may-2018', 'N', 'PIT', 'CHI');
insert into Reservation values ('74436', '706561337', '1208', '5693623152199739', '16-jan-2019', 'Y', 'PIT', 'CHI');
insert into Reservation values ('12789', '669175341', '1919', '6151130101739129', '25-may-2017', 'Y', 'PIT', 'CHI');
insert into Reservation values ('94890', '853224518', '980', '7603271859698315', '28-mar-2019', 'N', 'PIT', 'CHI');
insert into Reservation values ('39933', '206042178', '3423', '5222752196211944', '9-jul-2018', 'Y', 'PIT', 'CHI');
insert into Reservation values ('47134', '664473918', '1205', '4859360266517409', '22-mar-2016', 'Y', 'PIT', 'CHI');
insert into Reservation values ('58917', '574497108', '931', '2736550445605155', '14-sep-2016', 'Y', 'PIT', 'CHI');
insert into Reservation values ('14287', '506592414', '3002', '8156710151335464', '8-may-2017', 'Y', 'PIT', 'CHI');
insert into Reservation values ('90623', '539010979', '1665', '4192243561151225', '23-apr-2019', 'Y', 'PIT', 'CHI');
insert into Reservation values ('72248', '981566270', '1110', '5988073820454430', '11-apr-2017', 'N', 'PIT', 'CHI');
insert into Reservation values ('14194', '556238154', '1972', '1002816367164460', '23-nov-2018', 'Y', 'PIT', 'CHI');
insert into Reservation values ('52654', '286759982', '863', '8344171278447855', '18-mar-2018', 'Y', 'PIT', 'CHI');
insert into Reservation values ('13859', '311473902', '2065', '6073713477355203', '17-jul-2017', 'N', 'PIT', 'CHI');
insert into Reservation values ('74529', '567011392', '3289', '7093013697728729', '8-jun-2018', 'N', 'PIT', 'CHI');
insert into Reservation values ('42345', '507750274', '3622', '1731147747500930', '17-oct-2019', 'Y', 'PIT', 'CHI');
insert into Reservation values ('97406', '909886770', '3747', '6589616887069748', '20-nov-2019', 'Y', 'PIT', 'CHI');
insert into Reservation values ('84679', '665767100', '3573', '9322600372901668', '17-aug-2016', 'Y', 'PIT', 'CHI');
insert into Reservation values ('63983', '445788392', '1666', '9412171753409056', '6-nov-2018', 'N', 'PIT', 'CHI');
insert into Reservation values ('46602', '915218629', '2610', '7081394666382140', '7-feb-2019', 'Y', 'PIT', 'CHI');
insert into Reservation values ('89174', '866160350', '4780', '2930841340505928', '2-jun-2019', 'Y', 'PIT', 'CHI');
insert into Reservation values ('12409', '774774170', '4348', '5113593840305948', '22-may-2017', 'Y', 'PIT', 'CHI');
insert into Reservation values ('35040', '852290813', '2915', '9381345904283078', '4-jun-2017', 'N', 'PIT', 'CHI');
insert into Reservation values ('93160', '696549920', '4989', '5688137007349126', '17-jul-2018', 'N', 'PIT', 'CHI');
insert into Reservation values ('75060', '732487947', '1804', '8214090058144411', '11-sep-2017', 'Y', 'PIT', 'CHI');
insert into Reservation values ('56967', '328609820', '4335', '5368303448304545', '19-jul-2019', 'Y', 'PIT', 'CHI');
insert into Reservation values ('51246', '327073177', '2199', '1463094540516000', '20-jul-2017', 'N', 'PIT', 'CHI');
insert into Reservation values ('43962', '666787271', '1430', '8757173108753791', '18-oct-2016', 'Y', 'PIT', 'CHI');
insert into Reservation values ('97954', '311117894', '1741', '6801589828606374', '2-nov-2017', 'N', 'PIT', 'CHI');
insert into Reservation values ('40631', '434327207', '2319', '6459323984874664', '3-feb-2018', 'N', 'PIT', 'CHI');
insert into Reservation values ('25339', '953488816', '688', '1421227752534973', '10-oct-2016', 'N', 'PIT', 'CHI');
insert into Reservation values ('48150', '760755909', '4403', '2084600432101310', '20-sep-2017', 'Y', 'PIT', 'CHI');
insert into Reservation values ('59444', '120601324', '2454', '9799050212684908', '21-jul-2017', 'Y', 'PIT', 'CHI');
insert into Reservation values ('11678', '523662872', '3188', '3695279877344929', '16-nov-2019', 'N', 'PIT', 'CHI');
insert into Reservation values ('56731', '326704726', '3227', '3524538990678209', '12-jan-2016', 'N', 'PIT', 'CHI');
insert into Reservation values ('42894', '444844837', '4838', '6197154515499524', '26-aug-2016', 'Y', 'PIT', 'CHI');
insert into Reservation values ('16335', '803728312', '2345', '2734734648790538', '25-jan-2017', 'N', 'PIT', 'CHI');
insert into Reservation values ('94142', '304617467', '3606', '6911099379886611', '4-nov-2017', 'N', 'PIT', 'CHI');
insert into Reservation values ('18736', '546882117', '3132', '5845322803084502', '7-dec-2016', 'N', 'PIT', 'CHI');
insert into Reservation values ('12679', '811118450', '3048', '7374437970068431', '2-dec-2016', 'N', 'PIT', 'CHI');
insert into Reservation values ('54314', '366595923', '1682', '2009813555142560', '14-nov-2019', 'N', 'PIT', 'CHI');
insert into Reservation values ('75984', '476772328', '1732', '1401662624639507', '1-apr-2018', 'Y', 'PIT', 'CHI');
insert into Reservation values ('39866', '801635361', '1032', '3134487995649132', '10-aug-2016', 'Y', 'PIT', 'CHI');
insert into Reservation values ('99731', '692689198', '1835', '1389023399138890', '27-mar-2017', 'N', 'PIT', 'CHI');
insert into Reservation values ('10220', '128249346', '609', '7875925295595740', '3-oct-2016', 'Y', 'PIT', 'CHI');
insert into Reservation values ('17153', '517743894', '4177', '6653397326715737', '23-dec-2018', 'N', 'PIT', 'CHI');
insert into Reservation values ('66192', '707720642', '2390', '6004924298645400', '11-aug-2018', 'Y', 'PIT', 'CHI');
insert into Reservation values ('43975', '151902296', '1644', '9145558287220490', '9-jan-2016', 'N', 'PIT', 'CHI');
insert into Reservation values ('74849', '693356292', '746', '4919948390661099', '1-mar-2019', 'Y', 'PIT', 'CHI');
insert into Reservation values ('22110', '742237601', '3890', '9843712701227640', '12-oct-2019', 'N', 'PIT', 'CHI');
insert into Reservation values ('47250', '526802942', '1340', '4926841578363399', '8-mar-2019', 'N', 'PIT', 'CHI');
insert into Reservation values ('74844', '750638096', '2562', '2453247191387195', '14-apr-2016', 'N', 'PIT', 'CHI');
insert into Reservation values ('78590', '405216589', '3332', '5288068923846528', '26-feb-2016', 'Y', 'PIT', 'CHI');
insert into Reservation values ('86073', '228370868', '2191', '9491400307132114', '9-oct-2018', 'Y', 'PIT', 'CHI');
insert into Reservation values ('34146', '151600947', '734', '7068759149537070', '19-dec-2016', 'Y', 'PIT', 'CHI');
insert into Reservation values ('71963', '964534175', '525', '7585238687416438', '28-nov-2017', 'N', 'PIT', 'CHI');
insert into Reservation values ('78016', '613419669', '3399', '7095552581960764', '24-feb-2018', 'N', 'PIT', 'CHI');
insert into Reservation values ('94665', '213325797', '2011', '9726628426638659', '9-jan-2016', 'N', 'PIT', 'CHI');
insert into Reservation values ('49144', '561231837', '2744', '2610657452316436', '4-apr-2017', 'Y', 'PIT', 'CHI');
insert into Reservation values ('65174', '607731177', '2462', '7866897230774362', '27-jan-2017', 'N', 'PIT', 'CHI');
insert into Reservation values ('42931', '219601950', '410', '2778676942330813', '28-aug-2019', 'N', 'PIT', 'CHI');
insert into Reservation values ('29218', '609419036', '972', '5961288988025519', '14-aug-2017', 'N', 'PIT', 'CHI');
insert into Reservation values ('73755', '677143727', '3034', '8731728202218172', '9-mar-2016', 'Y', 'PIT', 'CHI');
insert into Reservation values ('73597', '730419755', '2885', '5833177095580734', '25-nov-2019', 'N', 'PIT', 'CHI');
insert into Reservation values ('65050', '145354565', '3649', '5806401063534155', '21-aug-2018', 'Y', 'PIT', 'CHI');
insert into Reservation values ('68426', '479492042', '769', '5125477868224025', '17-jun-2019', 'Y', 'PIT', 'CHI');
insert into Reservation values ('19033', '642815005', '4007', '5446479298300804', '6-dec-2019', 'Y', 'PIT', 'CHI');
insert into Reservation values ('23942', '364058476', '1515', '5183077130424484', '7-sep-2018', 'N', 'PIT', 'CHI');
insert into Reservation values ('91840', '168614442', '3639', '5844743009676283', '12-oct-2018', 'N', 'PIT', 'CHI');
insert into Reservation values ('83799', '511113167', '32', '5707023830113508', '10-oct-2017', 'Y', 'PIT', 'CHI');
insert into Reservation values ('69927', '120434452', '2332', '7461617488683987', '8-aug-2016', 'N', 'PIT', 'CHI');
insert into Reservation values ('64210', '667729658', '3015', '2967431687206341', '14-jan-2016', 'N', 'PIT', 'CHI');
insert into Reservation values ('88922', '597516903', '2791', '2998322678949371', '13-jan-2017', 'Y', 'PIT', 'CHI');
insert into Reservation values ('89405', '219668372', '1594', '1064923845096039', '28-nov-2019', 'Y', 'PIT', 'CHI');
insert into Reservation values ('24747', '512050510', '693', '7228698807282862', '5-may-2018', 'N', 'PIT', 'CHI');
insert into Reservation values ('53204', '477179478', '1609', '2659347782091644', '9-jun-2018', 'N', 'PIT', 'CHI');
insert into Reservation values ('55154', '172092779', '17', '6026560941094320', '3-dec-2018', 'Y', 'PIT', 'CHI');
insert into Reservation values ('70124', '150135168', '377', '1905617614593833', '4-nov-2017', 'N', 'PIT', 'CHI');
insert into Reservation values ('27031', '719293968', '782', '4306092495049420', '5-mar-2019', 'Y', 'PIT', 'CHI');
insert into Reservation values ('69549', '505804641', '1193', '3069494099393436', '21-aug-2019', 'N', 'PIT', 'CHI');
insert into Reservation values ('47181', '909168035', '729', '9546378783911944', '1-may-2018', 'Y', 'PIT', 'CHI');
insert into Reservation values ('70771', '973110005', '387', '8231071672799920', '14-oct-2019', 'N', 'PIT', 'CHI');
insert into Reservation values ('57642', '128823479', '300', '2671973597461114', '3-mar-2017', 'Y', 'PIT', 'CHI');
insert into Reservation values ('86519', '898336014', '2990', '6439379289857273', '13-nov-2016', 'Y', 'PIT', 'CHI');
insert into Reservation values ('35853', '329636093', '3638', '9188241118800222', '20-dec-2017', 'Y', 'PIT', 'CHI');
insert into Reservation values ('32940', '813607675', '3535', '1302469679245963', '28-jan-2017', 'N', 'PIT', 'CHI');
insert into Reservation values ('24221', '519241419', '1607', '5856597807187674', '23-feb-2019', 'N', 'PIT', 'CHI');
insert into Reservation values ('17600', '893168322', '4693', '8463832307201230', '19-aug-2017', 'N', 'PIT', 'CHI');
insert into Reservation values ('35339', '824387718', '3286', '6518654756584276', '17-sep-2018', 'Y', 'PIT', 'CHI');
insert into Reservation values ('84019', '250830741', '4814', '9466820035588813', '11-apr-2019', 'Y', 'PIT', 'CHI');
insert into Reservation values ('35997', '533497880', '4502', '3739326294863358', '25-dec-2016', 'N', 'PIT', 'CHI');
insert into Reservation values ('55787', '581709552', '1801', '3413913753985083', '27-feb-2018', 'Y', 'PIT', 'CHI');
insert into Reservation values ('59752', '431053297', '2389', '3455351104683144', '1-aug-2019', 'N', 'PIT', 'CHI');
insert into Reservation values ('86163', '220657728', '4950', '1256320358241105', '10-apr-2018', 'Y', 'PIT', 'CHI');
insert into Reservation values ('60607', '399289973', '646', '6990789019910898', '23-jan-2018', 'Y', 'PIT', 'CHI');
insert into Reservation values ('33724', '125177088', '3080', '3599636912911005', '20-may-2016', 'Y', 'PIT', 'CHI');
insert into Reservation values ('11855', '828968479', '1757', '1547267758855049', '7-aug-2016', 'N', 'PIT', 'CHI');
insert into Reservation values ('99192', '336183597', '4544', '3205922750228822', '17-jan-2017', 'N', 'PIT', 'CHI');
insert into Reservation values ('46027', '279436268', '1730', '2533233978700652', '24-jul-2016', 'Y', 'PIT', 'CHI');
insert into Reservation values ('39001', '821873701', '3448', '7037815620059823', '27-jun-2018', 'Y', 'PIT', 'CHI');
insert into Reservation values ('34598', '622444637', '3575', '5747534522725819', '26-jul-2018', 'Y', 'PIT', 'CHI');
insert into Reservation values ('13483', '414275772', '4750', '6208885269345988', '16-jan-2019', 'Y', 'PIT', 'CHI');
insert into Reservation values ('95473', '651015610', '3635', '5492663192638964', '24-may-2018', 'Y', 'PIT', 'CHI');
insert into Reservation values ('46106', '623181552', '2579', '2293488372241304', '23-apr-2017', 'N', 'PIT', 'CHI');
insert into Reservation values ('10861', '260462355', '4211', '3301046009490273', '24-may-2019', 'N', 'PIT', 'CHI');
insert into Reservation values ('35526', '173403827', '3893', '2197092174570442', '24-feb-2016', 'Y', 'PIT', 'CHI');
insert into Reservation values ('35242', '907222846', '1191', '6626683962488302', '16-apr-2017', 'N', 'PIT', 'CHI');
insert into Reservation values ('62420', '849978958', '4683', '9262184482695519', '17-apr-2017', 'Y', 'PIT', 'CHI');
insert into Reservation values ('18442', '900911815', '4021', '6829740611884041', '3-aug-2017', 'N', 'PIT', 'CHI');
insert into Reservation values ('35894', '359380077', '4451', '2668832741030082', '16-feb-2019', 'N', 'PIT', 'CHI');
insert into Reservation values ('12559', '531383102', '2450', '3751753182073225', '15-nov-2017', 'Y', 'PIT', 'CHI');
insert into Reservation values ('25924', '105114069', '1564', '1814379389385099', '4-aug-2019', 'Y', 'PIT', 'CHI');
insert into Reservation values ('29283', '888822623', '1720', '6798313507593988', '9-nov-2017', 'Y', 'PIT', 'CHI');
insert into Reservation values ('37578', '801422976', '4701', '4940678425038088', '3-mar-2016', 'Y', 'PIT', 'CHI');
insert into Reservation values ('51374', '730357751', '4268', '4976643882046606', '24-feb-2019', 'Y', 'PIT', 'CHI');
insert into Reservation values ('60397', '957180126', '1625', '3098803064597859', '10-aug-2018', 'Y', 'PIT', 'CHI');
insert into Reservation values ('52714', '512076151', '1237', '9105316851921541', '26-jul-2018', 'Y', 'PIT', 'CHI');
insert into Reservation values ('77569', '871648493', '2152', '7927889326970926', '2-jun-2019', 'N', 'PIT', 'CHI');
insert into Reservation values ('62304', '549793325', '1393', '5413556202038028', '15-mar-2019', 'N', 'PIT', 'CHI');
insert into Reservation values ('43132', '811701921', '656', '2333992432624449', '25-jul-2017', 'N', 'PIT', 'CHI');
insert into Reservation values ('32003', '280770663', '2027', '1692188371466300', '8-aug-2018', 'Y', 'PIT', 'CHI');
insert into Reservation values ('79021', '279424116', '444', '1992899706990436', '12-nov-2016', 'Y', 'PIT', 'CHI');
insert into Reservation values ('79620', '753964431', '527', '8898579003863237', '10-jul-2018', 'Y', 'PIT', 'CHI');
insert into Reservation values ('12753', '617672685', '4943', '9132610912845521', '12-oct-2017', 'N', 'PIT', 'CHI');
insert into Reservation values ('20214', '288897440', '1039', '8659913571167963', '8-aug-2019', 'N', 'PIT', 'CHI');
insert into Reservation values ('75170', '333126330', '3104', '5137173443707473', '1-jan-2018', 'Y', 'PIT', 'CHI');
insert into Reservation values ('52962', '584667258', '1906', '1755854917747410', '12-sep-2017', 'N', 'PIT', 'CHI');
insert into Reservation values ('75399', '435878068', '1864', '2092681798160237', '10-jul-2018', 'N', 'PIT', 'CHI');
insert into Reservation values ('24962', '103663657', '4456', '4189393894181257', '25-may-2019', 'Y', 'PIT', 'CHI');
insert into Reservation values ('89410', '518261471', '3369', '4997758402499547', '2-jun-2017', 'N', 'PIT', 'CHI');
insert into Reservation values ('31100', '928672384', '842', '5692549520667934', '19-nov-2018', 'Y', 'PIT', 'CHI');
insert into Reservation values ('15458', '830791740', '3892', '7420613474422153', '23-may-2018', 'N', 'PIT', 'CHI');
insert into Reservation values ('22998', '521823833', '4340', '6194096735119705', '20-sep-2019', 'N', 'PIT', 'CHI');
insert into Reservation values ('78516', '988318406', '3986', '7902611049481990', '21-sep-2016', 'N', 'PIT', 'CHI');
insert into Reservation values ('66905', '313329916', '2347', '4412899733039697', '22-jun-2019', 'N', 'PIT', 'CHI');
insert into Reservation values ('55816', '974215503', '2124', '9538302730634035', '1-oct-2018', 'N', 'PIT', 'CHI');
insert into Reservation values ('83806', '916041232', '3345', '8978365751403400', '13-mar-2016', 'N', 'PIT', 'CHI');
insert into Reservation values ('63703', '770008829', '2295', '6811171408133773', '19-nov-2017', 'Y', 'PIT', 'CHI');
insert into Reservation values ('87434', '175202120', '2256', '4983730036894233', '24-sep-2019', 'Y', 'PIT', 'CHI');
insert into Reservation values ('72119', '307606048', '2733', '8705400439252111', '2-dec-2019', 'N', 'PIT', 'CHI');
insert into Reservation values ('14539', '576516050', '210', '1286700014846560', '26-oct-2016', 'N', 'PIT', 'CHI');
insert into Reservation values ('89190', '576455276', '718', '4417359843848362', '21-dec-2019', 'Y', 'PIT', 'CHI');
insert into Reservation values ('95791', '468326726', '537', '9485347819439072', '14-aug-2018', 'Y', 'PIT', 'CHI');
insert into Reservation values ('41718', '658115333', '2118', '7797140419151073', '11-dec-2019', 'Y', 'PIT', 'CHI');
insert into Reservation values ('49279', '357961120', '4298', '1533028041772498', '1-may-2017', 'Y', 'PIT', 'CHI');
insert into Reservation values ('35295', '760475993', '2706', '3057819177249247', '24-may-2018', 'N', 'PIT', 'CHI');
insert into Reservation values ('29737', '262487167', '4620', '4387523203345817', '13-apr-2018', 'N', 'PIT', 'CHI');
insert into Reservation values ('63373', '381261573', '3734', '8963552711656935', '10-oct-2016', 'N', 'PIT', 'CHI');
insert into Reservation values ('44604', '862750525', '2279', '4599291485848377', '6-feb-2018', 'Y', 'PIT', 'CHI');
insert into Reservation values ('40124', '572806223', '4633', '2724429064784396', '17-jun-2018', 'N', 'PIT', 'CHI');
insert into Reservation values ('30436', '808672132', '2109', '7810357886785527', '19-may-2018', 'Y', 'PIT', 'CHI');
insert into Reservation values ('58898', '265463159', '2990', '4153934610449401', '9-aug-2019', 'N', 'PIT', 'CHI');
insert into Reservation values ('58710', '327803372', '4113', '4336951435525179', '25-apr-2017', 'Y', 'PIT', 'CHI');
insert into Reservation values ('59718', '615632163', '1448', '8705420317576975', '12-jul-2018', 'Y', 'PIT', 'CHI');
insert into Reservation values ('68496', '676201215', '3682', '7557219937348971', '1-jul-2017', 'N', 'PIT', 'CHI');
insert into Reservation values ('96242', '588996830', '4837', '2736299617784367', '20-sep-2016', 'Y', 'PIT', 'CHI');
insert into Reservation values ('32181', '313286663', '1769', '5957214170616306', '15-feb-2018', 'N', 'PIT', 'CHI');
insert into Reservation values ('31399', '686881350', '4507', '1467804021729682', '22-apr-2016', 'Y', 'PIT', 'CHI');
insert into Reservation values ('59150', '439573459', '3169', '9035301346568839', '23-nov-2019', 'Y', 'PIT', 'CHI');
insert into Reservation values ('10476', '418656256', '2306', '4520902260389931', '23-sep-2018', 'N', 'PIT', 'CHI');
insert into Reservation values ('82330', '802594153', '1833', '5797443256536705', '9-may-2017', 'N', 'PIT', 'CHI');
insert into Reservation values ('94097', '950053090', '3861', '3846282007779489', '20-nov-2018', 'N', 'PIT', 'CHI');
insert into Reservation values ('43014', '554865576', '4144', '9048060457466566', '2-mar-2016', 'Y', 'PIT', 'CHI');
insert into Reservation values ('70051', '136750374', '3155', '8846827834604245', '15-apr-2019', 'Y', 'PIT', 'CHI');
insert into Reservation values ('78455', '955900996', '846', '9572659997583940', '19-mar-2017', 'Y', 'PIT', 'CHI');
insert into Reservation values ('87931', '991388116', '3536', '6111903576981802', '17-jun-2016', 'N', 'PIT', 'CHI');
insert into Reservation values ('82448', '773737834', '1257', '4174063805972929', '17-feb-2017', 'Y', 'PIT', 'CHI');
insert into Reservation values ('67012', '844731920', '1299', '5438586884531066', '1-aug-2016', 'N', 'PIT', 'CHI');
insert into Reservation values ('63593', '989722100', '3204', '8392150661905561', '10-sep-2017', 'Y', 'PIT', 'CHI');
insert into Reservation values ('80791', '767667531', '4311', '7369470394693936', '8-jun-2018', 'Y', 'PIT', 'CHI');
insert into Reservation values ('34586', '736555039', '4844', '3477866739548480', '4-may-2019', 'Y', 'PIT', 'CHI');
insert into Reservation values ('40976', '189283019', '4313', '4660934204389289', '9-nov-2018', 'Y', 'PIT', 'CHI');
insert into Reservation values ('28110', '658405618', '4569', '4280840203999070', '4-feb-2017', 'N', 'PIT', 'CHI');
insert into Reservation values ('44360', '324462385', '3152', '1129147826129436', '10-aug-2017', 'N', 'PIT', 'CHI');
insert into Reservation values ('15969', '568420331', '2823', '3550942556983356', '20-mar-2019', 'N', 'PIT', 'CHI');
insert into Reservation values ('90947', '929651176', '4492', '4660160604662110', '9-sep-2018', 'N', 'PIT', 'CHI');
insert into Reservation values ('68844', '484472584', '4754', '3020855216313203', '13-apr-2019', 'N', 'PIT', 'CHI');
insert into Reservation values ('37341', '405501271', '4808', '6059088091312032', '8-jul-2017', 'Y', 'PIT', 'CHI');
insert into Reservation values ('68858', '954613031', '618', '9796092827227378', '8-jun-2017', 'N', 'PIT', 'CHI');
insert into Reservation values ('18324', '524306274', '4063', '1140669897308840', '27-oct-2016', 'Y', 'PIT', 'CHI');
insert into Reservation values ('52008', '841770933', '398', '4477222018008078', '22-may-2016', 'Y', 'PIT', 'CHI');
insert into Reservation values ('22151', '609739975', '3897', '6794066359479459', '23-apr-2019', 'N', 'PIT', 'CHI');
insert into Reservation values ('88763', '382596623', '19', '8286677576576877', '13-oct-2016', 'N', 'PIT', 'CHI');
insert into Reservation values ('79922', '801412205', '2550', '5383466981543114', '4-may-2017', 'N', 'PIT', 'CHI');
insert into Reservation values ('69743', '820188401', '2368', '9159484951126175', '4-jul-2018', 'N', 'PIT', 'CHI');
insert into Reservation values ('93333', '525469101', '414', '4089730209718947', '13-dec-2016', 'Y', 'PIT', 'CHI');
insert into Reservation values ('20470', '448444167', '11', '7999034032398500', '24-dec-2018', 'Y', 'PIT', 'CHI');
insert into Reservation values ('76342', '323790739', '123', '7796689389035886', '13-mar-2018', 'Y', 'PIT', 'CHI');
insert into Reservation values ('55046', '692713901', '1445', '7776411787099543', '10-jul-2016', 'Y', 'PIT', 'CHI');
insert into Reservation values ('75231', '598731354', '3810', '5727339735965487', '22-jun-2016', 'N', 'PIT', 'CHI');
insert into Reservation values ('78263', '600944513', '4942', '9873796796802698', '1-apr-2019', 'N', 'PIT', 'CHI');
insert into Reservation values ('46430', '977921146', '4154', '2039245718337716', '14-oct-2016', 'Y', 'PIT', 'CHI');
insert into Reservation values ('60481', '740732040', '3817', '9353909442401570', '19-mar-2019', 'Y', 'PIT', 'CHI');
insert into Reservation values ('16023', '308316573', '4473', '7012799790804186', '16-apr-2018', 'N', 'PIT', 'CHI');
insert into Reservation values ('59017', '431146086', '4338', '8145978489279958', '28-apr-2017', 'N', 'PIT', 'CHI');
insert into Reservation values ('88746', '639273953', '3610', '4718376655692189', '23-aug-2017', 'Y', 'PIT', 'CHI');
insert into Reservation values ('13469', '171345115', '3213', '7278334398441783', '10-feb-2019', 'N', 'PIT', 'CHI');
insert into Reservation values ('22391', '657902927', '4279', '7628506363795388', '10-nov-2017', 'Y', 'PIT', 'CHI');
insert into Reservation values ('49975', '799717345', '3092', '2839262231238730', '15-sep-2018', 'Y', 'PIT', 'CHI');
insert into Reservation values ('21519', '423587073', '2905', '7327849621900875', '10-oct-2016', 'N', 'PIT', 'CHI');
insert into Reservation values ('14070', '898045501', '4118', '8450957660426875', '25-jun-2016', 'Y', 'PIT', 'CHI');
insert into Reservation values ('21335', '524937495', '4107', '8797160732030362', '3-oct-2016', 'Y', 'PIT', 'CHI');
insert into Reservation values ('78701', '440785502', '3516', '8998227191623397', '12-jan-2018', 'N', 'PIT', 'CHI');
insert into Reservation values ('88593', '932070316', '3395', '5280674184707837', '9-jan-2019', 'Y', 'PIT', 'CHI');
insert into Reservation values ('36879', '906601538', '1545', '4079878774946460', '1-nov-2019', 'Y', 'PIT', 'CHI');
insert into Reservation values ('26363', '469150306', '2451', '7640425974248916', '7-apr-2016', 'Y', 'PIT', 'CHI');
insert into Reservation values ('88149', '780718038', '4853', '5386131190708200', '24-jul-2016', 'N', 'PIT', 'CHI');
insert into Reservation values ('89854', '437503117', '2524', '1506974375425562', '2-dec-2018', 'Y', 'PIT', 'CHI');
insert into Reservation values ('35583', '216900708', '1545', '2207264825856650', '21-dec-2019', 'Y', 'PIT', 'CHI');
insert into Reservation values ('83410', '294341120', '2622', '6183227618877675', '19-nov-2018', 'Y', 'PIT', 'CHI');
insert into Reservation values ('13055', '367965908', '3480', '6902790135685787', '19-jun-2016', 'Y', 'PIT', 'CHI');
insert into Reservation values ('90940', '599318887', '3799', '5888599838623632', '24-may-2018', 'N', 'PIT', 'CHI');
insert into Reservation values ('72931', '982308659', '3886', '5644165355775912', '17-jan-2018', 'Y', 'PIT', 'CHI');
insert into Reservation values ('96890', '337816705', '3521', '6930875647619598', '19-jul-2018', 'N', 'PIT', 'CHI');
insert into Reservation values ('24259', '856798965', '4777', '2099936536183686', '4-mar-2016', 'Y', 'PIT', 'CHI');
insert into Reservation values ('22792', '792262139', '3288', '2846649464989702', '4-dec-2019', 'N', 'PIT', 'CHI');
insert into Reservation values ('54618', '363005505', '117', '1362037884144555', '25-feb-2016', 'Y', 'PIT', 'CHI');
insert into Reservation values ('41306', '173915688', '446', '3831425503638822', '14-feb-2018', 'N', 'PIT', 'CHI');
insert into Reservation values ('54945', '295754737', '2583', '7829903823394598', '17-jun-2017', 'Y', 'PIT', 'CHI');
insert into Reservation values ('51356', '431457147', '2739', '2729883141437523', '5-oct-2017', 'Y', 'PIT', 'CHI');
insert into Reservation values ('78032', '144387256', '3206', '3969166830976530', '25-nov-2018', 'N', 'PIT', 'CHI');
insert into Reservation values ('21534', '600829740', '4184', '5633405816383915', '3-feb-2017', 'N', 'PIT', 'CHI');
insert into Reservation values ('48837', '394809648', '209', '5246497575191571', '10-jun-2019', 'N', 'PIT', 'CHI');
insert into Reservation values ('88661', '555652611', '503', '8033019141694192', '24-jan-2018', 'Y', 'PIT', 'CHI');
insert into Reservation values ('99327', '360018189', '2458', '6692518034185347', '6-nov-2016', 'Y', 'PIT', 'CHI');
insert into Reservation values ('23929', '936450375', '4775', '8240735470571978', '7-may-2016', 'Y', 'PIT', 'CHI');
insert into Reservation values ('70149', '237228178', '3798', '1408951449178292', '4-aug-2018', 'Y', 'PIT', 'CHI');
insert into Reservation values ('30647', '924573224', '1187', '6313450675267127', '28-jan-2018', 'N', 'PIT', 'CHI');
insert into Reservation values ('93739', '389345072', '4090', '6850450054681753', '28-jul-2018', 'N', 'PIT', 'CHI');
insert into Reservation values ('25463', '540117556', '35', '5463377944610451', '10-apr-2018', 'Y', 'PIT', 'CHI');
insert into Reservation values ('63378', '619687242', '4235', '2131893172156211', '24-jan-2018', 'Y', 'PIT', 'CHI');
insert into Reservation values ('19664', '939415987', '1734', '2485800377949549', '20-oct-2018', 'Y', 'PIT', 'CHI');
insert into Reservation values ('18458', '888022496', '3251', '8573920394515572', '4-aug-2019', 'Y', 'PIT', 'CHI');
insert into Reservation values ('27524', '962691841', '959', '8570330056512501', '13-may-2018', 'N', 'PIT', 'CHI');
insert into Reservation values ('64637', '501211974', '3087', '9480499077089572', '23-jan-2016', 'N', 'PIT', 'CHI');
insert into Reservation values ('21960', '730434817', '1077', '5815572228522319', '7-nov-2018', 'N', 'PIT', 'CHI');
insert into Reservation values ('46576', '155289442', '4432', '8164188853041495', '9-mar-2019', 'Y', 'PIT', 'CHI');
insert into Reservation values ('64286', '600982196', '4786', '9906461234011850', '23-nov-2019', 'N', 'PIT', 'CHI');
insert into Reservation values ('65747', '591075009', '2030', '7202990449857928', '28-oct-2016', 'N', 'PIT', 'CHI');
insert into Reservation values ('16175', '203388505', '1317', '8906676285089914', '16-jun-2018', 'Y', 'PIT', 'CHI');
insert into Reservation values ('77049', '390345976', '2908', '9095474819626831', '16-mar-2017', 'Y', 'PIT', 'CHI');
insert into Reservation values ('66738', '583000546', '91', '7350730535830025', '18-aug-2016', 'N', 'PIT', 'CHI');
insert into Reservation values ('99388', '858007597', '2335', '4409963021365482', '21-aug-2017', 'N', 'PIT', 'CHI');
insert into Reservation values ('90195', '790701787', '4522', '4451732330425567', '10-oct-2017', 'Y', 'PIT', 'CHI');
insert into Reservation values ('39445', '354019971', '2721', '4662925719473148', '8-may-2019', 'N', 'PIT', 'CHI');
insert into Reservation values ('24575', '707192814', '650', '5783160950231005', '5-jun-2019', 'N', 'PIT', 'CHI');
insert into Reservation values ('12970', '826853806', '3673', '8446794971139496', '10-may-2018', 'N', 'PIT', 'CHI');


--Airline sample data

insert into Airline values ('001', 'United Airlines', 'UAL', 1931);
insert into Airline values ('002', 'Delta Airlines', 'DAL', 1931);
insert into Airline values ('003', 'American Airlines', 'AME', 1931);
insert into Airline values ('004', 'Northwest Airlines', 'NWA', 1931);
insert into Airline values ('005', 'Southwest Airlines', 'SWA', 1931);
insert into Airline values ('006', 'Fronteir Airlines', 'FAL', 1931);
insert into Airline values ('007', 'Malaysia Airlines', 'MAL', 1931);
insert into Airline values ('008', 'Emirates Airlines', 'EAL', 1931);
insert into Airline values ('009', 'Alaska Airlines', 'AAL', 1931);
insert into Airline values ('010', 'JetBlue', 'JTB', 1931);


--Plane sample data

insert into Plane values ('C00', 'Cessna', 127, '1-jun-1986', 1986, '001');
insert into Plane values ('C01', 'Cessna', 110, '18-dec-2000', 1986, '002');
insert into Plane values ('C02', 'Cessna', 134, '11-nov-1987', 1995, '003');
insert into Plane values ('C03', 'Cessna', 71, '25-sep-1999', 2000, '004');
insert into Plane values ('C04', 'Cessna', 219, '11-apr-2009', 1987, '005');
insert into Plane values ('C05', 'Cessna', 59, '16-oct-1996', 2007, '006');
insert into Plane values ('C06', 'Cessna', 186, '23-jun-1996', 1982, '007');
insert into Plane values ('C07', 'Cessna', 95, '14-feb-2010', 1975, '008');
insert into Plane values ('C08', 'Cessna', 184, '17-sep-2005', 1988, '009');
insert into Plane values ('C09', 'Cessna', 79, '12-jun-1997', 2010, '010');
insert into Plane values ('C010', 'Cessna', 193, '6-feb-2006', 1991, '001');
insert into Plane values ('C011', 'Cessna', 100, '24-nov-1986', 2001, '002');
insert into Plane values ('C012', 'Cessna', 222, '9-mar-1986', 1979, '003');
insert into Plane values ('C013', 'Cessna', 214, '10-nov-1988', 1985, '004');
insert into Plane values ('C014', 'Cessna', 181, '24-may-1991', 1972, '005');
insert into Plane values ('C015', 'Cessna', 111, '17-apr-2001', 1998, '006');
insert into Plane values ('C016', 'Cessna', 189, '9-aug-1989', 1984, '007');
insert into Plane values ('C017', 'Cessna', 125, '28-oct-2008', 1988, '008');
insert into Plane values ('C018', 'Cessna', 97, '3-aug-1998', 1984, '009');
insert into Plane values ('C019', 'Cessna', 116, '11-dec-2004', 2001, '010');
insert into Plane values ('C020', 'Cessna', 220, '28-mar-2008', 2010, '001');
insert into Plane values ('C021', 'Cessna', 66, '4-jun-2005', 1977, '002');
insert into Plane values ('C022', 'Cessna', 245, '20-sep-1990', 2002, '003');
insert into Plane values ('C023', 'Cessna', 231, '23-oct-2006', 1968, '004');
insert into Plane values ('C024', 'Cessna', 66, '21-sep-1999', 1987, '005');
insert into Plane values ('C025', 'Cessna', 108, '24-oct-1996', 1999, '006');
insert into Plane values ('C026', 'Cessna', 247, '24-jun-2003', 2010, '007');
insert into Plane values ('C027', 'Cessna', 114, '9-may-1994', 1971, '008');
insert into Plane values ('C028', 'Cessna', 104, '20-apr-2006', 1980, '009');
insert into Plane values ('C029', 'Cessna', 185, '9-jan-2001', 1998, '010');


--Flight sample data

insert into Flight values ('0', '001', 'C00', 'NY', 'PIT', '1812', '2354', 'SMTWTFS');
insert into Flight values ('1', '002', 'C01', 'PIT', 'BOS', '343', '856', 'SMTWTFS');
insert into Flight values ('2', '003', 'C02', 'BOS', 'CHI', '1641', '1990', 'SMTWTFS');
insert into Flight values ('3', '004', 'C03', 'CHI', 'LA', '1014', '1515', 'SMTWTFS');
insert into Flight values ('4', '005', 'C04', 'LA', 'MIL', '698', '1200', 'SMTWTFS');
insert into Flight values ('5', '006', 'C05', 'MIL', 'NY', '1688', '1850', 'SMTWTFS');
insert into Flight values ('6', '007', 'C06', 'NY', 'PIT', '1134', '1478', 'SMTWTFS');
insert into Flight values ('7', '008', 'C07', 'PIT', 'BOS', '722', '1196', 'SMTWTFS');
insert into Flight values ('8', '009', 'C08', 'BOS', 'CHI', '151', '394', 'SMTWTFS');
insert into Flight values ('9', '010', 'C09', 'CHI', 'LA', '1256', '2040', 'SMTWTFS');
insert into Flight values ('10', '001', 'C010', 'LA', 'MIL', '829', '1537', 'SMTWTFS');
insert into Flight values ('11', '002', 'C011', 'MIL', 'NY', '934', '1597', 'SMTWTFS');
insert into Flight values ('12', '003', 'C012', 'NY', 'PIT', '1697', '2109', 'SMTWTFS');
insert into Flight values ('13', '004', 'C013', 'PIT', 'BOS', '2013', '2787', 'SMTWTFS');
insert into Flight values ('14', '005', 'C014', 'BOS', 'CHI', '1684', '1961', 'SMTWTFS');
insert into Flight values ('15', '006', 'C015', 'CHI', 'LA', '691', '929', 'SMTWTFS');
insert into Flight values ('16', '007', 'C016', 'LA', 'MIL', '274', '757', 'SMTWTFS');
insert into Flight values ('17', '008', 'C017', 'MIL', 'NY', '816', '1198', 'SMTWTFS');
insert into Flight values ('18', '009', 'C018', 'NY', 'PIT', '1649', '1982', 'SMTWTFS');
insert into Flight values ('19', '010', 'C019', 'PIT', 'BOS', '1350', '1736', 'SMTWTFS');
insert into Flight values ('20', '001', 'C020', 'BOS', 'CHI', '910', '1480', 'SMTWTFS');
insert into Flight values ('21', '002', 'C021', 'CHI', 'LA', '1789', '2501', 'SMTWTFS');
insert into Flight values ('22', '003', 'C022', 'LA', 'MIL', '1647', '2271', 'SMTWTFS');
insert into Flight values ('23', '004', 'C023', 'MIL', 'NY', '269', '468', 'SMTWTFS');
insert into Flight values ('24', '005', 'C024', 'NY', 'PIT', '704', '838', 'SMTWTFS');
insert into Flight values ('25', '006', 'C025', 'PIT', 'BOS', '1139', '1731', 'SMTWTFS');
insert into Flight values ('26', '007', 'C026', 'BOS', 'CHI', '1804', '2565', 'SMTWTFS');
insert into Flight values ('27', '008', 'C027', 'CHI', 'LA', '615', '1061', 'SMTWTFS');
insert into Flight values ('28', '009', 'C028', 'LA', 'MIL', '1689', '1836', 'SMTWTFS');
insert into Flight values ('29', '010', 'C029', 'MIL', 'NY', '317', '1061', 'SMTWTFS');
insert into Flight values ('30', '001', 'C00', 'NY', 'PIT', '1509', '1957', 'SMTWTFS');
insert into Flight values ('31', '002', 'C01', 'PIT', 'BOS', '1615', '1736', 'SMTWTFS');
insert into Flight values ('32', '003', 'C02', 'BOS', 'CHI', '204', '785', 'SMTWTFS');
insert into Flight values ('33', '004', 'C03', 'CHI', 'LA', '2087', '2241', 'SMTWTFS');
insert into Flight values ('34', '005', 'C04', 'LA', 'MIL', '646', '1367', 'SMTWTFS');
insert into Flight values ('35', '006', 'C05', 'MIL', 'NY', '2274', '3009', 'SMTWTFS');
insert into Flight values ('36', '007', 'C06', 'NY', 'PIT', '1649', '2265', 'SMTWTFS');
insert into Flight values ('37', '008', 'C07', 'PIT', 'BOS', '672', '1047', 'SMTWTFS');
insert into Flight values ('38', '009', 'C08', 'BOS', 'CHI', '206', '394', 'SMTWTFS');
insert into Flight values ('39', '010', 'C09', 'CHI', 'LA', '1106', '1392', 'SMTWTFS');
insert into Flight values ('40', '001', 'C010', 'LA', 'MIL', '1280', '1849', 'SMTWTFS');
insert into Flight values ('41', '002', 'C011', 'MIL', 'NY', '1660', '2000', 'SMTWTFS');
insert into Flight values ('42', '003', 'C012', 'NY', 'PIT', '1166', '1538', 'SMTWTFS');
insert into Flight values ('43', '004', 'C013', 'PIT', 'BOS', '635', '950', 'SMTWTFS');
insert into Flight values ('44', '005', 'C014', 'BOS', 'CHI', '739', '1307', 'SMTWTFS');
insert into Flight values ('45', '006', 'C015', 'CHI', 'LA', '1869', '2457', 'SMTWTFS');
insert into Flight values ('46', '007', 'C016', 'LA', 'MIL', '623', '1084', 'SMTWTFS');
insert into Flight values ('47', '008', 'C017', 'MIL', 'NY', '808', '1077', 'SMTWTFS');
insert into Flight values ('48', '009', 'C018', 'NY', 'PIT', '1574', '1988', 'SMTWTFS');
insert into Flight values ('49', '010', 'C019', 'PIT', 'BOS', '562', '1094', 'SMTWTFS');
insert into Flight values ('50', '001', 'C020', 'BOS', 'CHI', '1943', '2174', 'SMTWTFS');
insert into Flight values ('51', '002', 'C021', 'CHI', 'LA', '1219', '1429', 'SMTWTFS');
insert into Flight values ('52', '003', 'C022', 'LA', 'MIL', '2093', '2823', 'SMTWTFS');
insert into Flight values ('53', '004', 'C023', 'MIL', 'NY', '2045', '2405', 'SMTWTFS');
insert into Flight values ('54', '005', 'C024', 'NY', 'PIT', '609', '1130', 'SMTWTFS');
insert into Flight values ('55', '006', 'C025', 'PIT', 'BOS', '1415', '2165', 'SMTWTFS');
insert into Flight values ('56', '007', 'C026', 'BOS', 'CHI', '357', '1079', 'SMTWTFS');
insert into Flight values ('57', '008', 'C027', 'CHI', 'LA', '946', '1535', 'SMTWTFS');
insert into Flight values ('58', '009', 'C028', 'LA', 'MIL', '1092', '1810', 'SMTWTFS');
insert into Flight values ('59', '010', 'C029', 'MIL', 'NY', '921', '1610', 'SMTWTFS');
insert into Flight values ('60', '001', 'C00', 'NY', 'PIT', '459', '881', 'SMTWTFS');
insert into Flight values ('61', '002', 'C01', 'PIT', 'BOS', '1560', '2004', 'SMTWTFS');
insert into Flight values ('62', '003', 'C02', 'BOS', 'CHI', '1675', '1932', 'SMTWTFS');
insert into Flight values ('63', '004', 'C03', 'CHI', 'LA', '1943', '2137', 'SMTWTFS');
insert into Flight values ('64', '005', 'C04', 'LA', 'MIL', '2181', '2540', 'SMTWTFS');
insert into Flight values ('65', '006', 'C05', 'MIL', 'NY', '580', '1227', 'SMTWTFS');
insert into Flight values ('66', '007', 'C06', 'NY', 'PIT', '695', '1231', 'SMTWTFS');
insert into Flight values ('67', '008', 'C07', 'PIT', 'BOS', '410', '1087', 'SMTWTFS');
insert into Flight values ('68', '009', 'C08', 'BOS', 'CHI', '2212', '2887', 'SMTWTFS');
insert into Flight values ('69', '010', 'C09', 'CHI', 'LA', '1599', '1735', 'SMTWTFS');
insert into Flight values ('70', '001', 'C010', 'LA', 'MIL', '2153', '2257', 'SMTWTFS');
insert into Flight values ('71', '002', 'C011', 'MIL', 'NY', '671', '813', 'SMTWTFS');
insert into Flight values ('72', '003', 'C012', 'NY', 'PIT', '1194', '1459', 'SMTWTFS');
insert into Flight values ('73', '004', 'C013', 'PIT', 'BOS', '384', '964', 'SMTWTFS');
insert into Flight values ('74', '005', 'C014', 'BOS', 'CHI', '416', '570', 'SMTWTFS');
insert into Flight values ('75', '006', 'C015', 'CHI', 'LA', '1088', '1345', 'SMTWTFS');
insert into Flight values ('76', '007', 'C016', 'LA', 'MIL', '1737', '1989', 'SMTWTFS');
insert into Flight values ('77', '008', 'C017', 'MIL', 'NY', '1891', '2131', 'SMTWTFS');
insert into Flight values ('78', '009', 'C018', 'NY', 'PIT', '1934', '2593', 'SMTWTFS');
insert into Flight values ('79', '010', 'C019', 'PIT', 'BOS', '2300', '2893', 'SMTWTFS');
insert into Flight values ('80', '001', 'C020', 'BOS', 'CHI', '1897', '2096', 'SMTWTFS');
insert into Flight values ('81', '002', 'C021', 'CHI', 'LA', '159', '906', 'SMTWTFS');
insert into Flight values ('82', '003', 'C022', 'LA', 'MIL', '844', '1003', 'SMTWTFS');
insert into Flight values ('83', '004', 'C023', 'MIL', 'NY', '2088', '2755', 'SMTWTFS');
insert into Flight values ('84', '005', 'C024', 'NY', 'PIT', '2316', '2966', 'SMTWTFS');
insert into Flight values ('85', '006', 'C025', 'PIT', 'BOS', '1937', '2605', 'SMTWTFS');
insert into Flight values ('86', '007', 'C026', 'BOS', 'CHI', '1184', '1828', 'SMTWTFS');
insert into Flight values ('87', '008', 'C027', 'CHI', 'LA', '544', '1017', 'SMTWTFS');
insert into Flight values ('88', '009', 'C028', 'LA', 'MIL', '1356', '2035', 'SMTWTFS');
insert into Flight values ('89', '010', 'C029', 'MIL', 'NY', '840', '1599', 'SMTWTFS');
insert into Flight values ('90', '001', 'C00', 'NY', 'PIT', '300', '758', 'SMTWTFS');
insert into Flight values ('91', '002', 'C01', 'PIT', 'BOS', '2020', '2594', 'SMTWTFS');
insert into Flight values ('92', '003', 'C02', 'BOS', 'CHI', '1824', '1979', 'SMTWTFS');
insert into Flight values ('93', '004', 'C03', 'CHI', 'LA', '260', '643', 'SMTWTFS');
insert into Flight values ('94', '005', 'C04', 'LA', 'MIL', '231', '934', 'SMTWTFS');
insert into Flight values ('95', '006', 'C05', 'MIL', 'NY', '897', '1481', 'SMTWTFS');
insert into Flight values ('96', '007', 'C06', 'NY', 'PIT', '2235', '3005', 'SMTWTFS');
insert into Flight values ('97', '008', 'C07', 'PIT', 'BOS', '1880', '2435', 'SMTWTFS');
insert into Flight values ('98', '009', 'C08', 'BOS', 'CHI', '838', '1534', 'SMTWTFS');
insert into Flight values ('99', '010', 'C09', 'CHI', 'LA', '1502', '2207', 'SMTWTFS');
